iter	RMSE
0	0.3886812638
1	0.3831733726
2	0.3776516464
3	0.3721822299
4	0.3669594254
5	0.3617711772
6	0.3565508168
7	0.3514937722
8	0.346665064
9	0.3420180727
10	0.3377009058
11	0.3331530881
12	0.3287103482
13	0.3243033203
14	0.3199854708
15	0.3159772347
16	0.3120681636
17	0.3080595961
18	0.3039057578
19	0.2998629733
20	0.2959737166
21	0.2921545796
22	0.2883995803
23	0.2847563529
24	0.2811514057
25	0.2776680136
26	0.2740696239
27	0.2706589829
28	0.2673545839
29	0.264168887
30	0.2609929145
31	0.2577827478
32	0.2547376254
33	0.2519216898
34	0.2490117646
35	0.2461904294
36	0.243408446
37	0.2406631742
38	0.2380289773
39	0.2353489567
40	0.2329692486
41	0.2305401364
42	0.2280363885
43	0.2256752034
44	0.2233254657
45	0.2212290379
46	0.219113891
47	0.2169390002
48	0.2148840141
49	0.2127366113
50	0.2106516705
51	0.2086998211
52	0.206739388
53	0.2046833687
54	0.2028785732
55	0.2010421487
56	0.1991243852
57	0.1971405514
58	0.1954379042
59	0.1936258794
60	0.1918765565
61	0.1900448441
62	0.1884314531
63	0.1866779548
64	0.1852635706
65	0.1836737371
66	0.1822237629
67	0.1807267253
68	0.1793694933
69	0.1780595983
70	0.1766748957
71	0.1752571912
72	0.17373957
73	0.1724755613
74	0.1712079435
75	0.1700196757
76	0.1688632186
77	0.1676056249
78	0.1663661756
79	0.1651411218
80	0.1638717233
81	0.1626886971
82	0.1616490399
83	0.1605829752
84	0.1594757295
85	0.1585979953
86	0.1575589747
87	0.1565470527
88	0.1555914997
89	0.1545919342
90	0.153798933
91	0.1529162945
92	0.1519563226
93	0.1511398282
94	0.1502816346
95	0.149454117
96	0.1485345241
97	0.1476328409
98	0.1468376618
99	0.1461041121
100	0.1453068056
101	0.1444458323
102	0.1436003945
103	0.142917231
104	0.1422654914
105	0.1415589375
106	0.1408208306
107	0.1401165435
108	0.1393998477
109	0.1386824155
110	0.1381429758
111	0.137439763
112	0.1369184396
113	0.1362886269
114	0.1357377764
115	0.1352513131
116	0.1346489139
117	0.1340634877
118	0.1334537093
119	0.1329585565
120	0.1323720038
121	0.1318109582
122	0.131217351
123	0.1307367231
124	0.1302774046
125	0.1297950072
126	0.1293355205
127	0.1288293511
128	0.1283432471
129	0.1279230893
130	0.1274594169
131	0.1270083726
132	0.1267510486
133	0.12631777
134	0.125886269
135	0.125426802
136	0.1250204711
137	0.1246103516
138	0.1242156598
139	0.1238259758
140	0.123513703
141	0.1230740872
142	0.1227723286
143	0.1224267473
144	0.122095751
145	0.1217832372
146	0.1214897486
147	0.1211352601
148	0.1208541071
149	0.1205325998
150	0.1202142595
151	0.1198785167
152	0.1195327539
153	0.119220766
154	0.1188708371
155	0.1185678322
156	0.1182759561
157	0.1179641696
158	0.1177041782
159	0.1174593933
160	0.1171596639
161	0.1169001493
162	0.1166658898
163	0.116398397
164	0.1161318505
165	0.1158349705
166	0.1155980753
167	0.1153854979
168	0.115172736
169	0.1149352273
170	0.1146669127
171	0.114405791
172	0.1142245734
173	0.1140007833
174	0.1137627418
175	0.1135221872
176	0.1132379697
177	0.1129417403
178	0.1127364957
179	0.1124979144
180	0.1123130692
181	0.1121460804
182	0.1119466708
183	0.1117120355
184	0.1115282241
185	0.1113099608
186	0.1111822713
187	0.1109058394
188	0.1107649338
189	0.1106229762
190	0.1104504556
191	0.1103107876
192	0.1101601512
193	0.1100522627
194	0.1098583314
195	0.1097050726
196	0.1094713345
197	0.1092781423
198	0.1091080186
199	0.1089307802
200	0.1087085837
201	0.1085557943
202	0.1084024748
203	0.1082576573
204	0.1081206342
205	0.1079829231
206	0.1078045957
207	0.1076946506
208	0.1075050303
209	0.1073785851
210	0.1072809871
211	0.1071314832
212	0.1070497699
213	0.1069612565
214	0.1068251251
215	0.1066964321
216	0.1066038366
217	0.1065214188
218	0.1063791029
219	0.1062796754
220	0.1061851684
221	0.1060508912
222	0.105913929
223	0.105802472
224	0.1056998173
225	0.1055543413
226	0.1054095046
227	0.1052300371
228	0.1051024742
229	0.1050017169
230	0.1049265039
231	0.1048267371
232	0.1047104563
233	0.1046038992
234	0.1044864988
235	0.1043498688
236	0.1042451954
237	0.1042007321
238	0.1041317154
239	0.1040661331
240	0.1038963957
241	0.1038080321
242	0.1037512382
243	0.1036564634
244	0.103590899
245	0.1034425204
246	0.1033790248
247	0.1032494176
248	0.1031350846
249	0.103114066
250	0.1029642001
251	0.1029019011
252	0.1028199747
253	0.102613267
254	0.1024953177
255	0.1024290987
256	0.1024134913
257	0.1023428119
258	0.1022644475
259	0.1021713375
260	0.1021056263
261	0.1019642758
262	0.1018616826
263	0.1017794965
264	0.1017525809
265	0.1016822915
266	0.101607625
267	0.101563697
268	0.101526788
269	0.1014592072
270	0.1013112311
271	0.1012636268
272	0.1012264795
273	0.1011775584
274	0.1011309283
275	0.1010815087
276	0.1009898161
277	0.1009688541
278	0.1009293403
279	0.1008473191
280	0.1007225535
281	0.1006944509
282	0.1006262497
283	0.1005333082
284	0.1005215039
285	0.1004220298
286	0.1003664148
287	0.1003251047
288	0.1002685674
289	0.1002353523
290	0.1002087028
291	0.1001458637
292	0.1000561427
293	0.09998811233
294	0.09986508949
295	0.09977780017
296	0.0997284851
297	0.09968489029
298	0.09956687977
299	0.09952133997
300	0.09948563578
301	0.09944210238
302	0.09939053961
303	0.09934105421
304	0.09930876402
305	0.09922354541
306	0.09918136418
307	0.09914196883
308	0.09905898429
309	0.09899635749
310	0.09898061577
311	0.09890035789
312	0.09886316308
313	0.09879110812
314	0.09867064213
315	0.09861102555
316	0.09857903002
317	0.09857428851
318	0.09848714846
319	0.0984332274
320	0.09842531183
321	0.09840649549
322	0.09837838782
323	0.09834240151
324	0.09828960097
325	0.09818194101
326	0.09816795769
327	0.09808885139
328	0.09804853223
329	0.09799039254
330	0.09796236551
331	0.09795101464
332	0.0979090005
333	0.09788304857
334	0.0978644135
335	0.09785165314
336	0.09780516258
337	0.09778095337
338	0.09776140425
339	0.09772807599
340	0.0976989597
341	0.09767778551
342	0.09764335466
343	0.09760261352
344	0.09752303747
345	0.09748853708
346	0.09747659494
347	0.09743708015
348	0.09734013179
349	0.09725536355
350	0.09723029339
351	0.09719711157
352	0.0971671826
353	0.09708668152
354	0.09703598757
355	0.09701776957
356	0.09700720597
357	0.09699109652
358	0.09697805286
359	0.09692415339
360	0.09691338862
361	0.09690661089
362	0.09689484421
363	0.09686483683
364	0.09685952436
365	0.09680915753
366	0.09677010146
367	0.0967074521
368	0.096693203
369	0.09665547422
370	0.09659474542
371	0.09657997244
372	0.09650091441
373	0.09643497819
374	0.09642612708
375	0.09639319174
376	0.09638955498
377	0.09637443426
378	0.09634253592
379	0.09614506592
380	0.09607161072
381	0.09600285087
382	0.09596442337
383	0.09580687384
384	0.09578616792
385	0.09575175421
386	0.09572669968
387	0.09570761442
388	0.09566879522
389	0.095654509
390	0.09563912409
391	0.09563281385
392	0.0955426986
393	0.09554106157
394	0.09553063857
395	0.09547679619
396	0.09546996207
397	0.09545236141
398	0.09542491615
399	0.095418413
400	0.09538368019
401	0.09537922118
402	0.09537414937
403	0.09535928625
404	0.09532580719
405	0.09531823129
406	0.09531592413
407	0.09528334009
408	0.09513237592
409	0.09509881698
410	0.09508394898
411	0.09505274763
412	0.09503422581
413	0.09502270465
414	0.09480997851
415	0.0947964663
416	0.09477380893
417	0.094771209
418	0.09475268193
419	0.09470951721
420	0.09461126979
421	0.09459562698
422	0.09458790818
423	0.09453939043
424	0.09449469201
425	0.09448930773
426	0.09447173948
427	0.09446749096
428	0.0944303217
429	0.09441893823
430	0.09440690763
431	0.09440289836
432	0.09435659307
433	0.09434997013
434	0.09434375445
435	0.0941352419
436	0.09413191499
437	0.09411372093
438	0.0940888666
439	0.09408253338
440	0.09402373987
441	0.09380670591
442	0.09377520342
443	0.09376801309
444	0.09376683657
445	0.09376386427
446	0.09374614845
447	0.09373892879
448	0.09371823838
449	0.0936553764
450	0.09364555343
451	0.09364090315
452	0.09363667894
453	0.09362264079
454	0.09361800487
455	0.09359802438
456	0.09355266672
457	0.09355135562
458	0.09353624164
459	0.09351958473
460	0.09336784039
461	0.09336024165
462	0.09335644787
463	0.09333325819
464	0.09332793911
465	0.09332067931
466	0.09331284728
467	0.09329761688
468	0.09328097571
469	0.09321170288
470	0.09318576681
471	0.09318133893
472	0.09310835958
473	0.09310471924
474	0.09310110215
475	0.09308931445
476	0.09308642966
477	0.09305558027
478	0.09289271455
479	0.09287306645
480	0.09286248077
481	0.09282343736
482	0.09267121098
483	0.0926547393
484	0.09264742284
485	0.09257519073
486	0.09253783395
487	0.09253200245
488	0.09252802961
489	0.09247911003
490	0.0924144824
491	0.09240848997
492	0.09239862477
493	0.09239477188
494	0.09237094398
495	0.09236079974
496	0.09235873304
497	0.09235680381
498	0.09234798623
499	0.09233827177
500	0.09233301328
501	0.09233171237
502	0.09232843838
503	0.09232047107
504	0.09231754261
505	0.09230818269
506	0.09228730914
507	0.0922728612
508	0.09227009248
509	0.09216478383
510	0.09216152361
511	0.09212478297
512	0.09211069563
513	0.09210741379
514	0.09208179329
515	0.09207580679
516	0.09206626858
517	0.09205688312
518	0.09204388931
519	0.09203905559
520	0.09195025683
521	0.09194486563
522	0.09194287641
523	0.0919409503
524	0.0918762522
525	0.09186476556
526	0.09185196583
527	0.09184586557
528	0.09184448269
529	0.09165386397
530	0.09165081522
531	0.09164920766
532	0.09164600036
533	0.09164534305
534	0.09162626314
535	0.09156169938
536	0.09153962094
537	0.09152773522
538	0.09149549567
539	0.09148601595
540	0.09147616631
541	0.09142510417
542	0.09142430635
543	0.09140615694
544	0.09140028897
545	0.09138987022
546	0.0913744583
547	0.09137075682
548	0.09136690824
549	0.09136635616
550	0.09134509656
551	0.09121341676
552	0.09121133201
553	0.09118099443
554	0.09116819024
555	0.09114156515
556	0.09113209242
557	0.09108261036
558	0.09107621154
559	0.09106927034
560	0.09104183906
561	0.09102971693
562	0.09095513089
563	0.09094104193
564	0.09079635518
565	0.09079415295
566	0.09077072844
567	0.09076783793
568	0.09073299268
569	0.09072690918
570	0.09066286973
571	0.09065260241
572	0.09055970734
573	0.09055204126
574	0.09055057049
575	0.09053363683
576	0.09052976068
577	0.0905286944
578	0.09052694265
579	0.09051666792
580	0.09050910245
581	0.09049826431
582	0.09048701983
583	0.0904802099
584	0.09041299755
585	0.09040083123
586	0.09039156591
587	0.09038892826
588	0.09029601109
589	0.09028723341
590	0.09019005921
591	0.090174571
592	0.09016666289
593	0.09016606724
594	0.09015875007
595	0.09002512541
596	0.08990798945
597	0.08990598745
598	0.08989986818
599	0.08989117292
600	0.08988716006
601	0.08988343771
602	0.08988086993
603	0.08987766817
604	0.0897902642
605	0.08975792211
606	0.08975628469
607	0.08975333321
608	0.08969371679
609	0.0896841842
610	0.08968271133
611	0.08966963655
612	0.08966141679
613	0.08965855123
614	0.08959964937
615	0.08959312033
616	0.08959092498
617	0.08943479939
618	0.08942409483
619	0.08941765037
620	0.08940952921
621	0.08940483312
622	0.08939659714
623	0.08939111282
624	0.08938669184
625	0.08938319224
626	0.08930758055
627	0.08930268812
628	0.08929378434
629	0.08928991939
630	0.08928765156
631	0.08928281494
632	0.08927971774
633	0.0892714702
634	0.08921106805
635	0.08920328608
636	0.08913390984
637	0.08912999317
638	0.08912637764
639	0.08912162592
640	0.08911972841
641	0.0891155953
642	0.08909750102
643	0.08909324468
644	0.08908904517
645	0.08908174138
646	0.0890787594
647	0.08903111977
648	0.08902025252
649	0.08899159837
650	0.08898571799
651	0.08898119122
652	0.08897301798
653	0.08897100311
654	0.0889691595
655	0.08896532532
656	0.08896228233
657	0.08895741986
658	0.08894646201
659	0.08894340206
660	0.08889215464
661	0.08888558588
662	0.0888814378
663	0.08885607558
664	0.08884236039
665	0.08883605347
666	0.08883173559
667	0.08881777149
668	0.08876004928
669	0.08875662311
670	0.08875166759
671	0.08874999525
672	0.08874710026
673	0.0887415799
674	0.08872390424
675	0.08871589546
676	0.08871412427
677	0.08870773869
678	0.08869207345
679	0.08867694563
680	0.08867450251
681	0.08866774983
682	0.08852703374
683	0.08844412555
684	0.08844323929
685	0.08844164728
686	0.08830954192
687	0.08830252297
688	0.08826572599
689	0.0882590736
690	0.08825743715
691	0.08823435917
692	0.08820824317
693	0.08819664501
694	0.08814081342
695	0.08813632149
696	0.08812748929
697	0.08812225543
698	0.08812101178
699	0.08811612348
700	0.08811464499
701	0.08811004052
702	0.08803079602
703	0.08802932435
704	0.08802584087
705	0.08791022673
706	0.08787850177
707	0.08787277404
708	0.08787137406
709	0.0878692761
710	0.08786594735
711	0.08786275065
712	0.08785742254
713	0.08785386616
714	0.08777592421
715	0.08777283172
716	0.08776703507
717	0.08775616843
718	0.08774098677
719	0.08773958882
720	0.0877366274
721	0.0877337817
722	0.08773100623
723	0.0877298439
724	0.08766426085
725	0.08766251394
726	0.08763975962
727	0.08763671202
728	0.08763388377
729	0.08759394325
730	0.08759100176
731	0.08758984586
732	0.08758829634
733	0.0875859803
734	0.0875315129
735	0.08751522246
736	0.08750838447
737	0.08750734773
738	0.08750637734
739	0.08735396642
740	0.08735264536
741	0.08735077591
742	0.08735012366
743	0.08734156928
744	0.08734006521
745	0.08723507827
746	0.08723043985
747	0.08715551706
748	0.08714897147
749	0.0871477056
750	0.08714397451
751	0.08713677005
752	0.0871345128
753	0.08708155495
754	0.08707551641
755	0.08706791033
756	0.08706300458
757	0.0870606704
758	0.08705916565
759	0.08687525722
760	0.08684195071
761	0.08684022487
762	0.08675523202
763	0.08673229407
764	0.08672728983
765	0.08672624794
766	0.08672228949
767	0.08671905481
768	0.08671204522
769	0.08670722397
770	0.08665851512
771	0.08665603185
772	0.08665367833
773	0.08662901695
774	0.08662452203
775	0.08661967077
776	0.0865728325
777	0.08657174264
778	0.08657040126
779	0.08656311972
780	0.08655732171
781	0.08655652933
782	0.08652988597
783	0.08652911431
784	0.08652688735
785	0.08650588987
786	0.08647829933
787	0.08647416167
788	0.08646981398
789	0.08642695482
790	0.08642216386
791	0.08642068158
792	0.08639880986
793	0.086392732
794	0.08636815998
795	0.08635465898
796	0.08635086001
797	0.08634740548
798	0.08634091211
799	0.08633925611
800	0.08624911209
801	0.08624586387
802	0.0862281143
803	0.08622749144
804	0.08622300505
805	0.08621345911
806	0.08619905402
807	0.08619857409
808	0.08619463351
809	0.08619372412
810	0.08618952227
811	0.08618631812
812	0.08618243172
813	0.08613790452
814	0.0861003131
815	0.08609845017
816	0.0860945598
817	0.08607591899
818	0.08607376884
819	0.08607185052
820	0.08603129448
821	0.0860291854
822	0.08602805491
823	0.0860212126
824	0.08597836619
825	0.08590286674
826	0.08590004478
827	0.08588666034
828	0.08587967999
829	0.08587193419
830	0.0858649273
831	0.08583313128
832	0.08578551246
833	0.08578261473
834	0.0857818448
835	0.08578003418
836	0.08577594745
837	0.08576786226
838	0.08573164935
839	0.0856616686
840	0.08564855621
841	0.08558527073
842	0.08558470255
843	0.08556729083
844	0.08553414958
845	0.08546801111
846	0.08542650996
847	0.08542376573
848	0.08541744005
849	0.08528159904
850	0.08527899057
851	0.08527509686
852	0.0852731095
853	0.08518924536
854	0.0851750505
855	0.08517427934
856	0.08516915374
857	0.08514953896
858	0.08514878462
859	0.08505052681
860	0.08503812245
861	0.08491206884
862	0.08487531978
863	0.08482823277
864	0.08475179867
865	0.08475005168
866	0.08471809853
867	0.08471752883
868	0.08470955252
869	0.08470427027
870	0.08470266368
871	0.08469987886
872	0.08467901974
873	0.08467575414
874	0.0845705449
875	0.0845449883
876	0.08454373925
877	0.08454001771
878	0.08453932661
879	0.08453864839
880	0.08453791006
881	0.08448122837
882	0.08445105563
883	0.0844497751
884	0.08444911764
885	0.08443549461
886	0.08442834271
887	0.08442655464
888	0.08438203411
889	0.08438104068
890	0.0842839459
891	0.08423911307
892	0.08423607167
893	0.08423419336
894	0.08423305601
895	0.08413416007
896	0.08413309901
897	0.08410386714
898	0.08410305164
899	0.08408258826
900	0.08408198835
901	0.0840793815
902	0.08407464236
903	0.08407336473
904	0.08404565785
905	0.08404482884
906	0.0840437796
907	0.08404168541
908	0.08404034683
909	0.0840074369
910	0.08400551892
911	0.08400461607
912	0.08394466068
913	0.08393977126
914	0.08393851752
915	0.08393499397
916	0.08393445354
917	0.08393142704
918	0.08393089955
919	0.08392864256
920	0.0839279594
921	0.08392710761
922	0.08390840912
923	0.08390750522
924	0.08390679594
925	0.08389119884
926	0.08385052722
927	0.08384616034
928	0.08382969052
929	0.08382177693
930	0.08382093271
931	0.08381396218
932	0.08381318716
933	0.0838124944
934	0.08381174967
935	0.08374412524
936	0.08374331924
937	0.08374281224
938	0.08368920412
939	0.08368587388
940	0.08368543591
941	0.08365964363
942	0.08365902768
943	0.08365851149
944	0.08364590937
945	0.08364514581
946	0.08364425642
947	0.0836382474
948	0.08362884902
949	0.08361711476
950	0.08361553503
951	0.08360941977
952	0.08359167041
953	0.08358366916
954	0.0835832046
955	0.08358053878
956	0.08357897138
957	0.0835719025
958	0.08357155078
959	0.08357111221
960	0.0835652282
961	0.08356488079
962	0.08356442047
963	0.08355911361
964	0.08355783678
965	0.08355725482
966	0.08351589916
967	0.08350984179
968	0.08349215384
969	0.08345406639
970	0.08343039482
971	0.0834237875
972	0.08342338295
973	0.08342232155
974	0.08341325994
975	0.08341273353
976	0.08340991434
977	0.08340951842
978	0.08340371004
979	0.08339131746
980	0.0833838584
981	0.08338026354
982	0.08336381921
983	0.08336006241
984	0.08334846446
985	0.08334710169
986	0.08334501176
987	0.08334273455
988	0.08331008482
989	0.0833096231
990	0.08330756708
991	0.08330709663
992	0.08328206301
993	0.08328159677
994	0.08327987559
995	0.0832571134
996	0.08325146002
997	0.08325046617
998	0.08324837382
999	0.08324777226
1000	0.08324450283
1001	0.08323635485
1002	0.08323606711
1003	0.0832343537
1004	0.08323226095
1005	0.08323199935
1006	0.0832051419
1007	0.08320319234
1008	0.0832010988
1009	0.08320090689
1010	0.08318981022
1011	0.08318162198
1012	0.0831813515
1013	0.08318105484
1014	0.0831775123
1015	0.08317709346
1016	0.08316200533
1017	0.08315631931
1018	0.08314307367
1019	0.08313365424
1020	0.08311109652
1021	0.08306018271
1022	0.08304862591
1023	0.08301902529
1024	0.08297751508
1025	0.08297138779
1026	0.08297115162
1027	0.08294628786
1028	0.08293475019
1029	0.08293291679
1030	0.08292953868
1031	0.08292265076
1032	0.08292242319
1033	0.0829182919
1034	0.0829166332
1035	0.082848265
1036	0.08284809856
1037	0.08283702472
1038	0.08279189051
1039	0.08275672136
1040	0.0827530291
1041	0.08271490403
1042	0.08268208539
1043	0.08267996548
1044	0.08267687112
1045	0.08267499688
1046	0.08267256954
1047	0.08266894374
1048	0.08261970766
1049	0.08261755541
1050	0.08261622889
1051	0.0826135099
1052	0.08261282905
1053	0.08260088016
1054	0.08258469368
1055	0.08258354241
1056	0.08247133022
1057	0.08246619064
1058	0.08246307945
1059	0.08246197048
1060	0.08244947157
1061	0.08244923829
1062	0.08244908865
1063	0.08244886858
1064	0.08244824358
1065	0.08241151431
1066	0.08241129414
1067	0.08240048749
1068	0.08239455071
1069	0.08238285649
1070	0.08238264064
1071	0.08238044256
1072	0.08235304301
1073	0.08234843807
1074	0.08234755231
1075	0.08234558685
1076	0.08234388576
1077	0.08232910335
1078	0.08231095005
1079	0.08230773159
1080	0.08228836525
1081	0.08228770816
1082	0.08228526939
1083	0.08227792176
1084	0.08226786512
1085	0.08226599481
1086	0.08225307787
1087	0.08224997185
1088	0.08224483609
1089	0.08224465518
1090	0.08223467832
1091	0.08223368542
1092	0.08222464287
1093	0.08222378667
1094	0.08220666957
1095	0.08220488615
1096	0.08220321747
1097	0.08220161938
1098	0.0821968073
1099	0.08213167512
1100	0.08212730522
1101	0.08212473796
1102	0.08212285996
1103	0.08212137521
1104	0.08209224036
1105	0.08203779254
1106	0.08201573427
1107	0.08201556613
1108	0.08200283102
1109	0.08200238848
1110	0.08199806037
1111	0.08199696724
1112	0.08199405511
1113	0.08199389578
1114	0.08196347152
1115	0.08196188647
1116	0.08195950885
1117	0.0819494397
1118	0.08194812894
1119	0.08194645503
1120	0.08194306725
1121	0.08186606713
1122	0.08186224604
1123	0.08185317576
1124	0.08185308265
1125	0.08183850868
1126	0.08183835791
1127	0.08183826923
1128	0.08183804308
1129	0.08183788788
1130	0.08183773712
1131	0.08182644672
1132	0.08182094286
1133	0.08182080093
1134	0.08181685796
1135	0.08169263036
1136	0.08166311592
1137	0.08166297372
1138	0.08166150727
1139	0.08166012078
1140	0.08166004079
1141	0.08164007631
1142	0.08163963626
1143	0.08163949846
1144	0.08163493774
1145	0.08163479993
1146	0.08163331075
1147	0.0816318571
1148	0.08159724199
1149	0.08159680615
1150	0.08159266111
1151	0.08159243873
1152	0.08158039377
1153	0.08157741784
1154	0.08157729328
1155	0.08157717317
1156	0.08157465977
1157	0.08157453966
1158	0.08157441955
1159	0.08153950413
1160	0.08152049392
1161	0.0814935578
1162	0.08148641044
1163	0.08148335982
1164	0.08148323957
1165	0.08148052286
1166	0.08147691974
1167	0.08147595324
1168	0.08147317838
1169	0.08147185105
1170	0.08147135663
1171	0.08146802037
1172	0.08145709303
1173	0.0814450236
1174	0.08144491666
1175	0.08144444436
1176	0.08144433297
1177	0.08143940484
1178	0.08143888349
1179	0.081438781
1180	0.08143872753
1181	0.08143801457
1182	0.0814364906
1183	0.08143348713
1184	0.08143339354
1185	0.08143334452
1186	0.08142809486
1187	0.08142658852
1188	0.08142649493
1189	0.08142216295
1190	0.08140933946
1191	0.08140521163
1192	0.08139728078
1193	0.08138279462
1194	0.08137457172
1195	0.08137228843
1196	0.08136312338
1197	0.08135502785
1198	0.0813529492
1199	0.08134897017
1200	0.08134888096
1201	0.08133501974
1202	0.08133099968
1203	0.08133095952
1204	0.08132943354
1205	0.08132667153
1206	0.08132658229
1207	0.08132256627
1208	0.08132247256
1209	0.08131863931
1210	0.08131635891
1211	0.08127073741
1212	0.081267768
1213	0.08126768762
1214	0.08121265124
1215	0.0812043843
1216	0.08120366034
1217	0.08119817684
1218	0.08119810086
1219	0.08119659473
1220	0.08119651875
1221	0.08119644278
1222	0.08118815183
1223	0.08118348976
1224	0.08118252871
1225	0.08118163917
1226	0.08118156317
1227	0.08118148718
1228	0.08118141566
1229	0.08117473704
1230	0.08117332883
1231	0.08117326177
1232	0.0811726806
1233	0.08117265377
1234	0.0811525202
1235	0.0811469438
1236	0.08114498951
1237	0.08114184108
1238	0.08113600453
1239	0.0811359777
1240	0.08111668055
1241	0.08111417526
1242	0.08110970132
1243	0.08110626517
1244	0.08110619805
1245	0.08109650176
1246	0.08109341857
1247	0.08109310533
1248	0.08109088123
1249	0.08108476802
1250	0.08108447711
1251	0.08108163515
1252	0.08108156354
1253	0.08107943312
1254	0.08107619263
1255	0.08107316238
1256	0.08106787596
1257	0.08106622864
1258	0.08106352929
1259	0.08106338603
1260	0.08106331889
1261	0.08105670217
1262	0.08105663949
1263	0.08105657681
1264	0.08105471884
1265	0.0810537294
1266	0.0810467134
1267	0.08104142077
1268	0.08103018512
1269	0.081029585
1270	0.0810295223
1271	0.08102876544
1272	0.08102873409
1273	0.08102534824
1274	0.08102484663
1275	0.08102482871
1276	0.08102336863
1277	0.0810230999
1278	0.08101467923
1279	0.0810118841
1280	0.08101048201
1281	0.08101042378
1282	0.08100863194
1283	0.0809749425
1284	0.08097337844
1285	0.08094101038
1286	0.08092572059
1287	0.08092406141
1288	0.08092351432
1289	0.08092261296
1290	0.08091106479
1291	0.0809109437
1292	0.08090779513
1293	0.08090558837
1294	0.08090368656
1295	0.0809002596
1296	0.08090025063
1297	0.08090020128
1298	0.08089127884
1299	0.08089110836
1300	0.08089053862
1301	0.08089048927
1302	0.08087533352
1303	0.08086307852
1304	0.08082429094
1305	0.08082320888
1306	0.08082237824
1307	0.08082233334
1308	0.08082020507
1309	0.08079854198
1310	0.08079852402
1311	0.08079846563
1312	0.08079705086
1313	0.08079485455
1314	0.08079484108
1315	0.08079478269
1316	0.08079210122
1317	0.08079204732
1318	0.08078895251
1319	0.08078390803
1320	0.08078386311
1321	0.08078380921
1322	0.0807820393
1323	0.08075540959
1324	0.08075429065
1325	0.08075197184
1326	0.08075191791
1327	0.08074885303
1328	0.080746579
1329	0.08073983745
1330	0.08073932507
1331	0.08073926664
1332	0.08073922619
1333	0.08073919023
1334	0.0807378778
1335	0.08073727551
1336	0.08073703729
1337	0.08073699684
1338	0.08073696987
1339	0.08072559294
1340	0.08072555248
1341	0.08072487818
1342	0.08072385322
1343	0.08072125481
1344	0.08072122784
1345	0.08072117389
1346	0.08072112894
1347	0.08072108848
1348	0.08071436727
1349	0.08071386822
1350	0.08071383225
1351	0.08071381876
1352	0.08071293754
1353	0.0806511021
1354	0.08062590095
1355	0.08061399067
1356	0.08061334244
1357	0.08061328392
1358	0.0806132479
1359	0.08061064593
1360	0.08061017774
1361	0.08061013723
1362	0.08061010121
1363	0.08060107912
1364	0.08060102509
1365	0.08060098908
1366	0.08060095306
1367	0.08059100686
1368	0.08059097534
1369	0.08059093031
1370	0.08057483098
1371	0.08057413739
1372	0.08057395724
1373	0.08057392571
1374	0.08057138552
1375	0.080571363
1376	0.08055927799
1377	0.08055844463
1378	0.08055808876
1379	0.08055704816
1380	0.08054502858
1381	0.08054452848
1382	0.08054323991
1383	0.08054107272
1384	0.08054102766
1385	0.08053993278
1386	0.08052895612
1387	0.08052687417
1388	0.08052664434
1389	0.08052543209
1390	0.08052510762
1391	0.08052507608
1392	0.0805234492
1393	0.08052341315
1394	0.08043535038
1395	0.08043496238
1396	0.08043381643
1397	0.08043368108
1398	0.08043365401
1399	0.08043329307
1400	0.08042994082
1401	0.08042975584
1402	0.08042963853
1403	0.0804288715
1404	0.08042886248
1405	0.08042883089
1406	0.08042847445
1407	0.08042833909
1408	0.08042830751
1409	0.08042827592
1410	0.08042814056
1411	0.08042809544
1412	0.08042646209
1413	0.08042403907
1414	0.08042400749
1415	0.08042359236
1416	0.08041673799
1417	0.08041625514
1418	0.08041624612
1419	0.08039094426
1420	0.08039089912
1421	0.08039054703
1422	0.08037842579
1423	0.08037811427
1424	0.08037808719
1425	0.08037741899
1426	0.08037729258
1427	0.08037728355
1428	0.08037668307
1429	0.08037655214
1430	0.08036687168
1431	0.08033538404
1432	0.08032290208
1433	0.08032275751
1434	0.08032272589
1435	0.08030528491
1436	0.08030525328
1437	0.0803046839
1438	0.08030465679
1439	0.08030464775
1440	0.0803035632
1441	0.08030350446
1442	0.08028560731
1443	0.08028445922
1444	0.0802810872
1445	0.08024824093
1446	0.08024820928
1447	0.08024769828
1448	0.08024734555
1449	0.08024731842
1450	0.08024719632
1451	0.08024713301
1452	0.08024666723
1453	0.08024634616
1454	0.08024621049
1455	0.08024618336
1456	0.08024617431
1457	0.08024614718
1458	0.08024602508
1459	0.08024533318
1460	0.08024491261
1461	0.08024365993
1462	0.08024143942
1463	0.08024141681
1464	0.08022448288
1465	0.08020837785
1466	0.08020677622
1467	0.08020674907
1468	0.08020605683
1469	0.08020602516
1470	0.08020565868
1471	0.08020562248
1472	0.08020559534
1473	0.08020538721
1474	0.08020536459
1475	0.08020499358
1476	0.08020387601
1477	0.08020213402
1478	0.08019672231
1479	0.08019668611
1480	0.08019616574
1481	0.08019613859
1482	0.08019583541
1483	0.08019493039
1484	0.08017623504
1485	0.08017621241
1486	0.08017572359
1487	0.08015067632
1488	0.08015036391
1489	0.08015027336
1490	0.08015025525
1491	0.08009098945
1492	0.08000915006
1493	0.08000912738
1494	0.08000908656
1495	0.08000118515
1496	0.08000111257
1497	0.08000064989
1498	0.079992793
1499	0.07999272496
1500	0.07999270681
1501	0.0799926932
1502	0.07998209061
1503	0.07995828978
1504	0.07995826255
1505	0.0799582444
1506	0.07995243492
1507	0.07994179975
1508	0.07994179067
1509	0.07988187959
1510	0.07988170242
1511	0.07988167516
1512	0.07988164791
1513	0.07988162973
1514	0.07987819073
1515	0.079871912
1516	0.07987110327
1517	0.07987106692
1518	0.07987105784
1519	0.07987051716
1520	0.07987008553
1521	0.07986964481
1522	0.07986961301
1523	0.07986924044
1524	0.0798678501
1525	0.07985398174
1526	0.07985396357
1527	0.07985273202
1528	0.07984571957
1529	0.07984569684
1530	0.07984563321
1531	0.07984436518
1532	0.0798371929
1533	0.07983716109
1534	0.07983713381
1535	0.07983710654
1536	0.07983679291
1537	0.07983674291
1538	0.07983656564
1539	0.07981262593
1540	0.07981259865
1541	0.07981257137
1542	0.07981233494
1543	0.07981230766
1544	0.07981193027
1545	0.07981191663
1546	0.07980666035
1547	0.07980534167
1548	0.07980368648
1549	0.07980353187
1550	0.07980334998
1551	0.07980331815
1552	0.07980301348
1553	0.07980270426
1554	0.07977843598
1555	0.07977534279
1556	0.07977261341
1557	0.07976865563
1558	0.07975699953
1559	0.07975686758
1560	0.07975683573
1561	0.07973554367
1562	0.07973465163
1563	0.0797343285
1564	0.07973431029
1565	0.07973429209
1566	0.07973418741
1567	0.07973070108
1568	0.07973067832
1569	0.07973019587
1570	0.07972996829
1571	0.07972995464
1572	0.07972993188
1573	0.07972990457
1574	0.07969186326
1575	0.07969178584
1576	0.07969176308
1577	0.07964226756
1578	0.07964224022
1579	0.07964221288
1580	0.07963820761
1581	0.07963818483
1582	0.07963815749
1583	0.07963813926
1584	0.07963452113
1585	0.07962365209
1586	0.07962236685
1587	0.07962234406
1588	0.07961919011
1589	0.07961916276
1590	0.07951294942
1591	0.07951292204
1592	0.07950762772
1593	0.07950542774
1594	0.07950472483
1595	0.07950435512
1596	0.07949382891
1597	0.07949381065
1598	0.07949021334
1599	0.07948829137
1600	0.0794882731
1601	0.07948825028
1602	0.07948822745
1603	0.07938450859
1604	0.07938086976
1605	0.07937684674
1606	0.07937408536
1607	0.07937375161
1608	0.07932642279
1609	0.07931491216
1610	0.07931489386
1611	0.07931385984
1612	0.07931385069
1613	0.07931375918
1614	0.07931374545
1615	0.07931372258
1616	0.07931370427
1617	0.07928081883
1618	0.07927915268
1619	0.07927914811
1620	0.07927874987
1621	0.07927872241
1622	0.07927871326
1623	0.07927718439
1624	0.07927674495
1625	0.0792767358
1626	0.0792720666
1627	0.07927163629
1628	0.07927069784
1629	0.07927067495
1630	0.07927050099
1631	0.07925390448
1632	0.07925389075
1633	0.07922260203
1634	0.07922259287
1635	0.07922100796
1636	0.07917323031
1637	0.07916360898
1638	0.07916359065
1639	0.07911881475
1640	0.07911257208
1641	0.07911253997
1642	0.07911233355
1643	0.07911177394
1644	0.07910132394
1645	0.07910098445
1646	0.07910079177
1647	0.07910077342
1648	0.07909878234
1649	0.07909360713
1650	0.07909327678
1651	0.07908926666
1652	0.07908895465
1653	0.07908836275
1654	0.07908579779
1655	0.07908547659
1656	0.07908515997
1657	0.07907633561
1658	0.07907539025
1659	0.07907522504
1660	0.07907506442
1661	0.07907505065
1662	0.07907390335
1663	0.07905501175
1664	0.0790549842
1665	0.0790497694
1666	0.07904322745
1667	0.07904012845
1668	0.0790398897
1669	0.0790393158
1670	0.07903906787
1671	0.07895281511
1672	0.07895279672
1673	0.07895250256
1674	0.07895247958
1675	0.07895047556
1676	0.07894800724
1677	0.07894693624
1678	0.0789458882
1679	0.07893976057
1680	0.07893870784
1681	0.07893784818
1682	0.07893660694
1683	0.07893556796
1684	0.07892207375
1685	0.0789197379
1686	0.07891960915
1687	0.0789194666
1688	0.07891917691
1689	0.07891889642
1690	0.07891879066
1691	0.07891788479
1692	0.07891482685
1693	0.07891459233
1694	0.07891445897
1695	0.07891438539
1696	0.07890926707
1697	0.07890828751
1698	0.07890502224
1699	0.07890443356
1700	0.07890437837
1701	0.07890427259
1702	0.07890399664
1703	0.07889852809
1704	0.07889789336
1705	0.07889574997
1706	0.07889477025
1707	0.07889385491
1708	0.07889296716
1709	0.07887662247
1710	0.07887573912
1711	0.07881662458
1712	0.07881476445
1713	0.07881385278
1714	0.07881061123
1715	0.07880993895
1716	0.07880947849
1717	0.07880735112
1718	0.07880589139
1719	0.07878019671
1720	0.07877996639
1721	0.07877820213
1722	0.07877737757
1723	0.07876280118
1724	0.07876189813
1725	0.07876109183
1726	0.078760585
1727	0.0787568298
1728	0.078738217
1729	0.07869540331
1730	0.07869502057
1731	0.07869421819
1732	0.07869340658
1733	0.07869326824
1734	0.07869051516
1735	0.07868960205
1736	0.07868913627
1737	0.07868837073
1738	0.0786861709
1739	0.07868594953
1740	0.07868481039
1741	0.07868468587
1742	0.07867588116
1743	0.0786754153
1744	0.0786749356
1745	0.07867241713
1746	0.07867195586
1747	0.07866987089
1748	0.07866961257
1749	0.07866930351
1750	0.07861217106
1751	0.07861204181
1752	0.07861161711
1753	0.07861119704
1754	0.07861046305
1755	0.07861024608
1756	0.07860952132
1757	0.07853787509
1758	0.07853748234
1759	0.07853721434
1760	0.07853663677
1761	0.0785229862
1762	0.07851658524
1763	0.07851594742
1764	0.07844809692
1765	0.07844714861
1766	0.07844694045
1767	0.07843866886
1768	0.07843834501
1769	0.07843250623
1770	0.07843211758
1771	0.07843208057
1772	0.07842480689
1773	0.0784122846
1774	0.07841205321
1775	0.07841192362
1776	0.07841030381
1777	0.07841018811
1778	0.07836278672
1779	0.07836240698
1780	0.07836200872
1781	0.07836195778
1782	0.07836164751
1783	0.07836053144
1784	0.07833724317
1785	0.07833603411
1786	0.0783356774
1787	0.07833541335
1788	0.07833515393
1789	0.07833368077
1790	0.07833333796
1791	0.07833315729
1792	0.07831341046
1793	0.07831334095
1794	0.0782613137
1795	0.07826102157
1796	0.07826076654
1797	0.07826053006
1798	0.07826026575
1799	0.07825949138
1800	0.0782581049
1801	0.07825154778
1802	0.07825140866
1803	0.07825127881
1804	0.07812406171
1805	0.07812393629
1806	0.07812366688
1807	0.07809149315
1808	0.07809121898
1809	0.07809109351
1810	0.0780527556
1811	0.07805243944
1812	0.07805222093
1813	0.0780420057
1814	0.07804171276
1815	0.07804162441
1816	0.0780397551
1817	0.07799987062
1818	0.07798393206
1819	0.07797853626
1820	0.07797841992
1821	0.07794275263
1822	0.07793533784
1823	0.07793376167
1824	0.07793367552
1825	0.07793216684
1826	0.07793154287
1827	0.07792983158
1828	0.07792951493
1829	0.07792940782
1830	0.07792771977
1831	0.07792529822
1832	0.07792519577
1833	0.07791623771
1834	0.07791610032
1835	0.07791324292
1836	0.07791295648
1837	0.07790821021
1838	0.07781812996
1839	0.07781776156
1840	0.07781348517
1841	0.07781275065
1842	0.07781208142
1843	0.07780682529
1844	0.07780499698
1845	0.07780192795
1846	0.07780132392
1847	0.07779556095
1848	0.0777442281
1849	0.07774108898
1850	0.0777409046
1851	0.07772444137
1852	0.07770579611
1853	0.0777056957
1854	0.07770437173
1855	0.07769496785
1856	0.07769433497
1857	0.07769383753
1858	0.07769336578
1859	0.07769279127
1860	0.07767980995
1861	0.07767959739
1862	0.07767819589
1863	0.07767221588
1864	0.07766934484
1865	0.07766908787
1866	0.07766884491
1867	0.07766831227
1868	0.07766812071
1869	0.07766790578
1870	0.07766764413
1871	0.07761525886
1872	0.07761502041
1873	0.07756837753
1874	0.07755029138
1875	0.07754958712
1876	0.07754902792
1877	0.07754701338
1878	0.07749050522
1879	0.07748992452
1880	0.07748972783
1881	0.07748953114
1882	0.07748924547
1883	0.07748906283
1884	0.07748395573
1885	0.07748380118
1886	0.07747606611
1887	0.07747274985
1888	0.07745165918
1889	0.07745004036
1890	0.07744984826
1891	0.07743409876
1892	0.07743387147
1893	0.0774322968
1894	0.07743217964
1895	0.07742894117
1896	0.07742884743
1897	0.07742866465
1898	0.0773546581
1899	0.07735402948
1900	0.07735381837
1901	0.07735373627
1902	0.07735240393
1903	0.07735228899
1904	0.07734710952
1905	0.07734692889
1906	0.07734468622
1907	0.07734421469
1908	0.07734166461
1909	0.07734027341
1910	0.07733879537
1911	0.07727287929
1912	0.0772726844
1913	0.07727086459
1914	0.07727069552
1915	0.0772577748
1916	0.07724606866
1917	0.07724590894
1918	0.07721483345
1919	0.07720985391
1920	0.07720971291
1921	0.07720410084
1922	0.07718750666
1923	0.07718732331
1924	0.07718644649
1925	0.07716792283
1926	0.07716229596
1927	0.07716219485
1928	0.07715290126
1929	0.07715274134
1930	0.07714523415
1931	0.07714301384
1932	0.07712655944
1933	0.07712520435
1934	0.07711815799
1935	0.07711800741
1936	0.07711786859
1937	0.0771156922
1938	0.07711557455
1939	0.07711474162
1940	0.07710608004
1941	0.07710184889
1942	0.07710172417
1943	0.07710166298
1944	0.077087184
1945	0.07708689448
1946	0.07708620482
1947	0.07708608243
1948	0.07708344142
1949	0.07708326253
1950	0.07708323664
1951	0.07708003764
1952	0.07707990817
1953	0.07707958568
1954	0.07703025843
1955	0.07701705942
1956	0.07701372103
1957	0.07701335349
1958	0.07701323805
1959	0.07699084787
1960	0.07698978028
1961	0.07698938434
1962	0.07698813525
1963	0.07698485218
1964	0.07698415689
1965	0.07698369965
1966	0.07698341446
1967	0.0769764329
1968	0.07697506574
1969	0.07693635094
1970	0.07693619765
1971	0.07693565993
1972	0.07693547126
1973	0.07692667863
1974	0.07692613613
1975	0.07691346657
1976	0.07689920934
1977	0.07689678372
1978	0.07689660439
1979	0.07688887632
1980	0.076867557
1981	0.076863596
1982	0.07684981353
1983	0.07684967187
1984	0.07684948771
1985	0.07684536522
1986	0.07684518105
1987	0.07676134904
1988	0.07676119067
1989	0.07676102521
1990	0.07672324534
1991	0.07670394274
1992	0.07669853496
1993	0.07669841668
1994	0.07665126576
1995	0.07665100537
1996	0.07665040885
1997	0.07665033073
1998	0.07656624273
1999	0.07656129684
2000	0.07656113806
2001	0.0765525513
2002	0.07655189239
2003	0.07653189459
2004	0.07653177131
2005	0.07652908509
2006	0.07652895469
2007	0.07652889305
2008	0.07652874605
2009	0.07652681134
2010	0.07652666434
2011	0.07651606523
2012	0.07651593717
2013	0.07651580912
2014	0.07651491749
2015	0.07651096195
2016	0.07651086235
2017	0.07650985209
2018	0.07650976197
2019	0.07649415099
2020	0.07648312272
2021	0.0764819911
2022	0.07648143359
2023	0.07648048225
2024	0.07648036363
2025	0.07647172035
2026	0.0764566949
2027	0.0764555439
2028	0.07645542524
2029	0.0764258137
2030	0.07642317837
2031	0.07642306915
2032	0.07642278662
2033	0.07639932093
2034	0.07639561116
2035	0.07639446637
2036	0.07639386784
2037	0.07639374908
2038	0.07639255676
2039	0.07637738983
2040	0.07636964724
2041	0.07636069441
2042	0.07634922622
2043	0.07634102681
2044	0.07634091273
2045	0.0763390612
2046	0.07633890671
2047	0.07633883065
2048	0.07633025454
2049	0.07632505326
2050	0.07632495817
2051	0.07632482742
2052	0.07632462535
2053	0.07632448985
2054	0.07632439
2055	0.07631489691
2056	0.07631394587
2057	0.07631385077
2058	0.07631370811
2059	0.07630326727
2060	0.07630320545
2061	0.0763005968
2062	0.07624278408
2063	0.07624026142
2064	0.0762140684
2065	0.07621401126
2066	0.07621319943
2067	0.07621109719
2068	0.07621003296
2069	0.07620906395
2070	0.07620788302
2071	0.07620640683
2072	0.07620463538
2073	0.07620033513
2074	0.07618821408
2075	0.07617802519
2076	0.07617792039
2077	0.07617720583
2078	0.07614109037
2079	0.0761288431
2080	0.07612864289
2081	0.07612056275
2082	0.07610283823
2083	0.07610174864
2084	0.07610106675
2085	0.07610097138
2086	0.07609933099
2087	0.07608977881
2088	0.07608823118
2089	0.07608630673
2090	0.07608597526
2091	0.07608293704
2092	0.07607435833
2093	0.07607376443
2094	0.07607277699
2095	0.07607024392
2096	0.07607012943
2097	0.07599079819
2098	0.0759901344
2099	0.07599002695
2100	0.07598914587
2101	0.07598284427
2102	0.07597615288
2103	0.07597565614
2104	0.07597551762
2105	0.07597027056
2106	0.07597016547
2107	0.07597006038
2108	0.07596673331
2109	0.07596319828
2110	0.07593424305
2111	0.07593396587
2112	0.07593386312
2113	0.07591974218
2114	0.07589841839
2115	0.07589833232
2116	0.07589766294
2117	0.07589678079
2118	0.07589466262
2119	0.07589438051
2120	0.07588801605
2121	0.07586747018
2122	0.07586341152
2123	0.07585064817
2124	0.07584949515
2125	0.07584927986
2126	0.07584918178
2127	0.0758490837
2128	0.07584899758
2129	0.07584814835
2130	0.07584395708
2131	0.07584278003
2132	0.07584234462
2133	0.07577357513
2134	0.07577103445
2135	0.0757568161
2136	0.07571591118
2137	0.07571582731
2138	0.07570812491
2139	0.07569542406
2140	0.07569529222
2141	0.07569076887
2142	0.07569069216
2143	0.07568678704
2144	0.07568671752
2145	0.07568378794
2146	0.07568371122
2147	0.07568188917
2148	0.07568161106
2149	0.07567869807
2150	0.0756715314
2151	0.07564923341
2152	0.07564698838
2153	0.07563469469
2154	0.07563315694
2155	0.07562424648
2156	0.07562396816
2157	0.07560732956
2158	0.07558759556
2159	0.07557014702
2160	0.07556909296
2161	0.0755689561
2162	0.07556721052
2163	0.07556706886
2164	0.07555744939
2165	0.07555710119
2166	0.07555701474
2167	0.0755569499
2168	0.07555572036
2169	0.07555548741
2170	0.07555490385
2171	0.07555395285
2172	0.07555388321
2173	0.07555342451
2174	0.07555275208
2175	0.07555266082
2176	0.07555257917
2177	0.07555241586
2178	0.07554677675
2179	0.0755467143
2180	0.07554663985
2181	0.07554597456
2182	0.07554590971
2183	0.07554585687
2184	0.07554580643
2185	0.07553846862
2186	0.07553091389
2187	0.07553072651
2188	0.0755306112
2189	0.07553055115
2190	0.07552987851
2191	0.07552981605
2192	0.07552842991
2193	0.07552835784
2194	0.07551981703
2195	0.07551975457
2196	0.07551971853
2197	0.07551970411
2198	0.0755195119
2199	0.07551825772
2200	0.07551817844
2201	0.07551747445
2202	0.07551672721
2203	0.07545236719
2204	0.07543750912
2205	0.07543656626
2206	0.07543648929
2207	0.07542260482
2208	0.07541889512
2209	0.07541330858
2210	0.07541279851
2211	0.07541270708
2212	0.07541186015
2213	0.07541179759
2214	0.07537408529
2215	0.07537060913
2216	0.07536908044
2217	0.07536895284
2218	0.07536855802
2219	0.07536796098
2220	0.07536787912
2221	0.07536781172
2222	0.07536707984
2223	0.07536706059
2224	0.0753592166
2225	0.07535539543
2226	0.07534940204
2227	0.07534583323
2228	0.07534076147
2229	0.07533974274
2230	0.07531467482
2231	0.07527320181
2232	0.07523840806
2233	0.07523648117
2234	0.07523642811
2235	0.07523606877
2236	0.07523595301
2237	0.07523584208
2238	0.07523003935
2239	0.07522997905
2240	0.07522154909
2241	0.0752211125
2242	0.07522011627
2243	0.07521074676
2244	0.0752104066
2245	0.07521025461
2246	0.07521007367
2247	0.0752100013
2248	0.07520998682
2249	0.07520708693
2250	0.07520694217
2251	0.07520608328
2252	0.07518791876
2253	0.07518784878
2254	0.07518774742
2255	0.07518597368
2256	0.07518595679
2257	0.07518590611
2258	0.07518114697
2259	0.0751810987
2260	0.07518105767
2261	0.07517365046
2262	0.07517292153
2263	0.07517019882
2264	0.07517005882
2265	0.07516940227
2266	0.0751690064
2267	0.07516506935
2268	0.07516132522
2269	0.07515503147
2270	0.07515498077
2271	0.07515280547
2272	0.07515278857
2273	0.07515267993
2274	0.07515251575
2275	0.07515237089
2276	0.07515222361
2277	0.07515209324
2278	0.07514959674
2279	0.0751495243
2280	0.07514912833
2281	0.07514908729
2282	0.07514745992
2283	0.07511544142
2284	0.07510857371
2285	0.07510625936
2286	0.07510599121
2287	0.0751058535
2288	0.07509852585
2289	0.07509790492
2290	0.07509375392
2291	0.07508646859
2292	0.07508619553
2293	0.07508451363
2294	0.07507748117
2295	0.07507647579
2296	0.07507592475
2297	0.07507504019
2298	0.07507498944
2299	0.07507266198
2300	0.07507253146
2301	0.07507249279
2302	0.07507248554
2303	0.07507095803
2304	0.07507092419
2305	0.07506983654
2306	0.07506982204
2307	0.07506685872
2308	0.07506672578
2309	0.07506667985
2310	0.07506654691
2311	0.07506654208
2312	0.07506648407
2313	0.07506644539
2314	0.07506512563
2315	0.0750628728
2316	0.07504879106
2317	0.07504723405
2318	0.07504588736
2319	0.07504570844
2320	0.07504131277
2321	0.07499254655
2322	0.07499239654
2323	0.07499154729
2324	0.07499145535
2325	0.07499131743
2326	0.07499084562
2327	0.07499078029
2328	0.07499076819
2329	0.07499067383
2330	0.07499025041
2331	0.0749901754
2332	0.07499005442
2333	0.07499003022
2334	0.07499002296
2335	0.07498989715
2336	0.07498888817
2337	0.07497925503
2338	0.07497924293
2339	0.07497913645
2340	0.07497867666
2341	0.07497812007
2342	0.07497808377
2343	0.07497651319
2344	0.07497640671
2345	0.0749758138
2346	0.07496635809
2347	0.07495013514
2348	0.07494965823
2349	0.07494278016
2350	0.07494275837
2351	0.07494275353
2352	0.07493961086
2353	0.07493697653
2354	0.07493633973
2355	0.07493628646
2356	0.07493611697
2357	0.07493598864
2358	0.07493518717
2359	0.07493239287
2360	0.07493222337
2361	0.07493075596
2362	0.07493064457
2363	0.07492985031
2364	0.07492979946
2365	0.0749175673
2366	0.07490026306
2367	0.07490015647
2368	0.07489715252
2369	0.07489044165
2370	0.07488806484
2371	0.07488758753
2372	0.07488648269
2373	0.07488642453
2374	0.07488638334
2375	0.07487954793
2376	0.07487951643
2377	0.07487941708
2378	0.07487541876
2379	0.07487237504
2380	0.07486933121
2381	0.07486417869
2382	0.07486412537
2383	0.07486395329
2384	0.07486381757
2385	0.07486023773
2386	0.07485952271
2387	0.0748440839
2388	0.07484125226
2389	0.07479946824
2390	0.07479782842
2391	0.07479771926
2392	0.07479583438
2393	0.07479583438
2394	0.07479572764
2395	0.07479125662
2396	0.07479065254
2397	0.07479064284
2398	0.07474847856
2399	0.07474795181
2400	0.07474742748
2401	0.07474653903
2402	0.07470057049
2403	0.07470048548
2404	0.07466823643
2405	0.07466820241
2406	0.0746681125
2407	0.07466794969
2408	0.07466793025
2409	0.07466782819
2410	0.07466778931
2411	0.07466770182
2412	0.0746656387
2413	0.07466261316
2414	0.07466259858
2415	0.07466064468
2416	0.07465948543
2417	0.07465944169
2418	0.07465934205
2419	0.07465808314
2420	0.07465785712
2421	0.07465517639
2422	0.07465508646
2423	0.07465504029
2424	0.07465352367
2425	0.07465338757
2426	0.07465198029
2427	0.07465184904
2428	0.0746516862
2429	0.07465162057
2430	0.07465138967
2431	0.07465125599
2432	0.07465020841
2433	0.07464858961
2434	0.07464855072
2435	0.07464733538
2436	0.07464644574
2437	0.07463990924
2438	0.07463865486
2439	0.07463654475
2440	0.0746363454
2441	0.07463628706
2442	0.07463452938
2443	0.07463054711
2444	0.07463021647
2445	0.07462912239
2446	0.07460336575
2447	0.07460327333
2448	0.07460324657
2449	0.07460321982
2450	0.07459806839
2451	0.07459572848
2452	0.07459522254
2453	0.07459511065
2454	0.07459252254
2455	0.07459220874
2456	0.07459130872
2457	0.07459115547
2458	0.07459057166
2459	0.07458577453
2460	0.0745830012
2461	0.07458243436
2462	0.07458024723
2463	0.07457973389
2464	0.07457600659
2465	0.07457441782
2466	0.07457408692
2467	0.07457107713
2468	0.07456940065
2469	0.07456779713
2470	0.07456697955
2471	0.07456617411
2472	0.07456585535
2473	0.07454804352
2474	0.07454708211
2475	0.07454632758
2476	0.07454589433
2477	0.07454585052
2478	0.07454570691
2479	0.07454540996
2480	0.07454462377
2481	0.07454407367
2482	0.0745366908
2483	0.07453624532
2484	0.07453574872
2485	0.0745347409
2486	0.07453444634
2487	0.07453199975
2488	0.0745293924
2489	0.07452866447
2490	0.07451799301
2491	0.07451779334
2492	0.07451775195
2493	0.07451679015
2494	0.07451110675
2495	0.07444426631
2496	0.07444423706
2497	0.07444417856
2498	0.07444400307
2499	0.07443560842
2500	0.07443556211
2501	0.07443485764
2502	0.07440000595
2503	0.07439874021
2504	0.07439844024
2505	0.07439030387
2506	0.0743896819
2507	0.07438813792
2508	0.07438806719
2509	0.07437994188
2510	0.07437907587
2511	0.07437860994
2512	0.07437854163
2513	0.07435458209
2514	0.07435399154
2515	0.07435371823
2516	0.07428633071
2517	0.07428418372
2518	0.07428400785
2519	0.07428389305
2520	0.07424370651
2521	0.07424287557
2522	0.07424273383
2523	0.07418238794
2524	0.07417694555
2525	0.07417593775
2526	0.07417544607
2527	0.07413013427
2528	0.07412939018
2529	0.07412886148
2530	0.074065172
2531	0.0740645669
2532	0.07406212929
2533	0.07406152171
2534	0.07406041924
2535	0.07406004929
2536	0.07405342183
2537	0.07405187084
2538	0.07405127788
2539	0.07405123868
2540	0.07405048154
2541	0.07404595573
2542	0.07404513973
2543	0.07404493144
2544	0.07404436783
2545	0.07404389733
2546	0.07404334352
2547	0.07404306171
2548	0.07404064789
2549	0.07403610432
2550	0.07401782428
2551	0.07400901354
2552	0.07400894489
2553	0.07400811132
2554	0.07400806719
2555	0.07400533351
2556	0.07400476714
2557	0.07400294298
2558	0.07400278606
2559	0.07397383122
2560	0.07397243064
2561	0.07397209951
2562	0.07397160893
2563	0.07397115023
2564	0.07397059097
2565	0.07396796874
2566	0.07396777495
2567	0.07396666126
2568	0.07394969393
2569	0.07394920566
2570	0.07394900201
2571	0.07394863887
2572	0.07394831008
2573	0.07394447734
2574	0.07394250691
2575	0.07394202841
2576	0.07394185173
2577	0.07394138304
2578	0.07393875486
2579	0.07393427374
2580	0.07392927204
2581	0.07392401473
2582	0.07392292003
2583	0.07392254203
2584	0.07392243894
2585	0.07392226222
2586	0.07391977327
2587	0.07391913998
2588	0.07391910316
2589	0.0739187276
2590	0.0739173137
2591	0.0739170265
2592	0.07391656011
2593	0.07391546284
2594	0.07391348673
2595	0.0739131946
2596	0.07391252197
2597	0.07391204082
2598	0.07391172659
2599	0.07390924957
2600	0.07390793615
2601	0.07390459726
2602	0.07390389755
2603	0.07390319783
2604	0.07390276326
2605	0.07390260613
2606	0.0739020488
2607	0.07390163878
2608	0.07390127049
2609	0.07390081873
2610	0.073886378
2611	0.07388284412
2612	0.07388254697
2613	0.07388182003
2614	0.07388164812
2615	0.07388138288
2616	0.07388124044
2617	0.07387932481
2618	0.07387889256
2619	0.07387393623
2620	0.0738195323
2621	0.0737919686
2622	0.07379193909
2623	0.07377928465
2624	0.07377879525
2625	0.07377840914
2626	0.07377809434
2627	0.07377784349
2628	0.07377747459
2629	0.073777268
2630	0.07377108491
2631	0.07374797613
2632	0.07374785311
2633	0.07374775716
2634	0.07374551575
2635	0.07374525494
2636	0.07374207846
2637	0.0737411902
2638	0.07374113361
2639	0.07374083588
2640	0.07373869761
2641	0.0737374156
2642	0.07373553315
2643	0.0737354175
2644	0.07373531907
2645	0.07373523048
2646	0.07373513943
2647	0.07373458576
2648	0.07373433476
2649	0.07373399024
2650	0.07373369741
2651	0.07373323723
2652	0.07373205111
2653	0.07369200682
2654	0.07369095299
2655	0.07369029311
2656	0.07368995331
2657	0.07368987452
2658	0.07368949287
2659	0.07368943623
2660	0.07368739989
2661	0.07368725215
2662	0.07368707486
2663	0.07368474788
2664	0.0736838417
2665	0.0736805025
2666	0.07367833539
2667	0.07367774927
2668	0.07367766061
2669	0.0736773577
2670	0.07367721733
2671	0.07367698091
2672	0.07367597612
2673	0.07367535058
2674	0.07367393201
2675	0.07367386798
2676	0.07367359953
2677	0.07367355767
2678	0.07367330646
2679	0.07367322765
2680	0.07367300599
2681	0.07367276463
2682	0.07367247155
2683	0.07367236565
2684	0.07367208981
2685	0.07367194696
2686	0.07367177949
2687	0.07367163664
2688	0.07366911214
2689	0.07366850378
2690	0.073668223
2691	0.07366795207
2692	0.07366768606
2693	0.07366564173
2694	0.07366538557
2695	0.07366507029
2696	0.07366261207
2697	0.07366256034
2698	0.07366068091
2699	0.07365266751
2700	0.07365231522
2701	0.07365196787
2702	0.07365170673
2703	0.07365145298
2704	0.07365120663
2705	0.07365045523
2706	0.07365020641
2707	0.07364996251
2708	0.0736498615
2709	0.07364816652
2710	0.07364803348
2711	0.07364796942
2712	0.07364777233
2713	0.07364736336
2714	0.07364720568
2715	0.07364542686
2716	0.07364539237
2717	0.07364532831
2718	0.07364508194
2719	0.07364475425
2720	0.07364455962
2721	0.07364428367
2722	0.07364406193
2723	0.07364384511
2724	0.0735966775
2725	0.07359666763
2726	0.07359644575
2727	0.07359474214
2728	0.07359428109
2729	0.07359407646
2730	0.07359405673
2731	0.07359373622
2732	0.07359301383
2733	0.07359288316
2734	0.07359267852
2735	0.07358934505
2736	0.07358902205
2737	0.07354895416
2738	0.07354889742
2739	0.07354860878
2740	0.07354810798
2741	0.07354806111
2742	0.07354794269
2743	0.07354770832
2744	0.07354764911
2745	0.07354747395
2746	0.07354727412
2747	0.07354600605
2748	0.07354578647
2749	0.07354511789
2750	0.07354495259
2751	0.07354436788
2752	0.07354420998
2753	0.07354374615
2754	0.07354355618
2755	0.07354332673
2756	0.07354313183
2757	0.07354306521
2758	0.0735426902
2759	0.07354255697
2760	0.07354235959
2761	0.07354192042
2762	0.07354174278
2763	0.07353869322
2764	0.07353854518
2765	0.07353842674
2766	0.07353337591
2767	0.07353257149
2768	0.07353191512
2769	0.07353101939
2770	0.07353001014
2771	0.07352827537
2772	0.07352806315
2773	0.07352801133
2774	0.07352798172
2775	0.07352746597
2776	0.07352726855
2777	0.07352475883
2778	0.07352373469
2779	0.07352355453
2780	0.07348971997
2781	0.07348873237
2782	0.07348864348
2783	0.07348223363
2784	0.07348207807
2785	0.0734820114
2786	0.07348190028
2787	0.07348172003
2788	0.07348167064
2789	0.0734814731
2790	0.07348133482
2791	0.07347207203
2792	0.07347202757
2793	0.073471425
2794	0.07347139536
2795	0.07347088415
2796	0.0734708397
2797	0.07347060755
2798	0.0734705631
2799	0.07347019019
2800	0.07347014326
2801	0.07347001978
2802	0.07346982221
2803	0.0734696765
2804	0.0734694888
2805	0.07346525568
2806	0.07346520134
2807	0.07346508526
2808	0.07346497659
2809	0.07346486792
2810	0.07346473455
2811	0.07343624209
2812	0.07343587147
2813	0.07343558239
2814	0.07343552062
2815	0.07343518211
2816	0.07343507093
2817	0.07343503881
2818	0.0734349968
2819	0.07343494244
2820	0.07343483126
2821	0.07343453723
2822	0.07343443839
2823	0.07343439886
2824	0.07343399858
2825	0.07343388492
2826	0.07343379103
2827	0.07343372679
2828	0.07343361313
2829	0.07342837223
2830	0.07342822396
2831	0.07342505354
2832	0.07342493986
2833	0.07342285912
2834	0.07342281463
2835	0.07342275285
2836	0.07342263176
2837	0.07342253044
2838	0.07342249832
2839	0.07341035609
2840	0.07341023992
2841	0.07340989389
2842	0.07340906588
2843	0.07340902633
2844	0.07340898678
2845	0.07340895959
2846	0.07340884095
2847	0.07340881129
2848	0.07340324233
2849	0.0734027702
2850	0.07340267874
2851	0.07340258233
2852	0.0734024884
2853	0.07340240435
2854	0.07338848612
2855	0.07335861606
2856	0.07335184606
2857	0.07334959503
2858	0.07334955545
2859	0.07334881334
2860	0.07334857091
2861	0.07334853133
2862	0.07334849917
2863	0.07334821717
2864	0.07334810585
2865	0.07334798711
2866	0.07334795248
2867	0.07334776694
2868	0.07334764078
2869	0.07333513978
2870	0.07333486019
2871	0.07333388288
2872	0.07333377154
2873	0.07333368742
2874	0.07333356123
2875	0.07333352906
2876	0.0733334969
2877	0.07333321236
2878	0.07333313318
2879	0.07333305896
2880	0.07333234142
2881	0.07333192574
2882	0.07333110922
2883	0.07333098302
2884	0.07333095333
2885	0.07333067126
2886	0.07333064404
2887	0.0733306193
2888	0.07333058466
2889	0.07333038176
2890	0.07333021845
2891	0.07332986709
2892	0.07332970379
2893	0.07332944645
2894	0.07332928809
2895	0.07332918417
2896	0.07332805089
2897	0.07332799398
2898	0.07332687305
2899	0.07332684336
2900	0.07332681366
2901	0.07332674685
2902	0.07331746205
2903	0.07331738533
2904	0.07331723932
2905	0.07331717003
2906	0.07331672456
2907	0.07331665774
2908	0.07331662804
2909	0.07331654885
2910	0.07331644986
2911	0.07331634344
2912	0.07331627167
2913	0.0733162395
2914	0.07331564801
2915	0.07331532628
2916	0.07331529658
2917	0.07331520749
2918	0.07331496495
2919	0.07330669843
2920	0.07330665387
2921	0.07330627765
2922	0.07330505986
2923	0.07330493362
2924	0.0733049064
2925	0.07330466878
2926	0.07330463907
2927	0.07330457224
2928	0.07330450294
2929	0.07330447818
2930	0.07330443363
2931	0.07330268363
2932	0.07330265392
2933	0.07330220342
2934	0.07330181232
2935	0.07330176777
2936	0.0733008618
2937	0.07330065387
2938	0.07330062911
2939	0.07330024296
2940	0.07329828244
2941	0.07323874393
2942	0.07323769349
2943	0.07323731939
2944	0.07323574121
2945	0.073235709
2946	0.07323560247
2947	0.07323548354
2948	0.07323540426
2949	0.07323536958
2950	0.07323190091
2951	0.07323183897
2952	0.07323180924
2953	0.0732230749
2954	0.0732230526
2955	0.07322293366
2956	0.07322291631
2957	0.07322287914
2958	0.07322285932
2959	0.07322279985
2960	0.07322277507
2961	0.07322275276
2962	0.07322272303
2963	0.07322269825
2964	0.07322213822
2965	0.07322182351
2966	0.07322180617
2967	0.07322177891
2968	0.07322168227
2969	0.07322140721
2970	0.07322130313
2971	0.07322100824
2972	0.07322097851
2973	0.07322091903
2974	0.07320045742
2975	0.07320043263
2976	0.07319972866
2977	0.07319970635
2978	0.07319206392
2979	0.07319183337
2980	0.07319137971
2981	0.07319136483
2982	0.07319075003
2983	0.07319072524
2984	0.0731906707
2985	0.07319057649
2986	0.07319044758
2987	0.0731902319
2988	0.07316107948
2989	0.07316092076
2990	0.07313952198
2991	0.07313949469
2992	0.07313943019
2993	0.07313941035
2994	0.07313566423
2995	0.07313557491
2996	0.07313532682
2997	0.07313363728
2998	0.07313340902
2999	0.07313338669
3000	0.07313336685
3001	0.07313295996
3002	0.07313293019
3003	0.07310744558
3004	0.07310716265
3005	0.0731001137
3006	0.07310008888
3007	0.073099307
3008	0.07308865275
3009	0.07308800977
3010	0.07308786827
3011	0.07308448446
3012	0.07308445964
3013	0.07308441495
3014	0.07308435536
3015	0.07308433054
3016	0.0730842064
3017	0.07308418406
3018	0.07308411206
3019	0.07308402268
3020	0.0730839631
3021	0.07308394324
3022	0.07308388614
3023	0.07308386628
3024	0.07308377193
3025	0.07308375952
3026	0.07308367262
3027	0.07308362794
3028	0.07308135623
3029	0.07308116257
3030	0.07308109802
3031	0.07308101609
3032	0.07308099871
3033	0.07307927563
3034	0.07307916638
3035	0.073079149
3036	0.07307493548
3037	0.07307489078
3038	0.07307113639
3039	0.0730711215
3040	0.07307107928
3041	0.07307104203
3042	0.07306945281
3043	0.07306922933
3044	0.07306895369
3045	0.07306882705
3046	0.07306881215
3047	0.07306862094
3048	0.07306860108
3049	0.07306733711
3050	0.073067131
3051	0.07306645555
3052	0.07306642823
3053	0.0730664034
3054	0.07306639347
3055	0.07306630407
3056	0.07306624944
3057	0.07306346313
3058	0.07306325452
3059	0.07306323217
3060	0.07306287705
3061	0.07306282241
3062	0.07306280255
3063	0.07306270818
3064	0.07306075619
3065	0.07306027439
3066	0.07306007323
3067	0.07305970567
3068	0.07305477572
3069	0.07305262979
3070	0.07305022051
3071	0.07303970815
3072	0.07303960381
3073	0.07303952929
3074	0.07303917902
3075	0.07303915666
3076	0.07303382534
3077	0.0730338005
3078	0.07303359181
3079	0.07303357442
3080	0.07303355454
3081	0.07303278686
3082	0.07303270735
3083	0.073032285
3084	0.07303220053
3085	0.07303217568
3086	0.07303199432
3087	0.07303196947
3088	0.07303190488
3089	0.07302987256
3090	0.07302984026
3091	0.07302979306
3092	0.07302977069
3093	0.07302962659
3094	0.07302956199
3095	0.07302952473
3096	0.07302950236
3097	0.07302947752
3098	0.0730290626
3099	0.07302901042
3100	0.07302881663
3101	0.07299759139
3102	0.07299559291
3103	0.0729955432
3104	0.07299550591
3105	0.07298522185
3106	0.07298503042
3107	0.07298496579
3108	0.07298494093
3109	0.07298492104
3110	0.07298412549
3111	0.07298384705
3112	0.07298378987
3113	0.07296873997
3114	0.07296868526
3115	0.07296860569
3116	0.0729685858
3117	0.07296753892
3118	0.07296752152
3119	0.07296750411
3120	0.07296723804
3121	0.07296655669
3122	0.07296650696
3123	0.07296630305
3124	0.07295895449
3125	0.07295893957
3126	0.0729581139
3127	0.07295788261
3128	0.07295786272
3129	0.07295767122
3130	0.07295765879
3131	0.07295764386
3132	0.07295745485
3133	0.07295733548
3134	0.07295724346
3135	0.07295699724
3136	0.07295695994
3137	0.07295661922
3138	0.0729564501
3139	0.07295635808
3140	0.07295627103
3141	0.07295505735
3142	0.07294831706
3143	0.07294823746
3144	0.07294821756
3145	0.072877957
3146	0.07287531039
3147	0.07287521827
3148	0.07285116779
3149	0.07285103329
3150	0.07285102831
3151	0.0728503135
3152	0.07285030354
3153	0.07285009681
3154	0.07284573802
3155	0.07284481393
3156	0.07284470682
3157	0.0728446595
3158	0.07284458477
3159	0.07284455239
3160	0.07284451752
3161	0.0728444951
3162	0.0728444677
3163	0.07284421861
3164	0.0728440044
3165	0.07284397949
3166	0.07284377773
3167	0.07284344644
3168	0.07284171027
3169	0.07284168536
3170	0.07284148111
3171	0.07284002637
3172	0.07283998153
3173	0.07283993421
3174	0.07281410783
3175	0.07279684695
3176	0.07279682202
3177	0.0727965628
3178	0.07279654286
3179	0.0727758273
3180	0.07275636275
3181	0.07275633532
3182	0.07275630789
3183	0.0727561383
3184	0.07272723601
3185	0.07272715867
3186	0.07271225777
3187	0.07271200324
3188	0.07271199076
3189	0.07271194585
3190	0.07271192838
3191	0.0727117537
3192	0.07271173873
3193	0.07271172625
3194	0.0727116464
3195	0.07271162144
3196	0.07271068317
3197	0.07271059333
3198	0.07270960763
3199	0.07270939551
3200	0.07270497837
3201	0.07270492098
3202	0.07270487855
3203	0.07270432452
3204	0.07270023153
3205	0.07269859676
3206	0.07269858179
3207	0.07269856432
3208	0.0726971816
3209	0.07269717411
3210	0.07269662501
3211	0.07269661253
3212	0.07269659756
3213	0.07269437116
3214	0.07269435619
3215	0.07269430128
3216	0.07269417398
3217	0.07269415651
3218	0.07267876702
3219	0.07267729155
3220	0.07267724911
3221	0.07267717421
3222	0.07267715673
3223	0.07267376629
3224	0.07266823838
3225	0.07266818594
3226	0.07266816097
3227	0.07266746683
3228	0.07266745435
3229	0.07266743188
3230	0.07266741689
3231	0.07266740191
3232	0.07266486
3233	0.07266484002
3234	0.07266467522
3235	0.07266466274
3236	0.07266462029
3237	0.07264204374
3238	0.07264030525
3239	0.07264027777
3240	0.07264026528
3241	0.07263964831
3242	0.07263963832
3243	0.07263962333
3244	0.07263945847
3245	0.07263944598
3246	0.07263935856
3247	0.07263517947
3248	0.07263517198
3249	0.07260420229
3250	0.07258325684
3251	0.07258195692
3252	0.07258161694
3253	0.07258155444
3254	0.07258154194
3255	0.07257993701
3256	0.07257992201
3257	0.07251875789
3258	0.07251868033
3259	0.07251851019
3260	0.07251843263
3261	0.07251841761
3262	0.0725184076
3263	0.07250383418
3264	0.07250346881
3265	0.07247270071
3266	0.07247268569
3267	0.07247260808
3268	0.07247218747
3269	0.07246806885
3270	0.07246798873
3271	0.0724643982
3272	0.0724634467
3273	0.07246343669
3274	0.07246312369
3275	0.07246310867
3276	0.07246161379
3277	0.07243970035
3278	0.07243969033
3279	0.07243968031
3280	0.07243891886
3281	0.07243890634
3282	0.07243693503
3283	0.0724368649
3284	0.07243685488
3285	0.07243637394
3286	0.07243605081
3287	0.07243597316
3288	0.07243514153
3289	0.07243513652
3290	0.07243485847
3291	0.07243485095
3292	0.07243477831
3293	0.07243477079
3294	0.07243475577
3295	0.07243467561
3296	0.07243466809
3297	0.07243464304
3298	0.07243460547
3299	0.07243459795
3300	0.07243440507
3301	0.07243402432
3302	0.07243382893
3303	0.07243381641
3304	0.07243380639
3305	0.07243379887
3306	0.07243364607
3307	0.07240681275
3308	0.07240117674
3309	0.07240116672
3310	0.07239866057
3311	0.07239864052
3312	0.07239860293
3313	0.07239859792
3314	0.07239852774
3315	0.07239845506
3316	0.07239845005
3317	0.07239843502
3318	0.0723901315
3319	0.0723897054
3320	0.07238963522
3321	0.07238722141
3322	0.07238715624
3323	0.07238686798
3324	0.07238685796
3325	0.07238685044
3326	0.07238683289
3327	0.07238631653
3328	0.07238441398
3329	0.07238402294
3330	0.07238366698
3331	0.07234422067
3332	0.07234420813
3333	0.07234407018
3334	0.07234406015
3335	0.07234395983
3336	0.0723439523
3337	0.07234394227
3338	0.07234374162
3339	0.07234196336
3340	0.07234195584
3341	0.0723418831
3342	0.07234187809
3343	0.07234157711
3344	0.07234149685
3345	0.07234122596
3346	0.07234122346
3347	0.07233833648
3348	0.07228679301
3349	0.07227205991
3350	0.07227203731
3351	0.07227202978
3352	0.07227201723
3353	0.07227199212
3354	0.07227035771
3355	0.07227031001
3356	0.07227031001
3357	0.07227029997
3358	0.07227029244
3359	0.07227024724
3360	0.07226972754
3361	0.07226947145
3362	0.07226946894
3363	0.07226938107
3364	0.07226937102
3365	0.07226931328
3366	0.07226930072
3367	0.0722692957
3368	0.07226928817
3369	0.07226713649
3370	0.07226712896
3371	0.07226712393
3372	0.07226711891
3373	0.07223135443
3374	0.07223135192
3375	0.07223132931
3376	0.07223131424
3377	0.07223130921
3378	0.07223118361
3379	0.07223117859
3380	0.07223117105
3381	0.07220427506
3382	0.07220400869
3383	0.07220394838
3384	0.07220260645
3385	0.07220255619
3386	0.07220254865
3387	0.07220237023
3388	0.0722023652
3389	0.07220235515
3390	0.07220155098
3391	0.07220154596
3392	0.07220080712
3393	0.07217286655
3394	0.07217284895
3395	0.07213701006
3396	0.07213697988
3397	0.07213697485
3398	0.07213450732
3399	0.07211186041
3400	0.07210919827
3401	0.07210903471
3402	0.07210208951
3403	0.07204707797
3404	0.07200975537
3405	0.07200088791
3406	0.07198928221
3407	0.07198927464
3408	0.07198908309
3409	0.07198557706
3410	0.07198300351
3411	0.07194990464
3412	0.07194986933
3413	0.0719498315
3414	0.07194505753
3415	0.07193634604
3416	0.07193595256
3417	0.07193462834
3418	0.07190926155
3419	0.07190889316
3420	0.07190673321
3421	0.07187625242
3422	0.07187349571
3423	0.07187348309
3424	0.07187341241
3425	0.07187327103
3426	0.07187324074
3427	0.07186889845
3428	0.07186862073
3429	0.07186757046
3430	0.07186753511
3431	0.07185506195
3432	0.07180205463
3433	0.07180199398
3434	0.07179949472
3435	0.07179948461
3436	0.07179947197
3437	0.07179946187
3438	0.07179943154
3439	0.07179876944
3440	0.07179746037
3441	0.07179744015
3442	0.07174627943
3443	0.07174567247
3444	0.07174185611
3445	0.07174184093
3446	0.07174183082
3447	0.07173941545
3448	0.07173939775
3449	0.07170912163
3450	0.0717091115
3451	0.07170860038
3452	0.07170642429
3453	0.07170641922
3454	0.0717063838
3455	0.07170600424
3456	0.07170380023
3457	0.0717037319
3458	0.07170044727
3459	0.0716993591
3460	0.07168721103
3461	0.07168591511
3462	0.0716848571
3463	0.07168479382
3464	0.07167634688
3465	0.0716748128
3466	0.07164467654
3467	0.07164456511
3468	0.07164442328
3469	0.07161985816
3470	0.07161784657
3471	0.07160474457
3472	0.07160265908
3473	0.07160244875
3474	0.07158456112
3475	0.07158417838
3476	0.07156558136
3477	0.07156351247
3478	0.07156345923
3479	0.07155520336
3480	0.07155421949
3481	0.07155417131
3482	0.071553441
3483	0.07155226692
3484	0.07155224663
3485	0.07155222888
3486	0.07155217563
3487	0.07154910719
3488	0.07153456712
3489	0.07153322278
3490	0.07153242631
3491	0.07148875913
3492	0.07148863222
3493	0.07148842664
3494	0.07148728702
3495	0.07148716519
3496	0.07148713473
3497	0.07148478437
3498	0.07148375384
3499	0.0714778902
3500	0.07147658541
3501	0.07147540753
3502	0.07147323448
3503	0.07147293746
3504	0.07147273945
3505	0.07147257951
3506	0.07146723796
3507	0.07146351844
3508	0.07145895574
3509	0.07145886179
3510	0.07144095599
3511	0.07143967339
3512	0.07143964037
3513	0.0713789786
3514	0.0713789608
3515	0.07137894047
3516	0.07137887946
3517	0.07137846511
3518	0.07137842444
3519	0.07137596881
3520	0.07137299958
3521	0.07137296907
3522	0.07137185049
3523	0.07137147424
3524	0.07137086409
3525	0.07137084375
3526	0.07137005818
3527	0.07137004039
3528	0.07136983192
3529	0.07131210301
3530	0.07130627106
3531	0.07130331674
3532	0.07129468208
3533	0.07129466681
3534	0.07129464645
3535	0.07129195379
3536	0.07129117498
3537	0.0712911139
3538	0.07126114638
3539	0.07123054471
3540	0.07122956909
3541	0.07122792859
3542	0.07122790567
3543	0.07122778849
3544	0.07122425772
3545	0.0712123267
3546	0.07121231142
3547	0.07120963603
3548	0.07120733001
3549	0.07118042187
3550	0.07115402121
3551	0.07115175165
3552	0.07115149918
3553	0.07115146348
3554	0.07114432788
3555	0.07114411365
3556	0.07114334598
3557	0.07114058638
3558	0.0711399411
3559	0.07113929326
3560	0.07111669683
3561	0.07111668152
3562	0.0711166458
3563	0.07111658457
3564	0.07111507414
3565	0.07111359175
3566	0.07108460869
3567	0.07108453722
3568	0.0710844249
3569	0.07108347791
3570	0.07108310268
3571	0.0710767567
3572	0.07107381581
3573	0.07103996641
3574	0.07101343688
3575	0.07101335767
3576	0.07099846765
3577	0.07099489736
3578	0.07097968905
3579	0.07096846348
3580	0.0709684507
3581	0.07096656894
3582	0.07096447748
3583	0.0709642985
3584	0.07092157094
3585	0.07092151977
3586	0.07091803516
3587	0.07091419217
3588	0.07090951223
3589	0.07090521072
3590	0.07089823972
3591	0.07085820206
3592	0.07082885576
3593	0.07082883015
3594	0.07082852274
3595	0.07082589433
3596	0.07082586359
3597	0.07082553568
3598	0.07082542552
3599	0.07082536659
3600	0.07082140072
3601	0.07080771572
3602	0.07080759784
3603	0.07080537355
3604	0.07080388468
3605	0.0707695626
3606	0.07076619871
3607	0.07076614486
3608	0.0707659218
3609	0.07072916735
3610	0.07072316675
3611	0.07072100138
3612	0.0707100401
3613	0.07071000418
3614	0.07070886484
3615	0.07070665285
3616	0.07070577265
3617	0.0707056392
3618	0.07069559695
3619	0.07069529409
3620	0.07069471147
3621	0.07069322283
3622	0.07069167512
3623	0.07069165459
3624	0.07069154679
3625	0.07069120285
3626	0.07069098468
3627	0.07068861554
3628	0.07068739373
3629	0.07068714987
3630	0.07068547625
3631	0.07066575946
3632	0.070665685
3633	0.07060501101
3634	0.07060376462
3635	0.07060234344
3636	0.07055270787
3637	0.07053838683
3638	0.07053680743
3639	0.07053622608
3640	0.0705152865
3641	0.07051517328
3642	0.07051509608
3643	0.07051501889
3644	0.07051368085
3645	0.07043318163
3646	0.07043305798
3647	0.07042574911
3648	0.07042560741
3649	0.07041547626
3650	0.0703972664
3651	0.07038739926
3652	0.0703873606
3653	0.07037764418
3654	0.07032661161
3655	0.07032658065
3656	0.07032530868
3657	0.07032229508
3658	0.07031995739
3659	0.07031993159
3660	0.07031960905
3661	0.070305958
3662	0.07030589864
3663	0.07030571283
3664	0.07030566379
3665	0.07030558379
3666	0.07030410755
3667	0.07030312682
3668	0.07027541288
3669	0.07027514953
3670	0.07027506691
3671	0.07026065829
3672	0.07026063505
3673	0.07026059373
3674	0.07026051626
3675	0.07025760577
3676	0.0702547184
3677	0.07025443947
3678	0.07025353036
3679	0.07024389617
3680	0.07020573386
3681	0.07020562273
3682	0.07015308131
3683	0.07015300113
3684	0.07015050519
3685	0.07014326518
3686	0.07011503261
3687	0.0701139923
3688	0.07010722473
3689	0.07010399729
3690	0.07006973117
3691	0.07002571155
3692	0.07001850787
3693	0.07001840421
3694	0.07001751536
3695	0.0700173521
3696	0.07001704631
3697	0.07001396243
3698	0.0700135426
3699	0.07001193062
3700	0.07001090174
3701	0.07001040414
3702	0.07000556789
3703	0.06998670436
3704	0.06997970409
3705	0.06997637483
3706	0.06995112795
3707	0.06994886346
3708	0.06994684014
3709	0.06993935334
3710	0.06993187092
3711	0.06993044129
3712	0.06992260242
3713	0.06992231957
3714	0.06992223912
3715	0.06992214052
3716	0.06992082746
3717	0.06992074701
3718	0.06991946766
3719	0.06991545299
3720	0.06991509226
3721	0.06991352214
3722	0.0699133197
3723	0.06991211289
3724	0.06990869216
3725	0.06990817047
3726	0.0699016711
3727	0.06990138817
3728	0.06988915603
3729	0.06988911969
3730	0.06988737503
3731	0.06988730234
3732	0.06988726339
3733	0.06988611065
3734	0.06986900677
3735	0.06985882866
3736	0.06985760791
3737	0.06985755337
3738	0.0698479321
3739	0.06983847579
3740	0.06983841084
3741	0.06983828353
3742	0.06981621202
3743	0.06981581179
3744	0.06981498533
3745	0.06981396654
3746	0.06981371704
3747	0.06980978206
3748	0.06977497099
3749	0.06977388401
3750	0.06976804831
3751	0.06976634744
3752	0.06973319039
3753	0.06970887838
3754	0.06970878728
3755	0.06970652272
3756	0.06967843869
3757	0.06967736582
3758	0.06967470701
3759	0.06967465233
3760	0.06967433982
3761	0.06966204699
3762	0.06965300307
3763	0.06964922053
3764	0.06964875422
3765	0.06964775644
3766	0.06964766005
3767	0.0696475845
3768	0.06958009833
3769	0.06958006183
3770	0.06957847632
3771	0.06957840069
3772	0.06957678125
3773	0.0695767343
3774	0.06957395951
3775	0.06957340141
3776	0.06957335707
3777	0.06957035002
3778	0.06956298964
3779	0.06956293747
3780	0.06956041254
3781	0.06954774997
3782	0.06954672726
3783	0.06954668813
3784	0.06954622634
3785	0.06954613763
3786	0.06954572541
3787	0.06954531841
3788	0.06954262846
3789	0.06953749092
3790	0.06953745438
3791	0.06953635847
3792	0.06953627497
3793	0.06953613928
3794	0.06953497028
3795	0.06953397869
3796	0.06953278095
3797	0.0695327392
3798	0.06952607686
3799	0.06952570105
3800	0.06952302078
3801	0.06952299208
3802	0.06946532692
3803	0.06945998252
3804	0.06945739637
3805	0.06945377821
3806	0.06945372335
3807	0.06945111085
3808	0.06944643683
3809	0.0694455093
3810	0.06942567296
3811	0.06942519991
3812	0.06942510582
3813	0.06942442107
3814	0.06942434789
3815	0.06942377291
3816	0.0693839043
3817	0.0693795945
3818	0.06937936436
3819	0.06936538179
3820	0.06936318973
3821	0.06936315833
3822	0.06936139522
3823	0.06935675963
3824	0.0693567073
3825	0.06932889508
3826	0.06932355586
3827	0.06931945433
3828	0.06926979271
3829	0.06926976128
3830	0.06926955434
3831	0.06926206506
3832	0.06926109315
3833	0.06925837645
3834	0.06925251827
3835	0.06925045102
3836	0.06925002132
3837	0.06924643687
3838	0.06918892148
3839	0.06918866448
3840	0.06918818194
3841	0.06918808229
3842	0.06918752894
3843	0.06918510832
3844	0.06917592861
3845	0.06916597905
3846	0.06915282445
3847	0.06914924283
3848	0.06914913263
3849	0.06914862095
3850	0.069148495
3851	0.06914846089
3852	0.069146115
3853	0.06914609663
3854	0.0691458421
3855	0.06914375329
3856	0.06912614287
3857	0.06911516493
3858	0.06910628575
3859	0.0690656848
3860	0.06906533539
3861	0.06904677472
3862	0.06904153458
3863	0.06904070937
3864	0.0690406095
3865	0.06903708777
3866	0.06903560018
3867	0.06902318307
3868	0.06902295174
3869	0.06900651477
3870	0.06900488978
3871	0.06900473465
3872	0.0689972324
3873	0.068966818
3874	0.06896660489
3875	0.06896295836
3876	0.06895350698
3877	0.06894416748
3878	0.06894392799
3879	0.06893960122
3880	0.06893267887
3881	0.06892994659
3882	0.06892987025
3883	0.068929557
3884	0.06888633123
3885	0.06888538562
3886	0.06888306239
3887	0.06885454762
3888	0.06885416815
3889	0.06885221807
3890	0.06885115341
3891	0.06884207149
3892	0.06884194498
3893	0.06884165506
3894	0.06882767924
3895	0.06882617394
3896	0.06882542787
3897	0.06882532769
3898	0.06880904128
3899	0.06880734044
3900	0.06880702136
3901	0.06880630672
3902	0.06876510121
3903	0.06876013251
3904	0.0687385595
3905	0.06873750891
3906	0.06873545521
3907	0.0687315113
3908	0.06872714211
3909	0.06872709195
3910	0.06871932176
3911	0.06871910789
3912	0.06871889666
3913	0.06871873296
3914	0.06871829201
3915	0.06871497293
3916	0.06871328296
3917	0.06871260432
3918	0.06871160879
3919	0.06868906959
3920	0.06868691406
3921	0.06868683481
3922	0.06868666047
3923	0.06868498301
3924	0.06866694578
3925	0.0686648794
3926	0.06864508444
3927	0.06864344033
3928	0.06864319979
3929	0.06863801079
3930	0.06863778609
3931	0.06863603342
3932	0.06862068572
3933	0.06859354322
3934	0.06859300888
3935	0.06859064929
3936	0.06858555684
3937	0.0685517625
3938	0.0685516725
3939	0.06851728945
3940	0.06851311582
3941	0.06851232132
3942	0.06851195849
3943	0.06849005299
3944	0.06848932445
3945	0.0684867043
3946	0.0684847782
3947	0.06848402841
3948	0.0684838085
3949	0.06848037207
3950	0.06848033763
3951	0.06847573513
3952	0.0684733397
3953	0.06847260038
3954	0.06847118798
3955	0.06845523345
3956	0.06845505321
3957	0.06841904105
3958	0.06841881033
3959	0.06840323882
3960	0.06840162073
3961	0.06840153319
3962	0.06840122018
3963	0.06839503921
3964	0.06838993485
3965	0.06838837481
3966	0.06838065635
3967	0.06836474174
3968	0.06836430117
3969	0.06834418022
3970	0.06834408995
3971	0.06834385632
3972	0.06833128695
3973	0.06831538474
3974	0.06831519882
3975	0.06831443389
3976	0.06831248169
3977	0.06831218155
3978	0.0683121417
3979	0.0683120089
3980	0.06831069145
3981	0.06830993975
3982	0.06830974319
3983	0.06830966085
3984	0.06830532843
3985	0.06830524608
3986	0.06830503623
3987	0.06829580199
3988	0.06829552569
3989	0.06829511654
3990	0.06827200399
3991	0.06827179137
3992	0.06827143524
3993	0.06827125983
3994	0.06826499534
3995	0.06824292016
3996	0.06824274999
3997	0.06824077446
3998	0.06824068938
3999	0.06824058834
4000	0.06824052985
4001	0.0682399502
4002	0.06823988373
4003	0.0682390568
4004	0.06823819795
4005	0.06823797725
4006	0.06823787355
4007	0.06821191406
4008	0.06820207661
4009	0.06820176268
4010	0.06817955525
4011	0.06817887928
4012	0.0681765027
4013	0.06817644148
4014	0.06817638293
4015	0.06816775145
4016	0.06816745068
4017	0.06816732291
4018	0.06816729363
4019	0.06816458391
4020	0.06816434966
4021	0.06816397434
4022	0.06815473696
4023	0.06814588174
4024	0.06814570335
4025	0.06812963265
4026	0.0680967578
4027	0.06809488462
4028	0.06808590969
4029	0.06808575246
4030	0.06808377504
4031	0.06808331932
4032	0.06805503202
4033	0.0680535123
4034	0.06805314969
4035	0.06805307237
4036	0.06805298705
4037	0.06805287774
4038	0.06803983861
4039	0.06800482057
4040	0.06800471918
4041	0.06800459645
4042	0.06799799518
4043	0.06799563895
4044	0.06799539879
4045	0.06799337338
4046	0.06799260483
4047	0.06799241269
4048	0.06799063537
4049	0.06798994151
4050	0.06798782253
4051	0.06798693382
4052	0.06797961285
4053	0.06797495243
4054	0.06797433582
4055	0.06796310776
4056	0.06796292355
4057	0.06795950616
4058	0.06795794159
4059	0.06795775202
4060	0.06794783237
4061	0.06794278521
4062	0.06794058464
4063	0.06793602303
4064	0.06793577464
4065	0.06793518172
4066	0.06791733808
4067	0.06791696139
4068	0.06791676369
4069	0.06790925347
4070	0.06790903705
4071	0.06783792243
4072	0.06783766031
4073	0.06781374434
4074	0.06779765651
4075	0.06779754946
4076	0.06779682686
4077	0.06777548266
4078	0.06777428328
4079	0.06777368359
4080	0.06777362737
4081	0.06777323917
4082	0.06777318563
4083	0.06777302499
4084	0.06774587498
4085	0.0677200752
4086	0.06767854347
4087	0.06767822979
4088	0.06767058585
4089	0.06766901727
4090	0.0676689127
4091	0.06766867674
4092	0.0676684944
4093	0.06766790986
4094	0.06766719124
4095	0.06766704108
4096	0.06766686679
4097	0.06765948973
4098	0.06765939319
4099	0.06765889439
4100	0.06765649685
4101	0.067653241
4102	0.06765256514
4103	0.06765244177
4104	0.06763068176
4105	0.0676021138
4106	0.06760206012
4107	0.06758309222
4108	0.06757234424
4109	0.06756761276
4110	0.06755248162
4111	0.06755152809
4112	0.06755144751
4113	0.0675511413
4114	0.06754669308
4115	0.06754648355
4116	0.06754642177
4117	0.0675459275
4118	0.06754097657
4119	0.06754065688
4120	0.06753817724
4121	0.06753773127
4122	0.06753737664
4123	0.06753685813
4124	0.06753681515
4125	0.06752640911
4126	0.06752543372
4127	0.06752537729
4128	0.06752507903
4129	0.06752501722
4130	0.06752436695
4131	0.06752404181
4132	0.06752389402
4133	0.06752374354
4134	0.06752307713
4135	0.06752235697
4136	0.06751464431
4137	0.06750560299
4138	0.06750554117
4139	0.06745652115
4140	0.06745633017
4141	0.06745461136
4142	0.0674418359
4143	0.06744082162
4144	0.06744074091
4145	0.06743905936
4146	0.06742916028
4147	0.0674285629
4148	0.06742032818
4149	0.06737908025
4150	0.06737764223
4151	0.06737732984
4152	0.0673750731
4153	0.06737484958
4154	0.06737303981
4155	0.06737264931
4156	0.06737252542
4157	0.06737222917
4158	0.06737131887
4159	0.06735680631
4160	0.06735632412
4161	0.06735625947
4162	0.06735610862
4163	0.06735586618
4164	0.06735579614
4165	0.06735552137
4166	0.06735081507
4167	0.06734930909
4168	0.06734923365
4169	0.06734846044
4170	0.06733779358
4171	0.06733689629
4172	0.06733654868
4173	0.06733611485
4174	0.06733469208
4175	0.06733454657
4176	0.06732821378
4177	0.06732225233
4178	0.06731994522
4179	0.06731990749
4180	0.0673191016
4181	0.06731160017
4182	0.06731153818
4183	0.06731147079
4184	0.06731129827
4185	0.06731116349
4186	0.06730966471
4187	0.06730496868
4188	0.06730490398
4189	0.06730485006
4190	0.06730445647
4191	0.06728713589
4192	0.06728187466
4193	0.06726336407
4194	0.06725817922
4195	0.06725812526
4196	0.06725762618
4197	0.06725747241
4198	0.06725738068
4199	0.067228144
4200	0.06722795777
4201	0.06722778234
4202	0.06721643227
4203	0.06721636478
4204	0.0672163027
4205	0.06721611914
4206	0.06721611104
4207	0.06721608404
4208	0.06721503936
4209	0.06721485039
4210	0.06721088745
4211	0.06721069307
4212	0.06721040151
4213	0.06720697826
4214	0.06720693776
4215	0.06720554196
4216	0.06720547986
4217	0.06720527197
4218	0.06720374383
4219	0.06720302565
4220	0.06720211846
4221	0.06720186466
4222	0.06719877849
4223	0.06719873799
4224	0.06719621063
4225	0.06719602971
4226	0.06719541946
4227	0.06719535735
4228	0.06719501172
4229	0.0671948524
4230	0.06719246261
4231	0.06719226278
4232	0.06719210076
4233	0.06719207375
4234	0.06719201975
4235	0.06719084777
4236	0.06718882781
4237	0.06718263252
4238	0.06717820041
4239	0.06717811668
4240	0.06717517258
4241	0.0671749781
4242	0.06716438094
4243	0.06716433231
4244	0.06716223591
4245	0.06716197926
4246	0.06716191172
4247	0.0671613795
4248	0.06716119038
4249	0.06716112014
4250	0.06716022589
4251	0.06716009081
4252	0.06715719185
4253	0.06714953723
4254	0.06714941564
4255	0.06714549476
4256	0.06713660643
4257	0.06712341634
4258	0.06712314061
4259	0.06712290814
4260	0.06712288111
4261	0.06712279731
4262	0.06712271081
4263	0.06712267296
4264	0.06712182957
4265	0.06712181875
4266	0.0671217782
4267	0.06712174306
4268	0.06711934256
4269	0.06711926146
4270	0.06711821527
4271	0.06711814768
4272	0.0671143115
4273	0.06711149437
4274	0.06711134026
4275	0.06711125645
4276	0.06711113208
4277	0.0671065925
4278	0.06710581109
4279	0.06707792307
4280	0.06707737666
4281	0.06707736584
4282	0.06707720354
4283	0.06707709263
4284	0.06707467701
4285	0.06705825223
4286	0.0670557791
4287	0.0670522803
4288	0.06704724421
4289	0.0670471116
4290	0.06704706289
4291	0.06704704124
4292	0.06704687616
4293	0.06704049184
4294	0.06704045395
4295	0.06704044853
4296	0.06703422059
4297	0.06703193335
4298	0.06703177635
4299	0.0670286634
4300	0.06700732093
4301	0.06700725052
4302	0.06700592638
4303	0.06700556893
4304	0.06700522774
4305	0.06700505172
4306	0.06700502193
4307	0.0670048053
4308	0.06700476197
4309	0.06700438557
4310	0.06700431787
4311	0.06697520641
4312	0.06697511972
4313	0.06697507095
4314	0.06697393852
4315	0.06697390601
4316	0.06697385996
4317	0.06697382474
4318	0.06695575741
4319	0.06695551623
4320	0.06695067883
4321	0.06695065715
4322	0.06695056771
4323	0.06695049454
4324	0.06695039426
4325	0.06695033193
4326	0.0669501368
4327	0.06695004465
4328	0.06695002026
4329	0.06694945655
4330	0.06694920179
4331	0.06694271871
4332	0.06694264553
4333	0.06694136618
4334	0.06694083763
4335	0.06693379531
4336	0.06693374652
4337	0.06693364351
4338	0.0669336164
4339	0.06693335345
4340	0.06693325044
4341	0.06691874049
4342	0.0669186971
4343	0.06691864287
4344	0.06691830666
4345	0.06691827954
4346	0.06691189651
4347	0.066911826
4348	0.06691176364
4349	0.0669103237
4350	0.06691030743
4351	0.0669102532
4352	0.06690920916
4353	0.06690858002
4354	0.06690852849
4355	0.06690807833
4356	0.06690805121
4357	0.0669080268
4358	0.06690794816
4359	0.06689958698
4360	0.0668995707
4361	0.06689936729
4362	0.06689922354
4363	0.06689882485
4364	0.06689880857
4365	0.06689846141
4366	0.06689751754
4367	0.06689747957
4368	0.06689743346
4369	0.0668971568
4370	0.06689712426
4371	0.0668968693
4372	0.06689178353
4373	0.06689147973
4374	0.06689127358
4375	0.0668911705
4376	0.06689102402
4377	0.06689087483
4378	0.06688904926
4379	0.06688885124
4380	0.06688860168
4381	0.06688831413
4382	0.06688814324
4383	0.06688809441
4384	0.06688805101
4385	0.06688547121
4386	0.06688517552
4387	0.06688469536
4388	0.06688414465
4389	0.06688410939
4390	0.06688393305
4391	0.06688390593
4392	0.06688362922
4393	0.06688360751
4394	0.06685010905
4395	0.06685009005
4396	0.06685006834
4397	0.06684247084
4398	0.06684210438
4399	0.06684170534
4400	0.0668416972
4401	0.06684157504
4402	0.06684151804
4403	0.06684119772
4404	0.06684092626
4405	0.0668091826
4406	0.06680915816
4407	0.06680874263
4408	0.06680637433
4409	0.06680621409
4410	0.06680621409
4411	0.06680612175
4412	0.06680598051
4413	0.06680340027
4414	0.06680319656
4415	0.06680312322
4416	0.06677777164
4417	0.0667735545
4418	0.06677132626
4419	0.06676364643
4420	0.06676157006
4421	0.06676144232
4422	0.06676143416
4423	0.06676132817
4424	0.06676100475
4425	0.06676065415
4426	0.06672717825
4427	0.0667263217
4428	0.06672627819
4429	0.06672624828
4430	0.06672563917
4431	0.06672557118
4432	0.06672553855
4433	0.06671970002
4434	0.06671641749
4435	0.0667161836
4436	0.06670412357
4437	0.06670409909
4438	0.06670369379
4439	0.06670366114
4440	0.06670363394
4441	0.06670359314
4442	0.0667033184
4443	0.06670313887
4444	0.06670305998
4445	0.06670292669
4446	0.06670292125
4447	0.06670261115
4448	0.06670244794
4449	0.06669390048
4450	0.06669380254
4451	0.06669187635
4452	0.06669180289
4453	0.06669155804
4454	0.06669153627
4455	0.06669137575
4456	0.06669132134
4457	0.06669130229
4458	0.06669117442
4459	0.0666911445
4460	0.06669082073
4461	0.06669056499
4462	0.06669037998
4463	0.06668892167
4464	0.06668869856
4465	0.06668864687
4466	0.06668829045
4467	0.06668827956
4468	0.06668822515
4469	0.0666839452
4470	0.06668388262
4471	0.06668363773
4472	0.06668358331
4473	0.06668353161
4474	0.06668340373
4475	0.06668308265
4476	0.06668306904
4477	0.06668227723
4478	0.06668221737
4479	0.06668208676
4480	0.06668200512
4481	0.06668197791
4482	0.06668079697
4483	0.06668073982
4484	0.06667995886
4485	0.06667981737
4486	0.06667980648
4487	0.06667967042
4488	0.06667942552
4489	0.06667925953
4490	0.06667771662
4491	0.06667759144
4492	0.06667170244
4493	0.06667151738
4494	0.06667147384
4495	0.06667134321
4496	0.0666713296
4497	0.0666661613
4498	0.06666613137
4499	0.06666608782
4500	0.06666604155
4501	0.06666591091
4502	0.06665476188
4503	0.06665447605
4504	0.06665434266
4505	0.06665431816
4506	0.06665417661
4507	0.06665389622
4508	0.06665387445
4509	0.06665376284
4510	0.06665371384
4511	0.06665357773
4512	0.06665352056
4513	0.06665335723
4514	0.0666388299
4515	0.06663871554
4516	0.0666385794
4517	0.06663852494
4518	0.0666385086
4519	0.0666356169
4520	0.06663289663
4521	0.06663288301
4522	0.06663287484
4523	0.06663276864
4524	0.06663274141
4525	0.06663273324
4526	0.06663271691
4527	0.06663241192
4528	0.0666324092
4529	0.06663235201
4530	0.06663226215
4531	0.06663210694
4532	0.06663209332
4533	0.06663196806
4534	0.06663176383
4535	0.06663064462
4536	0.06663051664
4537	0.06663049213
4538	0.06663026338
4539	0.06662630379
4540	0.06662628745
4541	0.06662291317
4542	0.06662290227
4543	0.06661623763
4544	0.06661391425
4545	0.06660380535
4546	0.06660328774
4547	0.06660320057
4548	0.06658473565
4549	0.06658468388
4550	0.06658131021
4551	0.06658101589
4552	0.06658101044
4553	0.06658089053
4554	0.06658073792
4555	0.06658064527
4556	0.06658051173
4557	0.06658047631
4558	0.06658035367
4559	0.06657936442
4560	0.06657931536
4561	0.0665792336
4562	0.06657912459
4563	0.06657893655
4564	0.06657867493
4565	0.06657863405
4566	0.06656412312
4567	0.06656410949
4568	0.06656390505
4569	0.06656377421
4570	0.0665635207
4571	0.06656341712
4572	0.06656338713
4573	0.06656252029
4574	0.06655860846
4575	0.06655840401
4576	0.0665583822
4577	0.06655830041
4578	0.06655812594
4579	0.06655799782
4580	0.06655796238
4581	0.06655789695
4582	0.06655778245
4583	0.06655771157
4584	0.06655689373
4585	0.0665567656
4586	0.06655652842
4587	0.06655651479
4588	0.06655647935
4589	0.06655640029
4590	0.0665563703
4591	0.06655631578
4592	0.06655625853
4593	0.06655475638
4594	0.06655231907
4595	0.06655006162
4596	0.06654312519
4597	0.06654302702
4598	0.06654290977
4599	0.06653830961
4600	0.06653815963
4601	0.06653798784
4602	0.06653725701
4603	0.06653718338
4604	0.06650983989
4605	0.06650350224
4606	0.06650339583
4607	0.06650323759
4608	0.06650316665
4609	0.06650315028
4610	0.06650307388
4611	0.06650288836
4612	0.06650278468
4613	0.06650275466
4614	0.06650266736
4615	0.06650261552
4616	0.06650066469
4617	0.06650065651
4618	0.06650056374
4619	0.06650040822
4620	0.06650027725
4621	0.06649975065
4622	0.06646585671
4623	0.06646574478
4624	0.06646566289
4625	0.06646478931
4626	0.06646477839
4627	0.06646462825
4628	0.06646460095
4629	0.06646450267
4630	0.06646447264
4631	0.06646444534
4632	0.06642878257
4633	0.06641963715
4634	0.06640950141
4635	0.06640950141
4636	0.06640944404
4637	0.06640944404
4638	0.06640921726
4639	0.06640919814
4640	0.06640914076
4641	0.0664090506
4642	0.06640849868
4643	0.06640841945
4644	0.06638422637
4645	0.06638418264
4646	0.06638406237
4647	0.06638393391
4648	0.06638387104
4649	0.06638376445
4650	0.06638364145
4651	0.06638361685
4652	0.06638170626
4653	0.06638162153
4654	0.06638156686
4655	0.06638144659
4656	0.06637850542
4657	0.06637846989
4658	0.06637037006
4659	0.06636686521
4660	0.06636680779
4661	0.06636677772
4662	0.06635906747
4663	0.0663590374
4664	0.06635825265
4665	0.06635567413
4666	0.06635549639
4667	0.06635012574
4668	0.06633889629
4669	0.06633887714
4670	0.0663388115
4671	0.06632719988
4672	0.066327178
4673	0.06632712602
4674	0.0663271014
4675	0.06632706037
4676	0.06632693453
4677	0.0663056152
4678	0.06629778563
4679	0.06629778289
4680	0.06629775826
4681	0.06629714795
4682	0.06629710142
4683	0.06629708774
4684	0.0662970631
4685	0.06629705216
4686	0.06629424409
4687	0.06629411272
4688	0.06629409082
4689	0.0662938445
4690	0.06629383628
4691	0.06628849896
4692	0.06628838673
4693	0.06628532099
4694	0.06628518413
4695	0.06627721252
4696	0.06627715229
4697	0.06627678271
4698	0.06627676354
4699	0.06627663213
4700	0.0662766294
4701	0.06627654727
4702	0.06626534915
4703	0.0662652232
4704	0.06624556302
4705	0.06623295158
4706	0.06623293514
4707	0.06621855123
4708	0.06621840874
4709	0.06621562474
4710	0.06621560282
4711	0.06621556446
4712	0.066214852
4713	0.06621455331
4714	0.06621408473
4715	0.06621398608
4716	0.0662139806
4717	0.06621395593
4718	0.06621389565
4719	0.06621070314
4720	0.06619654189
4721	0.06619650078
4722	0.06619640484
4723	0.06619618008
4724	0.06619608963
4725	0.06619599369
4726	0.06619597451
4727	0.0661802556
4728	0.06618014045
4729	0.06617998143
4730	0.06617997594
4731	0.06614810985
4732	0.06614808791
4733	0.06614802207
4734	0.06614801659
4735	0.0661480111
4736	0.06614773131
4737	0.0661477176
4738	0.06614465906
4739	0.06612694964
4740	0.06609255155
4741	0.06609253782
4742	0.06609242801
4743	0.06609240056
4744	0.06609238683
4745	0.06608557259
4746	0.06608488619
4747	0.06608485873
4748	0.06608484226
4749	0.06608000976
4750	0.06605916283
4751	0.06605906395
4752	0.06602548516
4753	0.06601912849
4754	0.06601910925
4755	0.06601433791
4756	0.06601326871
4757	0.06601317251
4758	0.06601296087
4759	0.06601294437
4760	0.06601283168
4761	0.06600630061
4762	0.06600606146
4763	0.06600589652
4764	0.06600522578
4765	0.06600520929
4766	0.0660051873
4767	0.06600509108
4768	0.06600463201
4769	0.06600450555
4770	0.06600449456
4771	0.06600143213
4772	0.06600140738
4773	0.0660013579
4774	0.06600131116
4775	0.06600126718
4776	0.06600097027
4777	0.06600076959
4778	0.06599935377
4779	0.06599274988
4780	0.06598662378
4781	0.0659864973
4782	0.06598637631
4783	0.06598625807
4784	0.06598589785
4785	0.06598586211
4786	0.06598527641
4787	0.06598525991
4788	0.06598522141
4789	0.06596261709
4790	0.06596253732
4791	0.06596252632
4792	0.06595458174
4793	0.06595449921
4794	0.06595427912
4795	0.06595417458
4796	0.06595416083
4797	0.06595409755
4798	0.06595402602
4799	0.0659539545
4800	0.06595388297
4801	0.06595381419
4802	0.06595336301
4803	0.06595331074
4804	0.06595329148
4805	0.06595265322
4806	0.06595263946
4807	0.06595253492
4808	0.06594379121
4809	0.0659434225
4810	0.06594337848
4811	0.06594330969
4812	0.06594316386
4813	0.06594258604
4814	0.06594254751
4815	0.0659425255
4816	0.0659425145
4817	0.06593490874
4818	0.06593114957
4819	0.06592459389
4820	0.06592440673
4821	0.06592426637
4822	0.06592416728
4823	0.06592417003
4824	0.06592361406
4825	0.06592356452
4826	0.06592355902
4827	0.06592345993
4828	0.06592344617
4829	0.06592342415
4830	0.06592219934
4831	0.06592217457
4832	0.06590594711
4833	0.06590594711
4834	0.0659059416
4835	0.06590561674
4836	0.06590531665
4837	0.06590520928
4838	0.06590512118
4839	0.06590417134
4840	0.06589860697
4841	0.06589841423
4842	0.06589804252
4843	0.06589778645
4844	0.06589775892
4845	0.06589767907
4846	0.06589751661
4847	0.06589714765
4848	0.06589709809
4849	0.0658956057
4850	0.06589558642
4851	0.06589556164
4852	0.06589555614
4853	0.06589549281
4854	0.06589539368
4855	0.0658949834
4856	0.06589496137
4857	0.06588994147
4858	0.06588944028
4859	0.06588444474
4860	0.06588436212
4861	0.06588428501
4862	0.06585729861
4863	0.06585352949
4864	0.0658533256
4865	0.06585328152
4866	0.06585291506
4867	0.06585283516
4868	0.06585275801
4869	0.06585239431
4870	0.06585231716
4871	0.06584805177
4872	0.06584796084
4873	0.06584413332
4874	0.06582384568
4875	0.06582362792
4876	0.06582003882
4877	0.06581925867
4878	0.06581919802
4879	0.06580560876
4880	0.06580538267
4881	0.06580341669
4882	0.0658034029
4883	0.06580328709
4884	0.06580324297
4885	0.06580317679
4886	0.06580306098
4887	0.06580298102
4888	0.06580289002
4889	0.06580268598
4890	0.06580245711
4891	0.06579973273
4892	0.06579970239
4893	0.06579968033
4894	0.06579961967
4895	0.06579457318
4896	0.06579454009
4897	0.06579446839
4898	0.06576734857
4899	0.06576732098
4900	0.06576725477
4901	0.06576724925
4902	0.0657660905
4903	0.06576608499
4904	0.06576604084
4905	0.06576602429
4906	0.06576600774
4907	0.06576567666
4908	0.06576563528
4909	0.06576538973
4910	0.06576523247
4911	0.06576521315
4912	0.06576515246
4913	0.0657649814
4914	0.06576481586
4915	0.06575792077
4916	0.06575764208
4917	0.06575757034
4918	0.06575633416
4919	0.06575604167
4920	0.06575568295
4921	0.06575560569
4922	0.06575560569
4923	0.06575555878
4924	0.06575253166
4925	0.06575205702
4926	0.06575198804
4927	0.0657518473
4928	0.06575177555
4929	0.0657516017
4930	0.06575159342
4931	0.06575152443
4932	0.06575151063
4933	0.0657513699
4934	0.06575134782
4935	0.06575058894
4936	0.06574652669
4937	0.0657463887
4938	0.06574633075
4939	0.06574626451
4940	0.06574622863
4941	0.06574603545
4942	0.06574599129
4943	0.06574598025
4944	0.06574596094
4945	0.06574252767
4946	0.06572395899
4947	0.0657228961
4948	0.06572284365
4949	0.06572281604
4950	0.065722805
4951	0.0657226504
4952	0.06572249027
4953	0.06572247923
4954	0.06572192707
4955	0.06572183597
4956	0.06572175038
4957	0.06570429978
4958	0.06570052465
4959	0.06570051637
4960	0.06569918522
4961	0.0656990416
4962	0.06569903056
4963	0.06569897532
4964	0.06569884828
4965	0.06569879305
4966	0.065698782
4967	0.06569874333
4968	0.06569869362
4969	0.06569865496
4970	0.06569862182
4971	0.06569856934
4972	0.06569855001
4973	0.06569852791
4974	0.06569322785
4975	0.06569320575
4976	0.06567140716
4977	0.06567031303
4978	0.06567029646
4979	0.0656701141
4980	0.06566982675
4981	0.06566952282
4982	0.06566948967
4983	0.06566943717
4984	0.06566271996
4985	0.06566269233
4986	0.06566255693
4987	0.0656615649
4988	0.06566152898
4989	0.06566147095
4990	0.0656594371
4991	0.06565942604
4992	0.06565936248
4993	0.06565687812
4994	0.06565685601
4995	0.06565654649
4996	0.06565529736
4997	0.06565029782
4998	0.06565022872
4999	0.06565020661
5000	0.06565016792
5001	0.06565012093
5002	0.06564845433
5003	0.06564843775
5004	0.06559611862
5005	0.06559609096
5006	0.06559600521
5007	0.06558734676
5008	0.0655872112
5009	0.06558524145
5010	0.06558502012
5011	0.06558485413
5012	0.0655848486
5013	0.065584832
5014	0.06558470197
5015	0.06558467707
5016	0.06557769386
5017	0.06557768833
5018	0.06557763299
5019	0.06557364304
5020	0.06557351022
5021	0.06557345488
5022	0.06557338847
5023	0.06557337187
5024	0.06557335527
5025	0.0655732944
5026	0.06557317541
5027	0.06557111115
5028	0.0655700624
5029	0.06556968052
5030	0.06556961964
5031	0.06556960581
5032	0.0655695809
5033	0.06556945915
5034	0.06556833288
5035	0.06556832181
5036	0.06556815854
5037	0.06556802571
5038	0.06556801188
5039	0.06556799804
5040	0.0655679759
5041	0.06556796483
5042	0.06556793162
5043	0.06556789842
5044	0.06556787628
5045	0.06556783477
5046	0.065567832
5047	0.06556782093
5048	0.06556780433
5049	0.06556777942
5050	0.06556775175
5051	0.06556727301
5052	0.06556540782
5053	0.0655653497
5054	0.0655652224
5055	0.06556521687
5056	0.06556518089
5057	0.06556506189
5058	0.06556505359
5059	0.06556504805
5060	0.06556487647
5061	0.06556474917
5062	0.06556433129
5063	0.06554709622
5064	0.06554708515
5065	0.06554702979
5066	0.06554664224
5067	0.06554663394
5068	0.06554661456
5069	0.06554550174
5070	0.06554532458
5071	0.06554525537
5072	0.06554491488
5073	0.06554490934
5074	0.06554488443
5075	0.06554486228
5076	0.06554485121
5077	0.06554482629
5078	0.06554436399
5079	0.06554435015
5080	0.06554433908
5081	0.0655434726
5082	0.06554344769
5083	0.06554343384
5084	0.06554337571
5085	0.06554337017
5086	0.06554332588
5087	0.06554322899
5088	0.06552866876
5089	0.06552866322
5090	0.06552812604
5091	0.06552804851
5092	0.06552804297
5093	0.06552612405
5094	0.06552611574
5095	0.06550952705
5096	0.06550947997
5097	0.06550433911
5098	0.0655041923
5099	0.06549925048
5100	0.06549923386
5101	0.06549394814
5102	0.06549391489
5103	0.06546889887
5104	0.06546854412
5105	0.06546842772
5106	0.06546753252
5107	0.06546752144
5108	0.06546750204
5109	0.06546702533
5110	0.06546381026
5111	0.06546380472
5112	0.06546366336
5113	0.06546366059
5114	0.06546362456
5115	0.06546359407
5116	0.06546350537
5117	0.06546348874
5118	0.06546345271
5119	0.06546210842
5120	0.06546208348
5121	0.06546205576
5122	0.06546203636
5123	0.06546200864
5124	0.06545275031
5125	0.06545272259
5126	0.06545250636
5127	0.0654524731
5128	0.06545164144
5129	0.06545158045
5130	0.06545153887
5131	0.06545147788
5132	0.06545145848
5133	0.06545132818
5134	0.06544877216
5135	0.06544675665
5136	0.06544661248
5137	0.06544595819
5138	0.0654459166
5139	0.06544588056
5140	0.0654458362
5141	0.06543906
5142	0.06543902673
5143	0.06543864409
5144	0.06543859418
5145	0.06543384983
5146	0.06543384151
5147	0.06543378883
5148	0.06543350044
5149	0.06543348657
5150	0.06543048616
5151	0.06543047506
5152	0.06543046674
5153	0.06543043624
5154	0.06542904413
5155	0.06542898312
5156	0.06542893875
5157	0.06542885556
5158	0.06542624318
5159	0.06542622932
5160	0.06542618495
5161	0.06542617108
5162	0.06542615999
5163	0.06542611007
5164	0.06542108469
5165	0.06542102368
5166	0.06542099594
5167	0.06541506039
5168	0.06541484958
5169	0.06541009797
5170	0.06541008687
5171	0.06540006379
5172	0.06540005269
5173	0.06540000553
5174	0.06539996114
5175	0.06539990287
5176	0.06539989178
5177	0.06539986958
5178	0.06539773326
5179	0.06539762229
5180	0.06539759732
5181	0.06539758622
5182	0.06539746969
5183	0.06539676219
5184	0.06539669837
5185	0.06539665121
5186	0.06539664011
5187	0.06539660127
5188	0.0653965763
5189	0.06539647364
5190	0.06539647086
5191	0.06539454531
5192	0.0653925975
5193	0.06538721713
5194	0.06538715608
5195	0.06538713388
5196	0.06538713111
5197	0.06538710613
5198	0.06538709226
5199	0.06538706173
5200	0.06538652339
5201	0.06538640685
5202	0.06538636245
5203	0.06538634025
5204	0.065386146
5205	0.06538604055
5206	0.06537127322
5207	0.06537126489
5208	0.06537124546
5209	0.06537123158
5210	0.06537112056
5211	0.06537097345
5212	0.0653709568
5213	0.06537094847
5214	0.06537093737
5215	0.06536848923
5216	0.06536846425
5217	0.06536843926
5218	0.06535656918
5219	0.06535648034
5220	0.06535647479
5221	0.0653557141
5222	0.06535570299
5223	0.06535496172
5224	0.0653549062
5225	0.06535479792
5226	0.06535478682
5227	0.06535478126
5228	0.06535478126
5229	0.06535476738
5230	0.06533645785
5231	0.06533575524
5232	0.06533574969
5233	0.06533573303
5234	0.06533384178
5235	0.06533231986
5236	0.0653322671
5237	0.06533208935
5238	0.06533172275
5239	0.06532858434
5240	0.06532857601
5241	0.0653285649
5242	0.0653272095
5243	0.06532706507
5244	0.0653270623
5245	0.06532460418
5246	0.06531967377
5247	0.06531966822
5248	0.06531853486
5249	0.06531550972
5250	0.0653129956
5251	0.06531289559
5252	0.0653127678
5253	0.06531264279
5254	0.06531263723
5255	0.06531259
5256	0.06531258167
5257	0.06531255666
5258	0.06531255111
5259	0.06531066753
5260	0.06531059807
5261	0.0653105953
5262	0.06531046194
5263	0.06530406901
5264	0.06530406068
5265	0.06530405512
5266	0.06530405512
5267	0.06530399955
5268	0.06529977337
5269	0.06529968723
5270	0.06529893144
5271	0.06529695298
5272	0.06529695298
5273	0.06529693631
5274	0.06529693075
5275	0.06529680293
5276	0.06529665288
5277	0.0652966362
5278	0.06529663065
5279	0.06529625273
5280	0.06529587204
5281	0.06529576922
5282	0.06529564973
5283	0.06529309317
5284	0.06528597038
5285	0.06528595927
5286	0.06528593703
5287	0.06528585365
5288	0.06528583698
5289	0.06528410827
5290	0.06528402489
5291	0.06528394151
5292	0.06528392483
5293	0.06528349682
5294	0.06528348014
5295	0.065283419
5296	0.06528340232
5297	0.06527578926
5298	0.06526630713
5299	0.06526605692
5300	0.06526602912
5301	0.065266018
5302	0.0652659624
5303	0.06526585398
5304	0.06526553427
5305	0.06526545086
5306	0.06526528406
5307	0.06526520899
5308	0.06526499492
5309	0.0652649143
5310	0.06526490874
5311	0.0652649004
5312	0.06526300988
5313	0.06526207851
5314	0.06525798307
5315	0.06525720733
5316	0.06525693206
5317	0.06525227183
5318	0.06525226627
5319	0.06525001945
5320	0.06524993325
5321	0.06524991934
5322	0.06524985817
5323	0.06524984982
5324	0.06524880146
5325	0.06524871248
5326	0.06524870135
5327	0.06524858456
5328	0.065248579
5329	0.06524857344
5330	0.0652484622
5331	0.06524837322
5332	0.06524828979
5333	0.06524806176
5334	0.06524792828
5335	0.06524707734
5336	0.06524688267
5337	0.0652449972
5338	0.06524479419
5339	0.06524478584
5340	0.06524468017
5341	0.0652446746
5342	0.06524465792
5343	0.06524464123
5344	0.06524441875
5345	0.06524441875
5346	0.06524439372
5347	0.06524430751
5348	0.06524341202
5349	0.06523882313
5350	0.0652387981
5351	0.06523877585
5352	0.06523876751
5353	0.06523868129
5354	0.06523865626
5355	0.06523858673
5356	0.06523836145
5357	0.06523827801
5358	0.06523826967
5359	0.0652381612
5360	0.06523814729
5361	0.06523813895
5362	0.06523813616
5363	0.0652381167
5364	0.06523801101
5365	0.06523798319
5366	0.06523793313
5367	0.06523786082
5368	0.06522828694
5369	0.06522827582
5370	0.06522818124
5371	0.06522812282
5372	0.06522804772
5373	0.06522796148
5374	0.06522788082
5375	0.06522786969
5376	0.06522776398
5377	0.06522749137
5378	0.06522748581
5379	0.06522742461
5380	0.06522736898
5381	0.06522731891
5382	0.06522693781
5383	0.06522475132
5384	0.06522395293
5385	0.06522340768
5386	0.06522339933
5387	0.06522338542
5388	0.06522336873
5389	0.06522327136
5390	0.06522326024
5391	0.06522256754
5392	0.06522255641
5393	0.06522004427
5394	0.06521958802
5395	0.06521958245
5396	0.06521957411
5397	0.06521956298
5398	0.06521924304
5399	0.065217507
5400	0.0652158683
5401	0.06521581265
5402	0.06521574588
5403	0.0652156179
5404	0.0652156012
5405	0.06521553999
5406	0.06521400696
5407	0.06521392628
5408	0.06521328356
5409	0.06521322235
5410	0.06521153902
5411	0.06521040935
5412	0.06520680319
5413	0.06520675311
5414	0.0652066585
5415	0.06520665293
5416	0.06520597954
5417	0.06520589606
5418	0.06520578197
5419	0.06520577919
5420	0.06520568736
5421	0.06518256218
5422	0.06518255105
5423	0.06518249259
5424	0.06518248424
5425	0.06518245084
5426	0.06516764294
5427	0.06515945108
5428	0.0651593926
5429	0.06515938146
5430	0.06515937589
5431	0.06515937311
5432	0.06515927008
5433	0.06515925337
5434	0.06515925337
5435	0.0651592478
5436	0.06515923666
5437	0.06515921995
5438	0.06515921438
5439	0.06515766054
5440	0.06515764104
5441	0.06515762155
5442	0.06515746004
5443	0.06515734308
5444	0.0651573403
5445	0.06515167036
5446	0.06515165922
5447	0.06515155618
5448	0.06515155061
5449	0.06515154504
5450	0.06515153947
5451	0.06515142807
5452	0.06515138072
5453	0.06515132781
5454	0.06514422016
5455	0.06514412546
5456	0.06514402798
5457	0.0651433038
5458	0.06514329823
5459	0.06514324531
5460	0.06514317846
5461	0.06514317568
5462	0.06514311997
5463	0.06514306705
5464	0.0651429055
5465	0.06514150446
5466	0.0651414209
5467	0.06514139583
5468	0.06514139026
5469	0.06514094459
5470	0.06513775799
5471	0.06513583593
5472	0.06513576072
5473	0.06513568272
5474	0.06513170748
5475	0.06512459212
5476	0.0651245364
5477	0.0651245364
5478	0.06512308203
5479	0.06510481325
5480	0.06510477702
5481	0.06510468783
5482	0.06510461816
5483	0.0651045457
5484	0.06509184978
5485	0.06509178009
5486	0.06509161284
5487	0.06509161005
5488	0.06508944689
5489	0.06508944689
5490	0.06508943853
5491	0.06508880295
5492	0.06508880016
5493	0.0650887918
5494	0.06508180835
5495	0.06508173587
5496	0.06508171635
5497	0.0650805231
5498	0.06508048964
5499	0.06508047849
5500	0.06508041157
5501	0.06507790232
5502	0.06507457601
5503	0.0650739598
5504	0.06507390961
5505	0.06507165106
5506	0.06507163433
5507	0.0650715674
5508	0.06507148933
5509	0.06507141962
5510	0.06507136106
5511	0.06507028473
5512	0.06507025685
5513	0.06507018714
5514	0.06507018435
5515	0.06507010906
5516	0.06506851962
5517	0.06506795076
5518	0.06506739026
5519	0.06506686043
5520	0.06506685485
5521	0.06506680187
5522	0.06506442316
5523	0.06506441758
5524	0.06506410525
5525	0.06506408851
5526	0.0650639937
5527	0.0650639435
5528	0.06506389888
5529	0.06506389051
5530	0.0650634499
5531	0.06506274992
5532	0.06506274713
5533	0.06506268857
5534	0.06506268857
5535	0.06506263837
5536	0.06506263
5537	0.06506232045
5538	0.06506231208
5539	0.06505935869
5540	0.06505929733
5541	0.06505923598
5542	0.06505917462
5543	0.06505913
5544	0.065056751
5545	0.06505674264
5546	0.06505669801
5547	0.06505663665
5548	0.06505661992
5549	0.06505656693
5550	0.06505655298
5551	0.06505601749
5552	0.06505595613
5553	0.06505589756
5554	0.06505440539
5555	0.06505422689
5556	0.06505422131
5557	0.06505418505
5558	0.06505413763
5559	0.06505328694
5560	0.06505327021
5561	0.06505326184
5562	0.06505225773
5563	0.06505171104
5564	0.06505166641
5565	0.06505158273
5566	0.06505157716
5567	0.06504706958
5568	0.06504580316
5569	0.06504322004
5570	0.06504269559
5571	0.06504257285
5572	0.06504235246
5573	0.06504223251
5574	0.06504219345
5575	0.06504046943
5576	0.06504043595
5577	0.06504037458
5578	0.06504036342
5579	0.06504031878
5580	0.06504027973
5581	0.06504019325
5582	0.0650401793
5583	0.06504013187
5584	0.06504007608
5585	0.06504006213
5586	0.06504005934
5587	0.06503762664
5588	0.06503761548
5589	0.06503154728
5590	0.06503053447
5591	0.06503051494
5592	0.06503050098
5593	0.06503036427
5594	0.06503028056
5595	0.0650302694
5596	0.06502738989
5597	0.06502736478
5598	0.06502725596
5599	0.06502723922
5600	0.06502722806
5601	0.06501803898
5602	0.06501793014
5603	0.06501791898
5604	0.06501777665
5605	0.06501766223
5606	0.06501475705
5607	0.06501470402
5608	0.06501055672
5609	0.06501047299
5610	0.06500722417
5611	0.06500634496
5612	0.06500627518
5613	0.06500617469
5614	0.06500489631
5615	0.06500483211
5616	0.06500406452
5617	0.06499913492
5618	0.06499912096
5619	0.0649988139
5620	0.0649987469
5621	0.06499873294
5622	0.06499867711
5623	0.06499856824
5624	0.06499856545
5625	0.06498804336
5626	0.06498800148
5627	0.06498795122
5628	0.06498788421
5629	0.06498342806
5630	0.06498341131
5631	0.06498085921
5632	0.06498080336
5633	0.06498076986
5634	0.0649807168
5635	0.06497920616
5636	0.06497887945
5637	0.06497879289
5638	0.06497874821
5639	0.0649786784
5640	0.06497858905
5641	0.06497839637
5642	0.06497836845
5643	0.06497834611
5644	0.064977796
5645	0.06497777646
5646	0.06497776529
5647	0.06497772061
5648	0.06497767314
5649	0.06497480247
5650	0.06497478851
5651	0.0649745288
5652	0.06497450925
5653	0.06497447016
5654	0.0649744534
5655	0.06497397866
5656	0.06497397029
5657	0.06497070289
5658	0.06496639917
5659	0.06496638799
5660	0.06496632934
5661	0.06496393578
5662	0.06496393019
5663	0.06496387154
5664	0.06496382126
5665	0.06496376261
5666	0.0649614695
5667	0.06494640448
5668	0.06494634582
5669	0.06494632626
5670	0.06494354361
5671	0.06494352964
5672	0.06494210474
5673	0.06494203769
5674	0.06493990587
5675	0.06493915147
5676	0.06493908721
5677	0.06493907324
5678	0.06493906765
5679	0.06493906485
5680	0.06493902294
5681	0.06493896147
5682	0.06493892236
5683	0.0649389028
5684	0.06493889441
5685	0.06493873236
5686	0.06493869603
5687	0.06493860942
5688	0.06493860942
5689	0.06493391796
5690	0.06493383413
5691	0.06493072958
5692	0.06493067928
5693	0.06493063736
5694	0.06493058427
5695	0.06493003097
5696	0.06493001979
5697	0.06492998067
5698	0.06492992198
5699	0.0649299136
5700	0.06492178956
5701	0.06492132841
5702	0.06492094272
5703	0.06492092875
5704	0.06492077503
5705	0.06492076106
5706	0.06492042288
5707	0.06492039493
5708	0.064920353
5709	0.06492031388
5710	0.06491988067
5711	0.06491983874
5712	0.06491979682
5713	0.06489872538
5714	0.06489388844
5715	0.06489377101
5716	0.06489266377
5717	0.06489233663
5718	0.06489233663
5719	0.06489231705
5720	0.06488888057
5721	0.06488208255
5722	0.06488201543
5723	0.06488199865
5724	0.0648819595
5725	0.06488140019
5726	0.06488130511
5727	0.06488127714
5728	0.0648798369
5729	0.06487806661
5730	0.06487804982
5731	0.06487803584
5732	0.06487802186
5733	0.06487800508
5734	0.0648779883
5735	0.06487788202
5736	0.06487646128
5737	0.06487645009
5738	0.06487639136
5739	0.06487255686
5740	0.06487079756
5741	0.0648707584
5742	0.06487074442
5743	0.06487026892
5744	0.06487024934
5745	0.06487024654
5746	0.06487019899
5747	0.06486705784
5748	0.06486452354
5749	0.06486447319
5750	0.06485791041
5751	0.06485785446
5752	0.06485783767
5753	0.06485783208
5754	0.06485779011
5755	0.06485773416
5756	0.06485771738
5757	0.0648576866
5758	0.06485765863
5759	0.06485759708
5760	0.06485753553
5761	0.06485748518
5762	0.06485645845
5763	0.06483999786
5764	0.06483991391
5765	0.06483990831
5766	0.06483987193
5767	0.06483984115
5768	0.06483982996
5769	0.06483981317
5770	0.06483980477
5771	0.06483978518
5772	0.06483977399
5773	0.06483610804
5774	0.06483609405
5775	0.06483607446
5776	0.06483605207
5777	0.06483602408
5778	0.06483142595
5779	0.06483142315
5780	0.06483141756
5781	0.06483141196
5782	0.06483137558
5783	0.06482674633
5784	0.06482671554
5785	0.06482665676
5786	0.06482661758
5787	0.06482571352
5788	0.06482568553
5789	0.06482566873
5790	0.06482565754
5791	0.06482560996
5792	0.06482555118
5793	0.0648254952
5794	0.06481736927
5795	0.06481730488
5796	0.06481007102
5797	0.06480997583
5798	0.06480994223
5799	0.06480993943
5800	0.06480993383
5801	0.06480991983
5802	0.06480987784
5803	0.06480982465
5804	0.06480981625
5805	0.06480981345
5806	0.06480976865
5807	0.06480971266
5808	0.06480967626
5809	0.06480967347
5810	0.06480967067
5811	0.06480832962
5812	0.06480821763
5813	0.06480821203
5814	0.06480819803
5815	0.06480817003
5816	0.06480815323
5817	0.06480780607
5818	0.06480777527
5819	0.06480771927
5820	0.06480770528
5821	0.06480767448
5822	0.06480636139
5823	0.06480632779
5824	0.06480629139
5825	0.06478106585
5826	0.06478101263
5827	0.06478070734
5828	0.06478069333
5829	0.06478066252
5830	0.06478063171
5831	0.06478057289
5832	0.06478042724
5833	0.06478018636
5834	0.06475080633
5835	0.06475077551
5836	0.06475069704
5837	0.06475068023
5838	0.06474957335
5839	0.0647495089
5840	0.06474947807
5841	0.06474944725
5842	0.0647469644
5843	0.06474682988
5844	0.06474679906
5845	0.06474672339
5846	0.06474672059
5847	0.06474631985
5848	0.064743977
5849	0.06474392936
5850	0.06474388172
5851	0.06474218898
5852	0.06474217217
5853	0.06474212172
5854	0.0647420937
5855	0.06474208809
5856	0.06474208249
5857	0.06474207688
5858	0.06474206567
5859	0.06474206006
5860	0.06474204325
5861	0.06474203204
5862	0.06474201522
5863	0.06470972421
5864	0.06470969898
5865	0.06470844839
5866	0.06470843157
5867	0.06470842035
5868	0.06470840353
5869	0.06470838109
5870	0.06470837548
5871	0.06470784832
5872	0.06470782028
5873	0.06470777261
5874	0.06470509187
5875	0.06470508907
5876	0.06470387484
5877	0.06470384961
5878	0.06470382156
5879	0.06470379352
5880	0.06470376828
5881	0.06470376267
5882	0.06470372902
5883	0.064703715
5884	0.06470369818
5885	0.06470352431
5886	0.06470351029
5887	0.06470347945
5888	0.0647034514
5889	0.06470342897
5890	0.06470341214
5891	0.06470336728
5892	0.06468459846
5893	0.06468457602
5894	0.06468266855
5895	0.06468265172
5896	0.06468263488
5897	0.06468262366
5898	0.06468154928
5899	0.06468154367
5900	0.06468152964
5901	0.0646810752
5902	0.06468106398
5903	0.06468101348
5904	0.06468073857
5905	0.06468071052
5906	0.06468069369
5907	0.06468065161
5908	0.06468060392
5909	0.06467998676
5910	0.06467657546
5911	0.06467646325
5912	0.06467645202
5913	0.06467642397
5914	0.06467518396
5915	0.06467513907
5916	0.0646750998
5917	0.06467507174
5918	0.06467503246
5919	0.06467497635
5920	0.0646723167
5921	0.06467231109
5922	0.06467227742
5923	0.06467225217
5924	0.06467214836
5925	0.06467210628
5926	0.06467104014
5927	0.06466952506
5928	0.06466696619
5929	0.06466546505
5930	0.06466325396
5931	0.06466321187
5932	0.06466316417
5933	0.06466226905
5934	0.0646620614
5935	0.06466202773
5936	0.06466202492
5937	0.06466201931
5938	0.06466198003
5939	0.06466196039
5940	0.06466194074
5941	0.06466192391
5942	0.06466163488
5943	0.06466106805
5944	0.06465569417
5945	0.06465444815
5946	0.06465439202
5947	0.0646542966
5948	0.06465309826
5949	0.06465303091
5950	0.06464409178
5951	0.06464207364
5952	0.06463949964
5953	0.0646393228
5954	0.06462563424
5955	0.06462560898
5956	0.0646247358
5957	0.06462127385
5958	0.06462123454
5959	0.0646187608
5960	0.06461697774
5961	0.06461696089
5962	0.06461611848
5963	0.06461610164
5964	0.0646154614
5965	0.06460355969
5966	0.06460175936
5967	0.06458946465
5968	0.06458864717
5969	0.06458860222
5970	0.06456675669
5971	0.06454038609
5972	0.06454036923
5973	0.06454036641
5974	0.06454025958
5975	0.06454023428
5976	0.06454019492
5977	0.06454019211
5978	0.06453118674
5979	0.06452870111
5980	0.06452385893
5981	0.06452182015
5982	0.06452180047
5983	0.0645217611
5984	0.06452173579
5985	0.06452171329
5986	0.06451962383
5987	0.06451263221
5988	0.06451057902
5989	0.06451025275
5990	0.064510219
5991	0.06451019931
5992	0.06450931051
5993	0.06450928801
5994	0.06450713907
5995	0.06450712501
5996	0.06450705188
5997	0.06450673684
5998	0.06450668621
5999	0.06450464971
6000	0.06450463283
6001	0.0645046272
6002	0.06450278192
6003	0.06449947096
6004	0.06449889145
6005	0.06449774649
6006	0.06449770148
6007	0.06449401608
6008	0.06448988031
6009	0.06448984092
6010	0.06448982404
6011	0.06448981279
6012	0.06448977902
6013	0.06448365365
6014	0.06447953128
6015	0.0644794947
6016	0.06447947219
6017	0.06447924425
6018	0.0644792133
6019	0.06447896848
6020	0.06447894878
6021	0.06447894597
6022	0.06447892345
6023	0.06447641612
6024	0.06447638235
6025	0.06447616003
6026	0.06447541709
6027	0.06446792533
6028	0.06446790563
6029	0.06446777335
6030	0.0644669684
6031	0.06446695432
6032	0.06446692899
6033	0.06446657154
6034	0.06446654621
6035	0.06446577502
6036	0.06446543727
6037	0.06446539786
6038	0.06446536972
6039	0.06446534439
6040	0.06445060821
6041	0.06444897534
6042	0.06444895845
6043	0.06444885428
6044	0.06444830529
6045	0.06444823772
6046	0.06444807725
6047	0.06442557573
6048	0.06442557573
6049	0.06442468858
6050	0.06442466886
6051	0.06442427457
6052	0.06441723599
6053	0.06441723317
6054	0.0644169008
6055	0.06441689516
6056	0.06441680221
6057	0.06439187212
6058	0.0643918045
6059	0.06439104368
6060	0.06439093942
6061	0.0643806703
6062	0.06438065621
6063	0.06438065058
6064	0.06438062239
6065	0.06438049275
6066	0.06438048148
6067	0.06437988963
6068	0.06437731924
6069	0.06437726569
6070	0.06437723751
6071	0.06437678373
6072	0.0643767781
6073	0.06437675837
6074	0.06437649061
6075	0.06437646242
6076	0.06437645115
6077	0.06436599086
6078	0.0643659373
6079	0.06436590911
6080	0.06436579071
6081	0.06436228664
6082	0.06436173127
6083	0.06436170872
6084	0.06436122946
6085	0.06435787457
6086	0.06435769977
6087	0.06435768286
6088	0.06435766594
6089	0.06435764057
6090	0.06435755317
6091	0.06435753061
6092	0.06435713027
6093	0.06435700622
6094	0.0643542291
6095	0.0643542009
6096	0.06435418117
6097	0.06435016611
6098	0.06434264285
6099	0.06434181941
6100	0.06434179685
6101	0.06434177429
6102	0.06434174045
6103	0.06432764163
6104	0.06432763881
6105	0.06432570383
6106	0.06432456424
6107	0.06432454168
6108	0.06432442885
6109	0.06432436679
6110	0.06432434422
6111	0.06428155849
6112	0.06428009352
6113	0.06428002012
6114	0.06427900676
6115	0.06427898982
6116	0.06426749165
6117	0.06426735613
6118	0.06426735613
6119	0.06426733637
6120	0.06426709639
6121	0.06426688746
6122	0.06425067401
6123	0.0642506486
6124	0.06424991152
6125	0.06424657341
6126	0.0642453251
6127	0.06424447217
6128	0.06423808332
6129	0.06423773307
6130	0.06423669926
6131	0.06423667949
6132	0.06423665972
6133	0.06423663995
6134	0.06423662582
6135	0.06423494232
6136	0.06423419659
6137	0.06423341979
6138	0.06423329267
6139	0.06423322488
6140	0.06423321923
6141	0.06423286048
6142	0.06423285765
6143	0.06422749879
6144	0.06422066184
6145	0.06422064771
6146	0.06422063076
6147	0.06422060816
6148	0.06421072719
6149	0.0642085824
6150	0.06418107517
6151	0.06418105821
6152	0.06418102146
6153	0.06418019312
6154	0.0641798369
6155	0.06417958811
6156	0.06417741117
6157	0.06417517762
6158	0.06417514934
6159	0.0641671701
6160	0.0641452857
6161	0.06414517821
6162	0.06414509335
6163	0.0641217215
6164	0.06412171301
6165	0.06412013968
6166	0.0641199699
6167	0.06411951996
6168	0.06411883798
6169	0.064118821
6170	0.06411783621
6171	0.06411761265
6172	0.06411755323
6173	0.06411753059
6174	0.06411747116
6175	0.06410965738
6176	0.0640944516
6177	0.06409412321
6178	0.06409404678
6179	0.06409402413
6180	0.06409391938
6181	0.06409135452
6182	0.06408594701
6183	0.06406273485
6184	0.06405990249
6185	0.0640590216
6186	0.0640569737
6187	0.06405669894
6188	0.06405167943
6189	0.06404956614
6190	0.06404353465
6191	0.064043206
6192	0.06404300768
6193	0.06404082327
6194	0.06404074394
6195	0.06403960495
6196	0.06403879461
6197	0.06403849994
6198	0.06403822227
6199	0.06403703507
6200	0.06402403678
6201	0.06402403111
6202	0.06402212946
6203	0.06402193674
6204	0.06401753523
6205	0.06401627112
6206	0.06401553701
6207	0.06401513453
6208	0.06401510619
6209	0.06401331765
6210	0.06401103585
6211	0.064010999
6212	0.06401072121
6213	0.06400778166
6214	0.06400591638
6215	0.06400582283
6216	0.06400357194
6217	0.0640034302
6218	0.06400326294
6219	0.06400215163
6220	0.06399533314
6221	0.06399523674
6222	0.06399520272
6223	0.06399232484
6224	0.06399018973
6225	0.06398990618
6226	0.06398983813
6227	0.06398975873
6228	0.06398969919
6229	0.06398811694
6230	0.06398804888
6231	0.06398743923
6232	0.06398363369
6233	0.06398305802
6234	0.0639819407
6235	0.0639817904
6236	0.06397880981
6237	0.06394785289
6238	0.06394003824
6239	0.06394000419
6240	0.06393992473
6241	0.0639384718
6242	0.06393831288
6243	0.06393796666
6244	0.06393342598
6245	0.06393341179
6246	0.0639333976
6247	0.06393334935
6248	0.063933338
6249	0.06393315353
6250	0.06393293784
6251	0.06393123498
6252	0.06391401659
6253	0.06390838683
6254	0.06390838399
6255	0.06389349948
6256	0.06389064258
6257	0.0638901967
6258	0.06388578327
6259	0.06388541689
6260	0.06388474093
6261	0.06388283797
6262	0.06388080146
6263	0.06388073329
6264	0.06388072193
6265	0.0638726633
6266	0.06387120314
6267	0.06386832252
6268	0.06386826854
6269	0.06386825717
6270	0.06386492468
6271	0.06386473717
6272	0.06386456102
6273	0.06386425419
6274	0.06386232789
6275	0.06386133347
6276	0.06386131642
6277	0.06386131074
6278	0.06386037312
6279	0.06385955483
6280	0.06385794947
6281	0.0638579239
6282	0.06385715103
6283	0.06385714535
6284	0.06385702601
6285	0.06385698623
6286	0.06385694645
6287	0.06385693225
6288	0.06385612527
6289	0.06385463065
6290	0.06385282341
6291	0.06385151057
6292	0.06384900417
6293	0.06383562082
6294	0.06383492728
6295	0.06383466577
6296	0.06383441564
6297	0.06383284091
6298	0.06383241454
6299	0.06383083976
6300	0.0638281165
6301	0.06382795163
6302	0.06375899836
6303	0.06375845197
6304	0.06375709165
6305	0.06374821474
6306	0.06374691683
6307	0.06374672897
6308	0.06374422414
6309	0.06374378009
6310	0.06374330188
6311	0.06374212912
6312	0.06374163951
6313	0.06374117836
6314	0.06374098195
6315	0.06374079977
6316	0.06373964403
6317	0.06373963265
6318	0.06373961557
6319	0.06373900069
6320	0.06373895514
6321	0.06373846266
6322	0.06373843704
6323	0.06373841711
6324	0.06373759726
6325	0.06372210337
6326	0.06372143137
6327	0.06371567637
6328	0.06371551405
6329	0.06371084929
6330	0.06370993509
6331	0.06370984681
6332	0.06370255839
6333	0.06370158995
6334	0.06370154723
6335	0.06369967868
6336	0.06369735146
6337	0.06369728594
6338	0.06369688145
6339	0.06369612372
6340	0.06369591293
6341	0.06369590153
6342	0.0636931896
6343	0.06369315256
6344	0.06369230648
6345	0.06369220962
6346	0.06369219253
6347	0.06369209567
6348	0.0636916826
6349	0.06369134359
6350	0.063691204
6351	0.06369119545
6352	0.06369119545
6353	0.06368942061
6354	0.06368845483
6355	0.06368845198
6356	0.06368841209
6357	0.06368840354
6358	0.06368773404
6359	0.06368746338
6360	0.06368732663
6361	0.06364491947
6362	0.06364480543
6363	0.06364474841
6364	0.06364346264
6365	0.06364345979
6366	0.06364329159
6367	0.06364265582
6368	0.0636426159
6369	0.06364253037
6370	0.0636077358
6371	0.06360769587
6372	0.0636074477
6373	0.06360733359
6374	0.06360722519
6375	0.06359006745
6376	0.06358993905
6377	0.06357891557
6378	0.06357863018
6379	0.06357489721
6380	0.06357468602
6381	0.0635725112
6382	0.06357230855
6383	0.06357228287
6384	0.06357218012
6385	0.06357216299
6386	0.06357213445
6387	0.06357191183
6388	0.06357117259
6389	0.0635706731
6390	0.06357065027
6391	0.06357057606
6392	0.06357021643
6393	0.06356878929
6394	0.06355673155
6395	0.06355663163
6396	0.06355652029
6397	0.0635493599
6398	0.06354904583
6399	0.06354847479
6400	0.0635484234
6401	0.06354839199
6402	0.06354834916
6403	0.06354727273
6404	0.06354718422
6405	0.06354718422
6406	0.06354713853
6407	0.06354712711
6408	0.06354702432
6409	0.06354701861
6410	0.06354701576
6411	0.06354567661
6412	0.06354452019
6413	0.06352712558
6414	0.06352695421
6415	0.06352155578
6416	0.06347601939
6417	0.0634758193
6418	0.06347565636
6419	0.06347537909
6420	0.06347515041
6421	0.06347467303
6422	0.06347448151
6423	0.06347448151
6424	0.06347436145
6425	0.06347085105
6426	0.06347072241
6427	0.06347069954
6428	0.06346991339
6429	0.06346987908
6430	0.06346984478
6431	0.06346937308
6432	0.06346849543
6433	0.06346690591
6434	0.06346397833
6435	0.06346263458
6436	0.06345111143
6437	0.0634496759
6438	0.06344369033
6439	0.06344335
6440	0.06344324704
6441	0.06344321558
6442	0.06344204013
6443	0.06344186853
6444	0.06344146526
6445	0.06344145096
6446	0.06344125648
6447	0.06344125362
6448	0.0634412336
6449	0.06344118784
6450	0.06344109346
6451	0.06343666308
6452	0.06343251558
6453	0.06343250414
6454	0.06343247553
6455	0.06343178616
6456	0.06342617939
6457	0.06342601061
6458	0.06342500648
6459	0.06342495213
6460	0.06342485772
6461	0.06342484914
6462	0.06342477762
6463	0.06342474043
6464	0.06339173548
6465	0.06339164675
6466	0.06339162958
6467	0.06339154657
6468	0.06339097698
6469	0.06339084245
6470	0.06339062491
6471	0.06338974044
6472	0.06338972327
6473	0.06338970323
6474	0.06338950859
6475	0.06338931681
6476	0.06338930823
6477	0.06338926243
6478	0.06338923953
6479	0.06338917369
6480	0.06338914793
6481	0.06336847519
6482	0.0633684666
6483	0.06336836352
6484	0.06336834634
6485	0.06336819172
6486	0.0633436252
6487	0.0633421013
6488	0.06334183203
6489	0.06334114167
6490	0.06334111016
6491	0.0633410185
6492	0.06333980104
6493	0.06332312385
6494	0.06332298632
6495	0.06331527222
6496	0.06331495699
6497	0.06331489968
6498	0.06331479651
6499	0.06331419183
6500	0.06331281337
6501	0.06331279331
6502	0.06331277325
6503	0.06331265575
6504	0.06331258984
6505	0.06331254398
6506	0.0633122488
6507	0.06331219435
6508	0.06331206825
6509	0.06331205965
6510	0.06331185617
6511	0.06331183898
6512	0.06331166702
6513	0.0633068464
6514	0.06330473117
6515	0.06330413499
6516	0.063304049
6517	0.0633017789
6518	0.06330152666
6519	0.06330076994
6520	0.06329991288
6521	0.06329990715
6522	0.06329989568
6523	0.06329982402
6524	0.06329974949
6525	0.06329961764
6526	0.06329908447
6527	0.06329560162
6528	0.06329266899
6529	0.06329246258
6530	0.06329179176
6531	0.06328991971
6532	0.06328972189
6533	0.06328969896
6534	0.06328968176
6535	0.06328967889
6536	0.06328965882
6537	0.06328953268
6538	0.06328948107
6539	0.0632889765
6540	0.06328895643
6541	0.06328884748
6542	0.06328845471
6543	0.06328842604
6544	0.06328841458
6545	0.06328824256
6546	0.06328811928
6547	0.06325243556
6548	0.06325238393
6549	0.06325199954
6550	0.06323742248
6551	0.06323723598
6552	0.06323690027
6553	0.0632368888
6554	0.06323668221
6555	0.06323656457
6556	0.06323574394
6557	0.06323568942
6558	0.06321591082
6559	0.06317512302
6560	0.06317495644
6561	0.0631749191
6562	0.06317490761
6563	0.06317482145
6564	0.06317455721
6565	0.06317452275
6566	0.06317451126
6567	0.06317331645
6568	0.06317327624
6569	0.06317324751
6570	0.06317317571
6571	0.06317292583
6572	0.06317277935
6573	0.06317277648
6574	0.06317276211
6575	0.06317274488
6576	0.06317260989
6577	0.06317244043
6578	0.06317242319
6579	0.06314862814
6580	0.06314860516
6581	0.06314817703
6582	0.06314815405
6583	0.0631400795
6584	0.06313973753
6585	0.06313972603
6586	0.06313970592
6587	0.06313935533
6588	0.06313931222
6589	0.06311956091
6590	0.06311925907
6591	0.06311909522
6592	0.06311712318
6593	0.06311702831
6594	0.06311687308
6595	0.0631168587
6596	0.06311613426
6597	0.06311594453
6598	0.06311524308
6599	0.06311523445
6600	0.06311490672
6601	0.06311485785
6602	0.06311418801
6603	0.0631111722
6604	0.06310968868
6605	0.06310958518
6606	0.06310724482
6607	0.06310715857
6608	0.06308828589
6609	0.06308826864
6610	0.0630876963
6611	0.0630876848
6612	0.06308767617
6613	0.06308766179
6614	0.06308763303
6615	0.06308677595
6616	0.0630867702
6617	0.06308671268
6618	0.06308670405
6619	0.06308651422
6620	0.06308645958
6621	0.06308364091
6622	0.06308360064
6623	0.06308346258
6624	0.06308324973
6625	0.06308241561
6626	0.06306951114
6627	0.06306946511
6628	0.06306832009
6629	0.06306827981
6630	0.06306826543
6631	0.06305413222
6632	0.06305351928
6633	0.06305263297
6634	0.06305253225
6635	0.06305252362
6636	0.06305240275
6637	0.06305130922
6638	0.06305130059
6639	0.06305128045
6640	0.06305125742
6641	0.06305055525
6642	0.06304188106
6643	0.06304174579
6644	0.06304172852
6645	0.06303145549
6646	0.06303084234
6647	0.06303064371
6648	0.06303049977
6649	0.06303048538
6650	0.06303045371
6651	0.06303033281
6652	0.06303024645
6653	0.06303024357
6654	0.063030091
6655	0.06302997585
6656	0.06302903163
6657	0.06302901723
6658	0.06302893375
6659	0.06302891648
6660	0.06302811042
6661	0.06302793481
6662	0.06302755769
6663	0.06302727557
6664	0.06299403357
6665	0.06299393852
6666	0.06298528822
6667	0.062985052
6668	0.06298481578
6669	0.06298473512
6670	0.06298464869
6671	0.06298434333
6672	0.0629838075
6673	0.06293013227
6674	0.06293001406
6675	0.06292993044
6676	0.06290816365
6677	0.06290122368
6678	0.06289970348
6679	0.06289441566
6680	0.06289428295
6681	0.06289424833
6682	0.06289395407
6683	0.06289393676
6684	0.06289380117
6685	0.0628921827
6686	0.06289216827
6687	0.06289215673
6688	0.06289195478
6689	0.06287968646
6690	0.06287955372
6691	0.06287925939
6692	0.06287915839
6693	0.0628787746
6694	0.06287860724
6695	0.06287834753
6696	0.062876922
6697	0.06287643431
6698	0.06287622077
6699	0.06287586293
6700	0.06287566382
6701	0.06287555993
6702	0.06287512706
6703	0.06287511263
6704	0.06287507223
6705	0.06287505203
6706	0.06287495103
6707	0.06287491063
6708	0.06287437386
6709	0.06287425843
6710	0.06287336959
6711	0.06287326569
6712	0.06287320798
6713	0.06287319643
6714	0.0628728963
6715	0.06287279529
6716	0.06287253845
6717	0.06287250382
6718	0.06287235952
6719	0.06287231912
6720	0.06287231046
6721	0.06287226717
6722	0.06286425821
6723	0.06286403885
6724	0.06286055498
6725	0.06285906266
6726	0.06285864411
6727	0.06285850267
6728	0.06285844782
6729	0.06285837855
6730	0.06285829772
6731	0.06285803216
6732	0.06285782721
6733	0.06285780123
6734	0.06285779546
6735	0.0628576367
6736	0.0628575934
6737	0.06285754721
6738	0.06285753566
6739	0.06285740288
6740	0.06285626266
6741	0.06285617894
6742	0.06285615585
6743	0.06285533026
6744	0.06285526098
6745	0.06285517149
6746	0.06285515994
6747	0.06285504159
6748	0.06285502138
6749	0.06285494633
6750	0.06285485395
6751	0.06285482797
6752	0.06285466631
6753	0.06285465477
6754	0.06285418711
6755	0.06285416691
6756	0.06285407742
6757	0.06285407453
6758	0.06285390132
6759	0.06285382338
6760	0.06283803362
6761	0.06283791523
6762	0.06283781128
6763	0.06283619137
6764	0.06283617693
6765	0.06283573224
6766	0.06283355495
6767	0.06283323152
6768	0.06283168657
6769	0.06283146133
6770	0.06283144977
6771	0.06283130827
6772	0.0628312303
6773	0.06283018779
6774	0.06283018202
6775	0.06282942539
6776	0.06282941384
6777	0.06282931565
6778	0.0628291135
6779	0.06282889979
6780	0.06282877272
6781	0.06282876406
6782	0.06282874962
6783	0.06282865432
6784	0.06282864565
6785	0.06282863699
6786	0.06282830199
6787	0.06282820091
6788	0.06281226028
6789	0.06281225161
6790	0.06280307647
6791	0.06280306781
6792	0.06280304758
6793	0.06279778918
6794	0.06279760426
6795	0.06279751758
6796	0.06278928236
6797	0.0627881958
6798	0.0627860053
6799	0.06278584925
6800	0.06278575966
6801	0.06278359219
6802	0.06278358352
6803	0.06278348815
6804	0.06278334654
6805	0.06278320493
6806	0.06278317892
6807	0.06278314424
6808	0.0627830691
6809	0.06278305176
6810	0.0627830402
6811	0.06278303442
6812	0.06278302286
6813	0.06278284657
6814	0.0627828379
6815	0.06278166164
6816	0.06278153737
6817	0.06278144199
6818	0.06278131194
6819	0.06278113853
6820	0.06277919634
6821	0.06277889576
6822	0.06277881772
6823	0.06277871079
6824	0.06277862986
6825	0.06277826569
6826	0.06277802002
6827	0.06277800557
6828	0.06277791886
6829	0.06277780903
6830	0.06277759226
6831	0.06277752
6832	0.06277633208
6833	0.06277628873
6834	0.06277628873
6835	0.06277621358
6836	0.06277316997
6837	0.06277194728
6838	0.06277186635
6839	0.06277186057
6840	0.06277105699
6841	0.06277088356
6842	0.06277077949
6843	0.06276833689
6844	0.06276831666
6845	0.06276821548
6846	0.06276793509
6847	0.06276781946
6848	0.06276772984
6849	0.06276770961
6850	0.06276754195
6851	0.06276747257
6852	0.06276744655
6853	0.06276669495
6854	0.06276618906
6855	0.06276612546
6856	0.06276610812
6857	0.06276610234
6858	0.06276608499
6859	0.06276594045
6860	0.06276581326
6861	0.06276572942
6862	0.06276572653
6863	0.06276561668
6864	0.06276352368
6865	0.06276331554
6866	0.0627480929
6867	0.06274717046
6868	0.062746248
6869	0.0627461815
6870	0.06273765032
6871	0.06273638356
6872	0.0627244059
6873	0.06272438565
6874	0.06272416869
6875	0.06272292769
6876	0.06272282934
6877	0.06272272809
6878	0.0627226037
6879	0.06272253427
6880	0.06272164906
6881	0.06272142921
6882	0.06272137135
6883	0.06272119488
6884	0.06272113413
6885	0.0627210271
6886	0.06272080724
6887	0.06272033569
6888	0.0627202489
6889	0.06271920455
6890	0.06271762207
6891	0.06271758157
6892	0.06271752371
6893	0.06271743113
6894	0.06271704925
6895	0.06271695667
6896	0.06271689881
6897	0.06271688145
6898	0.0627168612
6899	0.06271663843
6900	0.06271643013
6901	0.06271640698
6902	0.06271632019
6903	0.06271586886
6904	0.06271565477
6905	0.06271556509
6906	0.06271545804
6907	0.06271504721
6908	0.06271424291
6909	0.06271410403
6910	0.06271376263
6911	0.06271374527
6912	0.06271368452
6913	0.06271360061
6914	0.06271358615
6915	0.06271358325
6916	0.06271357168
6917	0.06271221185
6918	0.06267435034
6919	0.06266523898
6920	0.06266508552
6921	0.06266376517
6922	0.06266370147
6923	0.06266359723
6924	0.06266359144
6925	0.06266351616
6926	0.06266342929
6927	0.06266328451
6928	0.06266317738
6929	0.06266305287
6930	0.06266289651
6931	0.06266284439
6932	0.06266108096
6933	0.06266106648
6934	0.06265468992
6935	0.06265457408
6936	0.0626545654
6937	0.06265448141
6938	0.06265439453
6939	0.06265423815
6940	0.0626542005
6941	0.06265416575
6942	0.06265410494
6943	0.06265402964
6944	0.06265401227
6945	0.06265361841
6946	0.06265343307
6947	0.06265280753
6948	0.06265278436
6949	0.06265265693
6950	0.06265265114
6951	0.06265252951
6952	0.06265247738
6953	0.0626515738
6954	0.06265156222
6955	0.06264846332
6956	0.06264845753
6957	0.06264837933
6958	0.06264750755
6959	0.06264749597
6960	0.06264738591
6961	0.06264313691
6962	0.06264235775
6963	0.06264181031
6964	0.06264159886
6965	0.06264159306
6966	0.06264093844
6967	0.06264083706
6968	0.06264075885
6969	0.06264072989
6970	0.0626407183
6971	0.06264069802
6972	0.06264061981
6973	0.06264039967
6974	0.06264027801
6975	0.06264026063
6976	0.06262459956
6977	0.06262432431
6978	0.06262261775
6979	0.06262240913
6980	0.06262239175
6981	0.06262234539
6982	0.06262171374
6983	0.06262139502
6984	0.06262125594
6985	0.06262046202
6986	0.06262045333
6987	0.06261993467
6988	0.06261983615
6989	0.06261981587
6990	0.06261969997
6991	0.06261969127
6992	0.06261968258
6993	0.06261807441
6994	0.06261806571
6995	0.06261799038
6996	0.06261797299
6997	0.0626179614
6998	0.06261786867
6999	0.0626178397
7000	0.06261659659
7001	0.06261652125
7002	0.06261650966
7003	0.06261602574
7004	0.06261596199
7005	0.06261405814
7006	0.06261404655
7007	0.062612899
7008	0.06261215424
7009	0.06261153119
7010	0.062611508
7011	0.06261128486
7012	0.06261128196
7013	0.06261126747
7014	0.06261125298
7015	0.06261121241
7016	0.06261043285
7017	0.06261041547
7018	0.0626102184
7019	0.06261009958
7020	0.06260995179
7021	0.06258491658
7022	0.062584847
7023	0.06258304078
7024	0.06258289582
7025	0.06258247543
7026	0.06258246383
7027	0.06258240294
7028	0.06258226668
7029	0.06258226088
7030	0.06258000228
7031	0.062579924
7032	0.06257950648
7033	0.06257944849
7034	0.06257937601
7035	0.06257876132
7036	0.06257870043
7037	0.06257858445
7038	0.06257856416
7039	0.06257850907
7040	0.06257785378
7041	0.06257770881
7042	0.06257765082
7043	0.06257745365
7044	0.06257703322
7045	0.06257702742
7046	0.06257687954
7047	0.06257680415
7048	0.06256352568
7049	0.06256310806
7050	0.06256225249
7051	0.06256221769
7052	0.06256221479
7053	0.06256126931
7054	0.06256126061
7055	0.06255894615
7056	0.06255760325
7057	0.06255752784
7058	0.06255746113
7059	0.06255742053
7060	0.06255580205
7061	0.06255564542
7062	0.0625555091
7063	0.06255545109
7064	0.06255536697
7065	0.06255535247
7066	0.06255534667
7067	0.06255529156
7068	0.06255515813
7069	0.06255514363
7070	0.06255414293
7071	0.06255408782
7072	0.06255405011
7073	0.06255362662
7074	0.0625535599
7075	0.06255350479
7076	0.06255349319
7077	0.06255342937
7078	0.06255336266
7079	0.06255327564
7080	0.06255321763
7081	0.06255147721
7082	0.0625514337
7083	0.06254843137
7084	0.06254507788
7085	0.06254501115
7086	0.06254494153
7087	0.06254347069
7088	0.06254346779
7089	0.06254341557
7090	0.06254336915
7091	0.0625429746
7092	0.06254109464
7093	0.0625325529
7094	0.06253254419
7095	0.06253142126
7096	0.06253064651
7097	0.06253058558
7098	0.06252948002
7099	0.06252904766
7100	0.06252887935
7101	0.06252453234
7102	0.06252390551
7103	0.06252384747
7104	0.0625234644
7105	0.06252345279
7106	0.06252344989
7107	0.0625228898
7108	0.06252279693
7109	0.06252279113
7110	0.0625227563
7111	0.06252222522
7112	0.06252214687
7113	0.06252192631
7114	0.06252192631
7115	0.06252176379
7116	0.06252117756
7117	0.06252082931
7118	0.06252075965
7119	0.06252071612
7120	0.06251933178
7121	0.06251821151
7122	0.06251805188
7123	0.06251804608
7124	0.06251798803
7125	0.06251783131
7126	0.0625165688
7127	0.06251540205
7128	0.0625153469
7129	0.06251484478
7130	0.06251068546
7131	0.06251067676
7132	0.06251064193
7133	0.06251063031
7134	0.06250998593
7135	0.06250948957
7136	0.06250948377
7137	0.06250939378
7138	0.06250903675
7139	0.06250894096
7140	0.06250875809
7141	0.06250874358
7142	0.06250864489
7143	0.06250703096
7144	0.06250577113
7145	0.06250477254
7146	0.06250320496
7147	0.062503144
7148	0.06250310626
7149	0.0625030482
7150	0.06250303659
7151	0.06250296111
7152	0.06249846713
7153	0.06249800262
7154	0.06249794456
7155	0.06249696907
7156	0.06249696036
7157	0.06249648713
7158	0.0624964639
7159	0.06249640584
7160	0.06249070352
7161	0.06249028251
7162	0.06248993698
7163	0.06248973373
7164	0.0624897105
7165	0.06248969598
7166	0.06248969308
7167	0.06248926915
7168	0.06247597208
7169	0.06247596337
7170	0.06247595756
7171	0.06247594304
7172	0.06247592561
7173	0.0624748307
7174	0.06247481618
7175	0.06247481328
7176	0.06247380548
7177	0.06247374449
7178	0.06247081685
7179	0.06247077619
7180	0.06247076166
7181	0.06247023014
7182	0.0624698177
7183	0.06246753761
7184	0.06246594876
7185	0.06246557696
7186	0.06246366562
7187	0.0624636511
7188	0.062463593
7189	0.0624635901
7190	0.06246350005
7191	0.06246344776
7192	0.06246243978
7193	0.06246236716
7194	0.06246231778
7195	0.06246226549
7196	0.06246186462
7197	0.06246177457
7198	0.06246168161
7199	0.0624608508
7200	0.06246084209
7201	0.0624607927
7202	0.06244897138
7203	0.06244485998
7204	0.06244352044
7205	0.06244346814
7206	0.06244218379
7207	0.06244217798
7208	0.06244211986
7209	0.06243642712
7210	0.06243637191
7211	0.06243634284
7212	0.06243633994
7213	0.0624253569
7214	0.06242530458
7215	0.0624099995
7216	0.06240999078
7217	0.06240964772
7218	0.06240913603
7219	0.0624091244
7220	0.06240793237
7221	0.06240783934
7222	0.0624077841
7223	0.06240777828
7224	0.06240694676
7225	0.06240694385
7226	0.06240689152
7227	0.0624068479
7228	0.06240576923
7229	0.06240571689
7230	0.06240567037
7231	0.06240503654
7232	0.06240385897
7233	0.06239108753
7234	0.0623910788
7235	0.06238968867
7236	0.06238967995
7237	0.06238967413
7238	0.06238945601
7239	0.06238940366
7240	0.06238932223
7241	0.06238931642
7242	0.0623889936
7243	0.06238896742
7244	0.06238896161
7245	0.06238895579
7246	0.06238872313
7247	0.06238864751
7248	0.06238814146
7249	0.06238583803
7250	0.06238583221
7251	0.06238566643
7252	0.06238524471
7253	0.06238520399
7254	0.06238485788
7255	0.06238367412
7256	0.06238365958
7257	0.06238311859
7258	0.06238310695
7259	0.06238281319
7260	0.06238251361
7261	0.06238184463
7262	0.06238177191
7263	0.06237639655
7264	0.06237633255
7265	0.06237629183
7266	0.06237626274
7267	0.06236607502
7268	0.06236602847
7269	0.06236545242
7270	0.0623650131
7271	0.06236496946
7272	0.06236474834
7273	0.06236471925
7274	0.06236222001
7275	0.06236196979
7276	0.06236023859
7277	0.06236019203
7278	0.06234921014
7279	0.06234915775
7280	0.06234302287
7281	0.06234297631
7282	0.06234295593
7283	0.06234293847
7284	0.06234285698
7285	0.06234209153
7286	0.06234208571
7287	0.06234208571
7288	0.06234198093
7289	0.06234197511
7290	0.06233412506
7291	0.0623333595
7292	0.06233334786
7293	0.06233304513
7294	0.06233296944
7295	0.06233263178
7296	0.06233216603
7297	0.06233018365
7298	0.06231910038
7299	0.06231909165
7300	0.06231908292
7301	0.06231893734
7302	0.06231892278
7303	0.06231891987
7304	0.06231886746
7305	0.06231874809
7306	0.06231671287
7307	0.06231665464
7308	0.0623141098
7309	0.06230986428
7310	0.06230792778
7311	0.06230789866
7312	0.06230789575
7313	0.06230781421
7314	0.06230763366
7315	0.06230593299
7316	0.06230592425
7317	0.06230590969
7318	0.06230501856
7319	0.06230500691
7320	0.06230500109
7321	0.06229015873
7322	0.06229014707
7323	0.0622860514
7324	0.06228557074
7325	0.06228085132
7326	0.06228084841
7327	0.06227648991
7328	0.06227646951
7329	0.06227575569
7330	0.0622739376
7331	0.0622561501
7332	0.06225588779
7333	0.06225398168
7334	0.06225387092
7335	0.06225379514
7336	0.0622533871
7337	0.06225334629
7338	0.06225329966
7339	0.06224764504
7340	0.06224733606
7341	0.06224443275
7342	0.06223533133
7343	0.06223512142
7344	0.0622344596
7345	0.06223444502
7346	0.06223387941
7347	0.0622338386
7348	0.06223343042
7349	0.06223202511
7350	0.06223201345
7351	0.06223146531
7352	0.0622314274
7353	0.06217383713
7354	0.0621673639
7355	0.06216732888
7356	0.06216686773
7357	0.06216389353
7358	0.06216195832
7359	0.06215220841
7360	0.06215084214
7361	0.06215027868
7362	0.06212278302
7363	0.06212258733
7364	0.06212124377
7365	0.06211888078
7366	0.06211826446
7367	0.06211569105
7368	0.06211425094
7369	0.06211118366
7370	0.06211090321
7371	0.06207606564
7372	0.06207293509
7373	0.0620729234
7374	0.06207282694
7375	0.06207266909
7376	0.0620726574
7377	0.06206639287
7378	0.06206570587
7379	0.06206565617
7380	0.06206563278
7381	0.06206562693
7382	0.0620653609
7383	0.06206534336
7384	0.06206531412
7385	0.0620617825
7386	0.06205937924
7387	0.06205925936
7388	0.06205266599
7389	0.0620526309
7390	0.06205238528
7391	0.06205209872
7392	0.06205202854
7393	0.06205194667
7394	0.06205175368
7395	0.06205052555
7396	0.06205049338
7397	0.06205032963
7398	0.06205014541
7399	0.0620499992
7400	0.06204995534
7401	0.0620398281
7402	0.06202744973
7403	0.06202737953
7404	0.06202735613
7405	0.06202732102
7406	0.06202730347
7407	0.06202297396
7408	0.0620227253
7409	0.06202219579
7410	0.06202216654
7411	0.06202214021
7412	0.06202117771
7413	0.06202097878
7414	0.06197990522
7415	0.06197987301
7416	0.06197722651
7417	0.06197666734
7418	0.06197609938
7419	0.0619759852
7420	0.06197523278
7421	0.06197407633
7422	0.06197406755
7423	0.06197168431
7424	0.06197168138
7425	0.06197119535
7426	0.06197072689
7427	0.0619707181
7428	0.06195396525
7429	0.06195356987
7430	0.06195132643
7431	0.0619498825
7432	0.06194937287
7433	0.06194934944
7434	0.06194449895
7435	0.06194449602
7436	0.06193624405
7437	0.06193170895
7438	0.06193101752
7439	0.06193072161
7440	0.06192999795
7441	0.06192981044
7442	0.06192979579
7443	0.06192975184
7444	0.06192763645
7445	0.0619275134
7446	0.06192724677
7447	0.06192720868
7448	0.06192718524
7449	0.06192712664
7450	0.061924012
7451	0.06192396805
7452	0.06192380689
7453	0.0619224092
7454	0.06188701989
7455	0.0618869935
7456	0.06188689088
7457	0.06188667686
7458	0.06188600252
7459	0.06188078934
7460	0.06187946399
7461	0.06186507972
7462	0.0618650328
7463	0.061865024
7464	0.06186499174
7465	0.06186495947
7466	0.06186445208
7467	0.06183753354
7468	0.06183486921
7469	0.06183435863
7470	0.06183434103
7471	0.06183432635
7472	0.06183428234
7473	0.06183422365
7474	0.06183419137
7475	0.06183407106
7476	0.06183405052
7477	0.06183404465
7478	0.0618338099
7479	0.06183378349
7480	0.06182749769
7481	0.06180984004
7482	0.06180506081
7483	0.06179348989
7484	0.06179293199
7485	0.06178204603
7486	0.0617617314
7487	0.06176164033
7488	0.06176163152
7489	0.0617615992
7490	0.06176058564
7491	0.06175989818
7492	0.06175986292
7493	0.06175504162
7494	0.0617377894
7495	0.06173763951
7496	0.06173329263
7497	0.0617265204
7498	0.06172649982
7499	0.06172634991
7500	0.06172496833
7501	0.06172452151
7502	0.06172382776
7503	0.06172378955
7504	0.06172377779
7505	0.06172200517
7506	0.06172199341
7507	0.06172097626
7508	0.06172097038
7509	0.06172080576
7510	0.06172077048
7511	0.0617207646
7512	0.06172075578
7513	0.06172072638
7514	0.0617207058
7515	0.06172069404
7516	0.06172059409
7517	0.06171915946
7518	0.0617191477
7519	0.06171756605
7520	0.06170071505
7521	0.06169955051
7522	0.06169942405
7523	0.06169941817
7524	0.06169939465
7525	0.06169881237
7526	0.06169857122
7527	0.06169298928
7528	0.06169298045
7529	0.06168774802
7530	0.06168281225
7531	0.06168269753
7532	0.06168269459
7533	0.06167905868
7534	0.06167883805
7535	0.06167525487
7536	0.06167435757
7537	0.06167435169
7538	0.06167362502
7539	0.061673372
7540	0.06167334258
7541	0.06167328668
7542	0.06167328374
7543	0.06167327491
7544	0.06167325432
7545	0.06167323667
7546	0.06167322196
7547	0.06167322196
7548	0.06167306015
7549	0.06167201277
7550	0.06167185978
7551	0.06167025337
7552	0.06167025043
7553	0.06167019747
7554	0.0616701857
7555	0.06167018276
7556	0.06167015922
7557	0.06167015334
7558	0.06166976791
7559	0.06166975908
7560	0.06166975026
7561	0.0616682556
7562	0.06166824383
7563	0.061668235
7564	0.06166823206
7565	0.0616679496
7566	0.06166780249
7567	0.06166756122
7568	0.06166708162
7569	0.06166696099
7570	0.06166681975
7571	0.061666705
7572	0.06166669912
7573	0.06165398392
7574	0.06165397803
7575	0.06165394861
7576	0.0616336948
7577	0.06163368596
7578	0.06163367419
7579	0.06163366241
7580	0.06163357704
7581	0.0616334269
7582	0.06163340923
7583	0.06163339746
7584	0.06162944362
7585	0.06162942007
7586	0.0616293553
7587	0.06162934352
7588	0.06162933469
7589	0.06162925814
7590	0.06162907561
7591	0.06162897551
7592	0.06162896962
7593	0.06162798921
7594	0.0616264111
7595	0.06162637282
7596	0.06162636693
7597	0.0616261785
7598	0.06162616083
7599	0.06162578397
7600	0.06162535998
7601	0.06162492128
7602	0.06162461801
7603	0.0616153897
7604	0.06161538087
7605	0.06161537498
7606	0.06161218274
7607	0.06161141999
7608	0.06161130808
7609	0.06161106659
7610	0.06161093701
7611	0.06161088989
7612	0.06160026926
7613	0.0615985137
7614	0.06159846657
7615	0.06159846657
7616	0.06159825154
7617	0.0615841964
7618	0.0615841905
7619	0.06158418461
7620	0.06158417283
7621	0.06158054878
7622	0.06157135513
7623	0.06157108401
7624	0.06157058009
7625	0.06157038264
7626	0.06157036496
7627	0.06156957812
7628	0.06156956928
7629	0.06156956044
7630	0.06156933941
7631	0.06156892094
7632	0.06156585596
7633	0.06156551703
7634	0.06156546988
7635	0.06156515453
7636	0.061565128
7637	0.06156503664
7638	0.06156454445
7639	0.06156453856
7640	0.06155375665
7641	0.06155306097
7642	0.06154688507
7643	0.06154686738
7644	0.06154654898
7645	0.06153806379
7646	0.06153035593
7647	0.06152994604
7648	0.06152436944
7649	0.06150571911
7650	0.06150571026
7651	0.06149921686
7652	0.0614991785
7653	0.0614991608
7654	0.06149711911
7655	0.06149620446
7656	0.06149577074
7657	0.06149554945
7658	0.06149054218
7659	0.06149023235
7660	0.06148946514
7661	0.06148945039
7662	0.06148941203
7663	0.06148790708
7664	0.06148323858
7665	0.06148319726
7666	0.06147417795
7667	0.0614732541
7668	0.0614732541
7669	0.06147177238
7670	0.06147074814
7671	0.06147045591
7672	0.06146591302
7673	0.06143143922
7674	0.06143143036
7675	0.06142528062
7676	0.06142480209
7677	0.0614245126
7678	0.06142450079
7679	0.06142447125
7680	0.06142412859
7681	0.06142386864
7682	0.06141807265
7683	0.06141803129
7684	0.0614174493
7685	0.0614163887
7686	0.0614046234
7687	0.06140458203
7688	0.06140455248
7689	0.0614042629
7690	0.06140397627
7691	0.06140296863
7692	0.06140294794
7693	0.0614021885
7694	0.06140215895
7695	0.06139985399
7696	0.06139971806
7697	0.06139963236
7698	0.06139933684
7699	0.06139399663
7700	0.0613939789
7701	0.06139280263
7702	0.06139279081
7703	0.06139250709
7704	0.06139246866
7705	0.06138850522
7706	0.06138850227
7707	0.06138845793
7708	0.06138793773
7709	0.06138261722
7710	0.06138207332
7711	0.06138185162
7712	0.06138151464
7713	0.06137680256
7714	0.06137677891
7715	0.06137605167
7716	0.06137593638
7717	0.06137592455
7718	0.06137572352
7719	0.06137358313
7720	0.06136861617
7721	0.06136853339
7722	0.06136852452
7723	0.06136851861
7724	0.06136340044
7725	0.061363362
7726	0.06136335904
7727	0.06136328512
7728	0.06135811921
7729	0.06135809259
7730	0.06135800683
7731	0.06135789446
7732	0.06135781462
7733	0.06135707828
7734	0.0613222267
7735	0.0613221261
7736	0.06132074725
7737	0.06132065848
7738	0.06132037442
7739	0.06132027382
7740	0.06132019096
7741	0.06130605135
7742	0.06130596848
7743	0.06130593889
7744	0.06126690627
7745	0.06125906063
7746	0.06125904878
7747	0.06125897473
7748	0.06125889476
7749	0.06125882367
7750	0.06125768628
7751	0.06125760927
7752	0.06125758261
7753	0.06125756484
7754	0.06125713238
7755	0.0612570998
7756	0.06125051487
7757	0.06125033417
7758	0.06123113514
7759	0.06123111439
7760	0.06123106105
7761	0.06119991497
7762	0.06118606783
7763	0.06118594328
7764	0.06118535019
7765	0.06118423218
7766	0.0611841966
7767	0.06118416991
7768	0.06117385485
7769	0.06117091838
7770	0.06117088279
7771	0.06116298033
7772	0.0611629566
7773	0.06115860743
7774	0.06115743257
7775	0.06115742071
7776	0.06115718632
7777	0.06113140777
7778	0.06113136325
7779	0.06113082305
7780	0.06112345865
7781	0.06112343193
7782	0.06112319742
7783	0.06110995642
7784	0.06110924976
7785	0.0611090241
7786	0.06110872718
7787	0.06110744447
7788	0.06110698126
7789	0.06110694563
7790	0.06109269132
7791	0.06109266162
7792	0.06109262004
7793	0.06109118849
7794	0.0610910281
7795	0.06106304657
7796	0.06106302874
7797	0.06106298714
7798	0.0610629604
7799	0.06106271971
7800	0.06106250279
7801	0.06106222942
7802	0.0610621997
7803	0.06105034533
7804	0.06104954584
7805	0.06104471303
7806	0.06104465953
7807	0.06104459117
7808	0.06104455847
7809	0.06104453172
7810	0.06104450794
7811	0.06104447822
7812	0.06103086933
7813	0.06103081879
7814	0.06103075933
7815	0.06103073852
7816	0.06103068203
7817	0.06103065528
7818	0.06103055419
7819	0.06103048284
7820	0.06103037284
7821	0.06103033716
7822	0.06102990607
7823	0.06102988526
7824	0.0610289755
7825	0.06102896063
7826	0.06102373074
7827	0.06102368316
7828	0.06102360883
7829	0.06102350774
7830	0.06102345421
7831	0.06101847363
7832	0.0609887571
7833	0.06097182371
7834	0.06097121663
7835	0.06096989233
7836	0.06096980305
7837	0.06096383295
7838	0.06096379128
7839	0.06096364842
7840	0.0609510128
7841	0.06095092945
7842	0.060950858
7843	0.06094463
7844	0.06094459427
7845	0.06094428464
7846	0.06094417448
7847	0.06094170333
7848	0.06094169142
7849	0.06094105724
7850	0.06094104533
7851	0.06094098281
7852	0.06092874154
7853	0.06092735081
7854	0.06092609108
7855	0.06092598386
7856	0.06092559969
7857	0.06090210658
7858	0.06090210658
7859	0.06090207678
7860	0.06090201124
7861	0.06090187419
7862	0.06090186823
7863	0.06090185334
7864	0.06090175204
7865	0.06090163883
7866	0.06090160605
7867	0.06090154349
7868	0.06090146007
7869	0.06090145113
7870	0.06090137367
7871	0.06090131706
7872	0.06090129323
7873	0.06090122172
7874	0.06090119789
7875	0.06090111745
7876	0.06088170696
7877	0.06088162053
7878	0.06088157881
7879	0.06088140297
7880	0.06088128674
7881	0.06087152247
7882	0.06087142112
7883	0.06087132574
7884	0.0608706014
7885	0.06087056861
7886	0.06086722105
7887	0.06086711373
7888	0.06086616875
7889	0.06086613894
7890	0.0608660346
7891	0.06086598988
7892	0.06086088908
7893	0.06086081753
7894	0.06084358909
7895	0.06083876378
7896	0.06083873395
7897	0.06083262571
7898	0.06083261974
7899	0.06083253026
7900	0.0608325064
7901	0.06083248851
7902	0.06083237815
7903	0.0608323692
7904	0.06083233937
7905	0.06083222603
7906	0.06081941991
7907	0.06081939604
7908	0.06081931549
7909	0.06081928864
7910	0.06081876953
7911	0.0608178596
7912	0.06081783573
7913	0.06081674379
7914	0.06081664236
7915	0.06081654092
7916	0.06081651705
7917	0.06081645738
7918	0.06081645141
7919	0.06081643351
7920	0.06081633506
7921	0.06081626345
7922	0.06081625749
7923	0.06080502956
7924	0.06080497585
7925	0.06080405377
7926	0.06080404482
7927	0.06079875678
7928	0.06079875081
7929	0.06079872694
7930	0.06079771225
7931	0.0607976645
7932	0.06078688984
7933	0.06077597594
7934	0.06077586846
7935	0.06077584756
7936	0.06077524748
7937	0.06077515194
7938	0.06077505044
7939	0.06077500565
7940	0.06077498475
7941	0.06076978077
7942	0.06075834119
7943	0.06075829938
7944	0.06074664557
7945	0.06074656791
7946	0.06074203659
7947	0.06074196789
7948	0.06074123006
7949	0.06074118226
7950	0.06074098511
7951	0.06072567682
7952	0.06072567383
7953	0.06072561108
7954	0.06072532424
7955	0.06072531527
7956	0.06072528539
7957	0.06072375853
7958	0.06072372566
7959	0.06072370773
7960	0.06071630889
7961	0.06070806033
7962	0.06070805137
7963	0.060680874
7964	0.06067995602
7965	0.06067993509
7966	0.06067466315
7967	0.06067460334
7968	0.06067456147
7969	0.06067446877
7970	0.06067437008
7971	0.06067434915
7972	0.0606743312
7973	0.06067425345
7974	0.06067409795
7975	0.06067359554
7976	0.06067285987
7977	0.06067283595
7978	0.06067282399
7979	0.06067211822
7980	0.06067210326
7981	0.06067208233
7982	0.06067192084
7983	0.06066145287
7984	0.06066141697
7985	0.06066007395
7986	0.06066005301
7987	0.06066004703
7988	0.06065997524
7989	0.06065860527
7990	0.06065859928
7991	0.06065853348
7992	0.0606585245
7993	0.06065777369
7994	0.06065775275
7995	0.0606550037
7996	0.06065498575
7997	0.06064665705
7998	0.06063419177
7999	0.06063317733
