iter	Passed	Remaining
0	22	178705
1	36	145812
2	51	137423
3	67	135516
4	82	132430
5	97	129631
6	111	127415
7	128	128201
8	143	127569
9	155	124349
10	171	124388
11	186	124399
12	201	123870
13	215	123058
14	227	121084
15	241	120520
16	254	119699
17	269	119653
18	275	115902
19	288	115109
20	302	114840
21	316	114667
22	330	114741
23	344	114431
24	357	114060
25	372	114291
26	385	113955
27	399	113709
28	413	113729
29	428	113754
30	442	113681
31	455	113522
32	469	113253
33	482	113152
34	495	112831
35	510	112873
36	522	112365
37	535	112102
38	548	111863
39	560	111526
40	573	111370
41	586	111095
42	600	111092
43	615	111233
44	630	111383
45	643	111283
46	655	110952
47	669	110938
48	675	109680
49	689	109567
50	702	109505
51	715	109366
52	722	108359
53	737	108452
54	750	108345
55	763	108256
56	777	108408
57	791	108314
58	802	108042
59	816	108104
60	830	108044
61	841	107714
62	854	107632
63	866	107476
64	872	106457
65	884	106338
66	892	105649
67	905	105599
68	920	105776
69	925	104868
70	933	104304
71	946	104176
72	959	104220
73	973	104301
74	980	103590
75	993	103628
76	1000	102922
77	1014	103025
78	1027	103069
79	1042	103160
80	1056	103328
81	1071	103456
82	1084	103447
83	1098	103527
84	1113	103657
85	1122	103268
86	1136	103396
87	1151	103498
88	1168	103849
89	1184	104096
90	1192	103645
91	1209	103982
92	1225	104180
93	1232	103650
94	1246	103752
95	1264	104090
96	1280	104362
97	1296	104503
98	1310	104567
99	1324	104628
100	1337	104621
101	1350	104567
102	1364	104619
103	1375	104415
104	1382	103917
105	1389	103486
106	1400	103295
107	1413	103304
108	1429	103510
109	1442	103459
110	1455	103469
111	1470	103550
112	1482	103481
113	1496	103500
114	1509	103491
115	1513	102872
116	1526	102854
117	1538	102781
118	1552	102800
119	1565	102797
120	1578	102780
121	1592	102818
122	1606	102874
123	1620	102929
124	1634	102943
125	1646	102890
126	1659	102879
127	1673	102940
128	1687	102974
129	1694	102611
130	1709	102690
131	1723	102708
132	1726	102150
133	1733	101786
134	1740	101404
135	1754	101424
136	1768	101523
137	1781	101508
138	1795	101519
139	1802	101217
140	1815	101204
141	1828	101170
142	1841	101167
143	1856	101260
144	1867	101144
145	1871	100689
146	1884	100688
147	1891	100331
148	1902	100242
149	1917	100323
150	1930	100348
151	1943	100324
152	1956	100351
153	1971	100457
154	1984	100455
155	1996	100384
156	2010	100427
157	2023	100423
158	2035	100381
159	2049	100414
160	2063	100459
161	2075	100436
162	2089	100445
163	2102	100465
164	2116	100513
165	2130	100550
166	2140	100419
167	2154	100434
168	2168	100461
169	2181	100458
170	2194	100480
171	2208	100511
172	2213	100143
173	2226	100140
174	2238	100113
175	2251	100105
176	2265	100135
177	2278	100120
178	2292	100144
179	2305	100151
180	2318	100137
181	2321	99734
182	2334	99738
183	2348	99777
184	2359	99681
185	2373	99694
186	2386	99689
187	2397	99613
188	2404	99381
189	2419	99439
190	2432	99439
191	2444	99408
192	2457	99398
193	2462	99068
194	2472	98968
195	2484	98938
196	2499	98991
197	2512	99019
198	2525	99014
199	2538	98986
200	2551	98986
201	2565	99024
202	2577	98995
203	2590	99002
204	2604	99034
205	2617	99033
206	2630	99044
207	2643	99015
208	2656	99020
209	2669	99020
210	2682	99013
211	2695	99019
212	2700	98712
213	2712	98707
214	2726	98716
215	2738	98698
216	2744	98421
217	2750	98174
218	2764	98218
219	2769	97925
220	2781	97901
221	2795	97944
222	2808	97958
223	2822	97971
224	2834	97939
225	2848	97987
226	2861	97972
227	2873	97959
228	2886	97966
229	2898	97907
230	2912	97968
231	2920	97779
232	2932	97770
233	2946	97775
234	2959	97773
235	2971	97767
236	2984	97759
237	2988	97471
238	2995	97285
239	3009	97291
240	3022	97314
241	3035	97295
242	3047	97286
243	3061	97326
244	3073	97293
245	3086	97298
246	3100	97314
247	3114	97344
248	3127	97346
249	3130	97042
250	3143	97039
251	3155	97024
252	3168	97019
253	3182	97046
254	3196	97073
255	3209	97095
256	3213	96812
257	3226	96817
258	3239	96812
259	3251	96795
260	3256	96570
261	3269	96564
262	3282	96565
263	3295	96567
264	3300	96331
265	3312	96306
266	3325	96300
267	3338	96313
268	3347	96193
269	3360	96208
270	3372	96188
271	3385	96196
272	3399	96220
273	3413	96246
274	3417	96004
275	3424	95830
276	3436	95806
277	3440	95557
278	3452	95544
279	3466	95575
280	3480	95597
281	3493	95618
282	3507	95635
283	3520	95644
284	3523	95392
285	3536	95380
286	3549	95392
287	3562	95409
288	3575	95406
289	3588	95406
290	3602	95432
291	3614	95415
292	3627	95423
293	3642	95463
294	3654	95463
295	3667	95464
296	3681	95482
297	3688	95336
298	3702	95368
299	3715	95353
300	3720	95157
301	3732	95144
302	3739	94995
303	3752	94986
304	3760	94865
305	3772	94854
306	3786	94884
307	3799	94900
308	3813	94914
309	3825	94896
310	3829	94682
311	3844	94732
312	3857	94743
313	3867	94675
314	3881	94686
315	3895	94715
316	3909	94752
317	3913	94541
318	3926	94535
319	3938	94533
320	3945	94373
321	3952	94248
322	3966	94263
323	3979	94275
324	3993	94313
325	4007	94329
326	4020	94331
327	4032	94324
328	4045	94329
329	4059	94364
330	4066	94213
331	4079	94225
332	4092	94232
333	4105	94224
334	4111	94071
335	4122	94026
336	4135	94041
337	4146	93995
338	4159	93997
339	4171	93989
340	4185	93998
341	4199	94026
342	4206	93895
343	4219	93900
344	4231	93892
345	4244	93888
346	4249	93718
347	4256	93603
348	4269	93588
349	4282	93611
350	4293	93569
351	4304	93519
352	4317	93519
353	4329	93516
354	4343	93534
355	4350	93420
356	4355	93242
357	4359	93067
358	4372	93064
359	4384	93057
360	4396	93031
361	4407	93001
362	4415	92885
363	4427	92878
364	4431	92707
365	4443	92689
366	4456	92696
367	4469	92700
368	4482	92692
369	4496	92734
370	4509	92726
371	4521	92720
372	4535	92736
373	4548	92747
374	4561	92753
375	4574	92762
376	4581	92647
377	4592	92608
378	4604	92595
379	4617	92592
380	4630	92606
381	4643	92602
382	4656	92608
383	4667	92563
384	4679	92563
385	4694	92591
386	4706	92582
387	4719	92582
388	4723	92424
389	4736	92425
390	4749	92432
391	4755	92293
392	4768	92303
393	4773	92145
394	4786	92155
395	4800	92177
396	4807	92071
397	4819	92056
398	4832	92061
399	4838	91926
400	4852	91946
401	4856	91791
402	4860	91620
403	4873	91629
404	4886	91637
405	4900	91657
406	4913	91666
407	4926	91663
408	4939	91671
409	4952	91684
410	4965	91679
411	4978	91686
412	4992	91708
413	4998	91599
414	5012	91613
415	5018	91494
416	5031	91494
417	5044	91493
418	5057	91504
419	5070	91506
420	5083	91517
421	5096	91519
422	5109	91518
423	5115	91402
424	5128	91409
425	5135	91314
426	5149	91324
427	5153	91179
428	5166	91181
429	5178	91172
430	5192	91192
431	5205	91192
432	5217	91185
433	5230	91184
434	5235	91041
435	5249	91063
436	5259	91029
437	5272	91023
438	5286	91044
439	5296	91011
440	5310	91017
441	5322	91017
442	5336	91031
443	5342	90922
444	5348	90805
445	5353	90675
446	5365	90666
447	5378	90664
448	5392	90679
449	5406	90703
450	5419	90706
451	5432	90718
452	5444	90711
453	5457	90706
454	5460	90553
455	5473	90549
456	5487	90577
457	5492	90451
458	5505	90448
459	5517	90437
460	5531	90461
461	5542	90431
462	5553	90396
463	5565	90388
464	5578	90402
465	5586	90319
466	5598	90309
467	5611	90309
468	5624	90309
469	5637	90314
470	5650	90321
471	5662	90314
472	5675	90319
473	5686	90293
474	5691	90165
475	5703	90155
476	5710	90057
477	5722	90048
478	5735	90055
479	5748	90062
480	5762	90074
481	5774	90075
482	5789	90097
483	5801	90091
484	5811	90053
485	5824	90057
486	5836	90043
487	5843	89954
488	5856	89950
489	5869	89959
490	5882	89961
491	5895	89973
492	5909	89980
493	5919	89949
494	5933	89954
495	5946	89958
496	5958	89947
497	5970	89942
498	5984	89958
499	5997	89966
500	6011	89977
501	6016	89860
502	6028	89857
503	6042	89865
504	6054	89859
505	6067	89863
506	6081	89879
507	6094	89881
508	6107	89883
509	6120	89882
510	6130	89848
511	6144	89859
512	6157	89863
513	6170	89864
514	6184	89883
515	6197	89885
516	6210	89884
517	6222	89873
518	6234	89872
519	6242	89790
520	6254	89783
521	6267	89779
522	6274	89698
523	6287	89709
524	6300	89709
525	6312	89696
526	6325	89695
527	6338	89705
528	6350	89681
529	6363	89690
530	6376	89696
531	6382	89598
532	6396	89612
533	6406	89566
534	6419	89566
535	6432	89574
536	6445	89576
537	6457	89570
538	6470	89570
539	6484	89584
540	6497	89581
541	6509	89576
542	6514	89461
543	6527	89459
544	6539	89458
545	6552	89459
546	6565	89459
547	6580	89480
548	6592	89469
549	6597	89368
550	6609	89355
551	6623	89363
552	6636	89368
553	6649	89371
554	6662	89373
555	6675	89376
556	6689	89391
557	6702	89395
558	6707	89285
559	6717	89243
560	6729	89240
561	6742	89237
562	6755	89233
563	6768	89236
564	6781	89244
565	6794	89239
566	6806	89231
567	6819	89224
568	6833	89240
569	6846	89241
570	6858	89232
571	6871	89239
572	6885	89246
573	6899	89263
574	6905	89175
575	6919	89181
576	6932	89190
577	6937	89086
578	6944	89001
579	6956	88991
580	6968	88988
581	6982	88998
582	6992	88962
583	7005	88962
584	7018	88955
585	7030	88954
586	7044	88962
587	7057	88966
588	7071	88976
589	7084	88979
590	7098	88983
591	7110	88972
592	7122	88970
593	7128	88878
594	7141	88875
595	7153	88868
596	7166	88864
597	7173	88797
598	7184	88764
599	7196	88751
600	7208	88744
601	7221	88746
602	7234	88742
603	7246	88735
604	7260	88740
605	7273	88742
606	7286	88748
607	7299	88747
608	7311	88736
609	7325	88742
610	7332	88672
611	7345	88673
612	7358	88668
613	7371	88677
614	7385	88691
615	7398	88691
616	7411	88683
617	7424	88685
618	7437	88688
619	7450	88680
620	7462	88674
621	7476	88681
622	7489	88681
623	7502	88678
624	7514	88667
625	7526	88662
626	7539	88658
627	7552	88655
628	7565	88652
629	7578	88658
630	7591	88649
631	7603	88641
632	7616	88642
633	7629	88644
634	7642	88640
635	7655	88638
636	7668	88641
637	7681	88638
638	7693	88627
639	7706	88621
640	7719	88625
641	7732	88625
642	7744	88615
643	7757	88611
644	7771	88617
645	7784	88614
646	7797	88615
647	7810	88610
648	7823	88613
649	7837	88621
650	7849	88606
651	7862	88614
652	7876	88618
653	7890	88625
654	7902	88611
655	7909	88547
656	7921	88535
657	7934	88536
658	7946	88526
659	7959	88521
660	7973	88533
661	7986	88530
662	7999	88527
663	8012	88520
664	8025	88521
665	8038	88516
666	8050	88511
667	8063	88507
668	8077	88517
669	8090	88512
670	8102	88498
671	8115	88493
672	8128	88496
673	8141	88488
674	8153	88485
675	8167	88486
676	8180	88482
677	8192	88476
678	8205	88466
679	8218	88472
680	8231	88470
681	8243	88457
682	8258	88468
683	8272	88480
684	8284	88469
685	8297	88463
686	8309	88455
687	8323	88458
688	8336	88463
689	8350	88462
690	8360	88435
691	8374	88440
692	8388	88446
693	8400	88432
694	8413	88430
695	8426	88428
696	8438	88420
697	8451	88416
698	8464	88411
699	8479	88424
700	8491	88420
701	8504	88408
702	8517	88411
703	8531	88412
704	8544	88411
705	8557	88406
706	8571	88416
707	8583	88409
708	8596	88400
709	8609	88400
710	8622	88397
711	8636	88403
712	8651	88417
713	8665	88427
714	8681	88449
715	8696	88471
716	8710	88475
717	8724	88486
718	8739	88498
719	8744	88421
720	8758	88423
721	8771	88422
722	8785	88426
723	8799	88428
724	8813	88435
725	8826	88436
726	8840	88441
727	8853	88441
728	8868	88452
729	8884	88475
730	8899	88493
731	8913	88500
732	8926	88493
733	8938	88481
734	8952	88488
735	8966	88492
736	8980	88503
737	8994	88505
738	9007	88504
739	9021	88512
740	9035	88515
741	9049	88515
742	9056	88454
743	9069	88452
744	9082	88449
745	9096	88452
746	9109	88453
747	9123	88458
748	9139	88476
749	9151	88467
750	9167	88486
751	9180	88489
752	9191	88462
753	9206	88476
754	9220	88480
755	9234	88482
756	9241	88418
757	9254	88420
758	9267	88416
759	9282	88432
760	9296	88432
761	9310	88437
762	9324	88443
763	9338	88446
764	9352	88447
765	9366	88454
766	9373	88397
767	9388	88410
768	9404	88429
769	9418	88431
770	9432	88440
771	9446	88446
772	9461	88454
773	9476	88468
774	9486	88441
775	9500	88446
776	9515	88458
777	9529	88461
778	9544	88469
779	9557	88471
780	9571	88474
781	9585	88475
782	9599	88478
783	9610	88459
784	9624	88460
785	9638	88467
786	9653	88478
787	9667	88482
788	9681	88487
789	9696	88492
790	9709	88494
791	9723	88497
792	9737	88500
793	9751	88502
794	9766	88514
795	9780	88516
796	9795	88525
797	9809	88534
798	9824	88545
799	9838	88550
800	9853	88560
801	9868	88571
802	9883	88583
803	9897	88586
804	9911	88587
805	9925	88591
806	9939	88593
807	9953	88594
808	9967	88596
809	9971	88510
810	9984	88509
811	9998	88510
812	10012	88511
813	10026	88513
814	10041	88524
815	10055	88529
816	10069	88532
817	10083	88535
818	10097	88533
819	10112	88543
820	10125	88542
821	10139	88543
822	10153	88543
823	10167	88544
824	10181	88549
825	10195	88553
826	10209	88551
827	10223	88550
828	10236	88547
829	10250	88546
830	10263	88541
831	10276	88540
832	10290	88540
833	10304	88543
834	10316	88523
835	10330	88522
836	10344	88529
837	10361	88552
838	10377	88569
839	10392	88580
840	10406	88583
841	10420	88585
842	10425	88509
843	10439	88510
844	10453	88511
845	10467	88513
846	10480	88510
847	10494	88506
848	10507	88507
849	10522	88510
850	10536	88516
851	10551	88523
852	10566	88529
853	10581	88539
854	10595	88540
855	10602	88485
856	10616	88490
857	10630	88491
858	10637	88431
859	10652	88437
860	10666	88439
861	10680	88444
862	10694	88443
863	10708	88443
864	10722	88443
865	10735	88440
866	10749	88439
867	10754	88363
868	10768	88362
869	10781	88362
870	10797	88372
871	10811	88376
872	10826	88382
873	10839	88379
874	10853	88376
875	10869	88392
876	10882	88391
877	10896	88390
878	10904	88336
879	10909	88266
880	10922	88262
881	10936	88261
882	10950	88258
883	10963	88253
884	10974	88228
885	10988	88227
886	11002	88228
887	11016	88231
888	11031	88237
889	11044	88233
890	11060	88250
891	11075	88257
892	11088	88251
893	11102	88247
894	11115	88242
895	11129	88243
896	11143	88241
897	11157	88240
898	11168	88215
899	11182	88216
900	11189	88163
901	11203	88160
902	11217	88158
903	11230	88157
904	11244	88157
905	11256	88137
906	11270	88136
907	11284	88139
908	11298	88140
909	11313	88142
910	11327	88146
911	11341	88144
912	11355	88148
913	11370	88149
914	11383	88147
915	11397	88144
916	11409	88125
917	11422	88122
918	11430	88069
919	11444	88069
920	11457	88064
921	11464	88010
922	11478	88009
923	11492	88010
924	11506	88007
925	11520	88010
926	11534	88009
927	11548	88010
928	11563	88014
929	11577	88013
930	11591	88011
931	11604	88006
932	11611	87953
933	11625	87951
934	11639	87948
935	11653	87948
936	11667	87946
937	11678	87927
938	11693	87928
939	11707	87927
940	11714	87876
941	11728	87874
942	11741	87871
943	11753	87851
944	11767	87847
945	11780	87844
946	11794	87844
947	11808	87840
948	11822	87839
949	11836	87838
950	11850	87835
951	11864	87838
952	11879	87840
953	11893	87840
954	11900	87789
955	11914	87787
956	11928	87786
957	11942	87783
958	11947	87719
959	11954	87668
960	11968	87665
961	11975	87615
962	11986	87591
963	12000	87588
964	12013	87581
965	12027	87576
966	12041	87575
967	12054	87572
968	12068	87570
969	12083	87570
970	12096	87566
971	12110	87561
972	12117	87509
973	12130	87500
974	12143	87496
975	12157	87494
976	12171	87491
977	12183	87473
978	12197	87476
979	12215	87502
980	12229	87498
981	12242	87492
982	12255	87487
983	12269	87481
984	12282	87472
985	12296	87475
986	12309	87466
987	12323	87463
988	12337	87460
989	12349	87443
990	12363	87441
991	12376	87436
992	12390	87433
993	12404	87431
994	12418	87427
995	12432	87424
996	12445	87419
997	12459	87416
998	12473	87414
999	12487	87409
1000	12500	87405
1001	12514	87400
1002	12519	87339
1003	12533	87333
1004	12546	87327
1005	12550	87252
1006	12563	87248
1007	12577	87243
1008	12591	87238
1009	12595	87172
1010	12609	87168
1011	12622	87162
1012	12627	87094
1013	12634	87044
1014	12648	87043
1015	12659	87024
1016	12674	87023
1017	12687	87021
1018	12701	87018
1019	12715	87015
1020	12729	87012
1021	12743	87012
1022	12757	87009
1023	12772	87010
1024	12788	87025
1025	12803	87026
1026	12806	86950
1027	12820	86950
1028	12834	86946
1029	12848	86945
1030	12862	86943
1031	12875	86937
1032	12880	86872
1033	12894	86867
1034	12907	86861
1035	12921	86857
1036	12925	86787
1037	12938	86779
1038	12953	86782
1039	12966	86779
1040	12981	86777
1041	12994	86773
1042	13009	86773
1043	13022	86768
1044	13036	86764
1045	13050	86761
1046	13064	86756
1047	13077	86750
1048	13091	86749
1049	13105	86745
1050	13118	86739
1051	13132	86735
1052	13139	86687
1053	13153	86682
1054	13167	86679
1055	13180	86669
1056	13195	86673
1057	13208	86667
1058	13222	86664
1059	13235	86654
1060	13249	86650
1061	13254	86594
1062	13259	86530
1063	13266	86480
1064	13273	86431
1065	13286	86427
1066	13292	86368
1067	13305	86362
1068	13319	86357
1069	13333	86353
1070	13337	86292
1071	13352	86295
1072	13367	86300
1073	13381	86294
1074	13392	86273
1075	13406	86268
1076	13420	86265
1077	13433	86261
1078	13447	86257
1079	13461	86250
1080	13474	86246
1081	13480	86193
1082	13494	86188
1083	13508	86184
1084	13522	86182
1085	13536	86179
1086	13549	86173
1087	13563	86168
1088	13577	86163
1089	13582	86104
1090	13595	86099
1091	13609	86095
1092	13623	86094
1093	13637	86088
1094	13651	86085
1095	13665	86080
1096	13678	86075
1097	13691	86067
1098	13705	86063
1099	13720	86064
1100	13734	86060
1101	13747	86051
1102	13761	86047
1103	13774	86042
1104	13789	86046
1105	13803	86043
1106	13818	86044
1107	13823	85982
1108	13836	85977
1109	13849	85963
1110	13862	85958
1111	13873	85937
1112	13887	85933
1113	13892	85872
1114	13906	85868
1115	13919	85863
1116	13933	85859
1117	13947	85854
1118	13960	85849
1119	13974	85841
1120	13988	85838
1121	14002	85837
1122	14016	85834
1123	14030	85829
1124	14035	85772
1125	14049	85766
1126	14054	85711
1127	14058	85645
1128	14071	85640
1129	14079	85595
1130	14086	85551
1131	14101	85553
1132	14115	85549
1133	14119	85488
1134	14133	85483
1135	14147	85481
1136	14161	85480
1137	14166	85424
1138	14180	85417
1139	14193	85412
1140	14198	85351
1141	14211	85345
1142	14216	85286
1143	14221	85231
1144	14235	85226
1145	14240	85170
1146	14253	85162
1147	14267	85154
1148	14281	85152
1149	14287	85106
1150	14301	85099
1151	14315	85096
1152	14328	85087
1153	14343	85089
1154	14348	85032
1155	14353	84980
1156	14367	84975
1157	14374	84931
1158	14380	84878
1159	14394	84875
1160	14407	84870
1161	14421	84867
1162	14436	84867
1163	14451	84869
1164	14457	84822
1165	14473	84829
1166	14487	84829
1167	14498	84805
1168	14512	84800
1169	14525	84796
1170	14539	84790
1171	14553	84787
1172	14567	84783
1173	14581	84779
1174	14586	84725
1175	14599	84716
1176	14604	84658
1177	14617	84654
1178	14631	84650
1179	14636	84595
1180	14641	84536
1181	14654	84529
1182	14667	84523
1183	14681	84518
1184	14686	84460
1185	14690	84403
1186	14704	84396
1187	14717	84390
1188	14724	84347
1189	14738	84341
1190	14751	84337
1191	14765	84328
1192	14778	84324
1193	14792	84319
1194	14805	84309
1195	14819	84308
1196	14834	84308
1197	14848	84304
1198	14861	84297
1199	14875	84292
1200	14881	84248
1201	14895	84240
1202	14908	84234
1203	14913	84180
1204	14927	84174
1205	14940	84169
1206	14946	84117
1207	14959	84110
1208	14966	84068
1209	14980	84063
1210	14993	84056
1211	15007	84052
1212	15021	84050
1213	15026	83994
1214	15041	83996
1215	15054	83990
1216	15068	83984
1217	15081	83977
1218	15087	83925
1219	15101	83922
1220	15108	83882
1221	15113	83830
1222	15127	83825
1223	15141	83819
1224	15154	83814
1225	15168	83808
1226	15173	83758
1227	15178	83706
1228	15186	83665
1229	15199	83661
1230	15213	83657
1231	15218	83601
1232	15231	83595
1233	15237	83545
1234	15250	83539
1235	15264	83533
1236	15278	83531
1237	15292	83526
1238	15305	83520
1239	15309	83461
1240	15323	83457
1241	15337	83453
1242	15352	83454
1243	15364	83444
1244	15370	83393
1245	15383	83388
1246	15397	83382
1247	15411	83378
1248	15424	83372
1249	15438	83367
1250	15442	83312
1251	15456	83305
1252	15466	83283
1253	15480	83277
1254	15493	83272
1255	15507	83267
1256	15521	83261
1257	15535	83256
1258	15548	83250
1259	15560	83234
1260	15570	83212
1261	15584	83206
1262	15588	83151
1263	15595	83109
1264	15609	83104
1265	15619	83082
1266	15634	83083
1267	15648	83078
1268	15661	83070
1269	15674	83064
1270	15680	83015
1271	15693	83008
1272	15700	82968
1273	15714	82962
1274	15727	82956
1275	15732	82903
1276	15745	82896
1277	15749	82838
1278	15762	82831
1279	15776	82827
1280	15790	82821
1281	15795	82772
1282	15809	82766
1283	15822	82761
1284	15837	82762
1285	15851	82756
1286	15864	82750
1287	15878	82744
1288	15891	82738
1289	15905	82731
1290	15919	82727
1291	15926	82687
1292	15939	82681
1293	15953	82675
1294	15966	82669
1295	15980	82663
1296	15983	82603
1297	15987	82550
1298	16000	82541
1299	16014	82538
1300	16028	82533
1301	16032	82477
1302	16045	82471
1303	16059	82465
1304	16073	82461
1305	16087	82455
1306	16100	82451
1307	16105	82400
1308	16119	82395
1309	16133	82393
1310	16137	82336
1311	16142	82287
1312	16156	82282
1313	16169	82277
1314	16173	82221
1315	16178	82170
1316	16191	82164
1317	16199	82127
1318	16213	82124
1319	16227	82121
1320	16231	82068
1321	16237	82021
1322	16250	82016
1323	16265	82013
1324	16278	82008
1325	16292	82003
1326	16299	81964
1327	16313	81959
1328	16327	81954
1329	16341	81950
1330	16354	81944
1331	16359	81894
1332	16363	81839
1333	16366	81781
1334	16379	81776
1335	16393	81772
1336	16398	81720
1337	16402	81670
1338	16406	81616
1339	16420	81611
1340	16424	81560
1341	16438	81554
1342	16451	81547
1343	16465	81542
1344	16469	81492
1345	16476	81454
1346	16481	81402
1347	16485	81352
1348	16499	81345
1349	16512	81339
1350	16515	81282
1351	16519	81229
1352	16532	81219
1353	16546	81217
1354	16561	81216
1355	16574	81212
1356	16588	81206
1357	16595	81170
1358	16599	81116
1359	16613	81111
1360	16626	81104
1361	16632	81059
1362	16635	81006
1363	16649	81001
1364	16656	80964
1365	16660	80913
1366	16665	80864
1367	16679	80860
1368	16683	80807
1369	16688	80762
1370	16702	80757
1371	16715	80751
1372	16729	80747
1373	16732	80692
1374	16746	80687
1375	16752	80643
1376	16766	80643
1377	16778	80627
1378	16791	80621
1379	16805	80617
1380	16819	80613
1381	16833	80613
1382	16847	80607
1383	16861	80603
1384	16865	80553
1385	16878	80546
1386	16892	80542
1387	16906	80537
1388	16910	80484
1389	16923	80480
1390	16937	80474
1391	16942	80426
1392	16955	80418
1393	16958	80366
1394	16972	80362
1395	16986	80357
1396	16999	80350
1397	17013	80346
1398	17018	80298
1399	17031	80291
1400	17045	80285
1401	17058	80280
1402	17069	80263
1403	17083	80257
1404	17087	80207
1405	17091	80155
1406	17104	80150
1407	17118	80143
1408	17122	80094
1409	17126	80043
1410	17139	80036
1411	17144	79993
1412	17158	79985
1413	17171	79981
1414	17176	79934
1415	17190	79928
1416	17203	79924
1417	17217	79918
1418	17220	79866
1419	17234	79863
1420	17241	79827
1421	17255	79822
1422	17270	79820
1423	17283	79815
1424	17288	79767
1425	17301	79762
1426	17314	79754
1427	17318	79702
1428	17332	79699
1429	17345	79693
1430	17359	79688
1431	17373	79684
1432	17387	79679
1433	17400	79674
1434	17405	79627
1435	17419	79623
1436	17422	79570
1437	17435	79564
1438	17439	79515
1439	17442	79461
1440	17456	79455
1441	17467	79438
1442	17480	79432
1443	17494	79426
1444	17507	79417
1445	17522	79418
1446	17525	79366
1447	17538	79361
1448	17552	79354
1449	17556	79307
1450	17570	79303
1451	17581	79284
1452	17594	79279
1453	17608	79274
1454	17621	79267
1455	17625	79219
1456	17628	79166
1457	17633	79118
1458	17646	79111
1459	17659	79102
1460	17672	79097
1461	17686	79093
1462	17700	79089
1463	17705	79044
1464	17718	79039
1465	17732	79036
1466	17746	79030
1467	17751	78985
1468	17765	78981
1469	17769	78935
1470	17783	78930
1471	17788	78888
1472	17792	78839
1473	17806	78834
1474	17810	78787
1475	17824	78786
1476	17839	78786
1477	17853	78782
1478	17867	78777
1479	17872	78734
1480	17886	78731
1481	17890	78686
1482	17904	78681
1483	17918	78676
1484	17932	78673
1485	17936	78627
1486	17950	78621
1487	17964	78618
1488	17978	78613
1489	17991	78609
1490	17995	78560
1491	18009	78555
1492	18023	78552
1493	18028	78507
1494	18033	78465
1495	18047	78461
1496	18060	78457
1497	18074	78452
1498	18088	78448
1499	18102	78444
1500	18106	78396
1501	18110	78349
1502	18123	78343
1503	18137	78338
1504	18142	78296
1505	18147	78251
1506	18161	78248
1507	18175	78244
1508	18180	78205
1509	18194	78202
1510	18205	78184
1511	18210	78142
1512	18216	78102
1513	18221	78060
1514	18234	78054
1515	18248	78049
1516	18262	78047
1517	18269	78014
1518	18273	77966
1519	18287	77962
1520	18301	77958
1521	18315	77955
1522	18321	77917
1523	18335	77914
1524	18349	77909
1525	18363	77904
1526	18368	77865
1527	18382	77860
1528	18396	77855
1529	18400	77811
1530	18411	77793
1531	18424	77788
1532	18438	77784
1533	18446	77753
1534	18451	77713
1535	18456	77672
1536	18470	77665
1537	18480	77648
1538	18495	77645
1539	18508	77640
1540	18515	77608
1541	18521	77569
1542	18534	77562
1543	18540	77522
1544	18553	77515
1545	18558	77475
1546	18571	77466
1547	18584	77461
1548	18598	77456
1549	18605	77424
1550	18619	77418
1551	18626	77385
1552	18640	77381
1553	18653	77376
1554	18667	77372
1555	18681	77368
1556	18695	77364
1557	18709	77359
1558	18723	77355
1559	18737	77350
1560	18744	77318
1561	18758	77315
1562	18771	77309
1563	18785	77305
1564	18791	77267
1565	18795	77223
1566	18800	77182
1567	18814	77178
1568	18819	77137
1569	18833	77132
1570	18847	77127
1571	18851	77085
1572	18858	77052
1573	18863	77012
1574	18877	77008
1575	18888	76990
1576	18893	76952
1577	18907	76948
1578	18912	76908
1579	18919	76875
1580	18932	76868
1581	18937	76827
1582	18942	76787
1583	18947	76748
1584	18961	76743
1585	18975	76738
1586	18988	76732
1587	18993	76692
1588	19007	76689
1589	19014	76656
1590	19028	76653
1591	19035	76621
1592	19049	76615
1593	19063	76610
1594	19076	76606
1595	19089	76598
1596	19103	76594
1597	19108	76553
1598	19121	76546
1599	19135	76542
1600	19140	76503
1601	19147	76471
1602	19152	76431
1603	19166	76428
1604	19180	76424
1605	19194	76418
1606	19207	76411
1607	19221	76409
1608	19236	76406
1609	19250	76402
1610	19254	76360
1611	19268	76354
1612	19271	76310
1613	19276	76269
1614	19280	76226
1615	19285	76188
1616	19289	76144
1617	19303	76141
1618	19318	76140
1619	19322	76097
1620	19336	76093
1621	19341	76055
1622	19344	76008
1623	19358	76004
1624	19372	75999
1625	19377	75959
1626	19390	75954
1627	19404	75947
1628	19417	75941
1629	19421	75897
1630	19434	75891
1631	19448	75887
1632	19453	75847
1633	19466	75841
1634	19471	75800
1635	19483	75791
1636	19498	75788
1637	19511	75783
1638	19516	75744
1639	19530	75741
1640	19544	75737
1641	19556	75724
1642	19569	75718
1643	19583	75713
1644	19597	75710
1645	19611	75705
1646	19625	75700
1647	19630	75664
1648	19644	75659
1649	19658	75654
1650	19671	75647
1651	19684	75641
1652	19698	75637
1653	19712	75631
1654	19726	75627
1655	19739	75621
1656	19754	75618
1657	19768	75615
1658	19781	75609
1659	19795	75604
1660	19809	75601
1661	19814	75562
1662	19828	75558
1663	19842	75554
1664	19849	75523
1665	19863	75518
1666	19877	75513
1667	19891	75509
1668	19904	75504
1669	19918	75499
1670	19932	75494
1671	19946	75491
1672	19952	75455
1673	19965	75449
1674	19972	75418
1675	19986	75412
1676	19999	75407
1677	20013	75401
1678	20024	75387
1679	20037	75380
1680	20051	75374
1681	20065	75370
1682	20078	75364
1683	20092	75359
1684	20106	75355
1685	20120	75349
1686	20133	75341
1687	20147	75337
1688	20161	75333
1689	20176	75332
1690	20189	75326
1691	20203	75321
1692	20217	75316
1693	20231	75311
1694	20245	75307
1695	20257	75297
1696	20271	75292
1697	20285	75287
1698	20300	75286
1699	20314	75281
1700	20327	75276
1701	20341	75269
1702	20354	75263
1703	20368	75259
1704	20382	75253
1705	20397	75251
1706	20411	75247
1707	20424	75241
1708	20438	75236
1709	20452	75231
1710	20466	75226
1711	20480	75222
1712	20493	75216
1713	20507	75210
1714	20521	75205
1715	20534	75198
1716	20548	75192
1717	20562	75187
1718	20575	75181
1719	20589	75176
1720	20603	75171
1721	20617	75166
1722	20631	75161
1723	20645	75155
1724	20658	75150
1725	20672	75145
1726	20686	75140
1727	20700	75135
1728	20714	75130
1729	20729	75128
1730	20743	75124
1731	20756	75117
1732	20770	75111
1733	20784	75106
1734	20798	75102
1735	20812	75097
1736	20826	75091
1737	20838	75082
1738	20852	75077
1739	20866	75071
1740	20880	75066
1741	20894	75060
1742	20907	75055
1743	20921	75049
1744	20935	75043
1745	20949	75038
1746	20963	75032
1747	20976	75026
1748	20991	75023
1749	20998	74994
1750	21013	74992
1751	21026	74986
1752	21040	74979
1753	21054	74974
1754	21068	74969
1755	21081	74963
1756	21095	74958
1757	21109	74953
1758	21123	74946
1759	21136	74937
1760	21150	74932
1761	21164	74927
1762	21178	74924
1763	21192	74919
1764	21206	74913
1765	21220	74907
1766	21234	74904
1767	21248	74897
1768	21262	74892
1769	21275	74886
1770	21286	74870
1771	21301	74866
1772	21315	74861
1773	21329	74857
1774	21343	74851
1775	21356	74845
1776	21370	74840
1777	21384	74834
1778	21398	74829
1779	21412	74823
1780	21425	74815
1781	21439	74809
1782	21452	74802
1783	21466	74795
1784	21480	74791
1785	21494	74784
1786	21507	74777
1787	21521	74771
1788	21535	74764
1789	21549	74759
1790	21562	74752
1791	21575	74745
1792	21589	74739
1793	21603	74731
1794	21616	74726
1795	21630	74717
1796	21643	74710
1797	21656	74701
1798	21670	74694
1799	21684	74689
1800	21696	74680
1801	21710	74674
1802	21724	74668
1803	21739	74664
1804	21753	74660
1805	21766	74650
1806	21779	74643
1807	21794	74640
1808	21806	74627
1809	21819	74621
1810	21833	74616
1811	21848	74611
1812	21861	74604
1813	21875	74597
1814	21889	74591
1815	21902	74584
1816	21916	74578
1817	21930	74574
1818	21944	74568
1819	21958	74563
1820	21972	74557
1821	21987	74553
1822	22000	74547
1823	22014	74540
1824	22028	74534
1825	22041	74527
1826	22056	74522
1827	22069	74515
1828	22083	74509
1829	22097	74504
1830	22111	74497
1831	22124	74489
1832	22138	74484
1833	22152	74478
1834	22166	74472
1835	22180	74467
1836	22194	74462
1837	22208	74456
1838	22223	74453
1839	22237	74447
1840	22251	74441
1841	22265	74434
1842	22278	74428
1843	22292	74422
1844	22306	74416
1845	22320	74410
1846	22333	74401
1847	22348	74397
1848	22361	74390
1849	22374	74381
1850	22388	74374
1851	22402	74367
1852	22416	74362
1853	22429	74354
1854	22443	74348
1855	22457	74341
1856	22471	74335
1857	22484	74327
1858	22498	74321
1859	22512	74314
1860	22526	74309
1861	22540	74302
1862	22554	74296
1863	22567	74289
1864	22581	74284
1865	22595	74277
1866	22609	74270
1867	22622	74263
1868	22636	74256
1869	22650	74250
1870	22664	74244
1871	22679	74239
1872	22692	74232
1873	22706	74226
1874	22720	74219
1875	22734	74214
1876	22748	74207
1877	22761	74200
1878	22775	74194
1879	22789	74188
1880	22803	74182
1881	22817	74175
1882	22831	74168
1883	22845	74162
1884	22858	74155
1885	22872	74148
1886	22886	74141
1887	22900	74134
1888	22914	74128
1889	22927	74120
1890	22941	74113
1891	22955	74107
1892	22969	74100
1893	22982	74093
1894	22996	74087
1895	23010	74080
1896	23024	74073
1897	23038	74067
1898	23052	74061
1899	23066	74055
1900	23080	74048
1901	23093	74041
1902	23107	74033
1903	23121	74027
1904	23135	74019
1905	23148	74011
1906	23162	74004
1907	23175	73997
1908	23189	73989
1909	23202	73981
1910	23216	73974
1911	23231	73971
1912	23245	73963
1913	23258	73955
1914	23272	73948
1915	23286	73942
1916	23300	73936
1917	23313	73928
1918	23327	73920
1919	23341	73913
1920	23354	73906
1921	23368	73899
1922	23382	73892
1923	23396	73886
1924	23410	73879
1925	23424	73872
1926	23438	73866
1927	23451	73858
1928	23465	73851
1929	23479	73844
1930	23493	73837
1931	23506	73829
1932	23520	73822
1933	23533	73814
1934	23547	73805
1935	23560	73796
1936	23573	73786
1937	23586	73778
1938	23599	73769
1939	23611	73756
1940	23624	73746
1941	23637	73735
1942	23649	73723
1943	23661	73712
1944	23675	73705
1945	23688	73694
1946	23700	73682
1947	23710	73663
1948	23724	73657
1949	23737	73647
1950	23749	73634
1951	23763	73626
1952	23775	73614
1953	23789	73608
1954	23801	73597
1955	23815	73588
1956	23828	73580
1957	23840	73567
1958	23853	73557
1959	23866	73547
1960	23880	73540
1961	23892	73529
1962	23904	73516
1963	23917	73506
1964	23931	73498
1965	23943	73486
1966	23955	73475
1967	23969	73466
1968	23982	73458
1969	23995	73449
1970	24007	73436
1971	24020	73425
1972	24033	73417
1973	24045	73404
1974	24058	73394
1975	24071	73385
1976	24084	73374
1977	24097	73363
1978	24110	73355
1979	24123	73344
1980	24136	73334
1981	24149	73324
1982	24161	73312
1983	24175	73307
1984	24188	73295
1985	24200	73285
1986	24214	73277
1987	24229	73274
1988	24242	73263
1989	24255	73255
1990	24268	73243
1991	24282	73238
1992	24295	73227
1993	24307	73215
1994	24321	73209
1995	24334	73199
1996	24347	73187
1997	24359	73176
1998	24374	73171
1999	24387	73161
2000	24399	73149
2001	24412	73139
2002	24425	73128
2003	24438	73120
2004	24453	73115
2005	24470	73118
2006	24486	73118
2007	24497	73100
2008	24512	73097
2009	24526	73091
2010	24538	73079
2011	24551	73069
2012	24564	73059
2013	24577	73049
2014	24589	73037
2015	24602	73026
2016	24616	73018
2017	24628	73007
2018	24640	72994
2019	24653	72984
2020	24667	72977
2021	24680	72967
2022	24693	72957
2023	24705	72945
2024	24719	72939
2025	24733	72930
2026	24745	72918
2027	24759	72912
2028	24773	72903
2029	24787	72897
2030	24799	72884
2031	24812	72874
2032	24826	72866
2033	24838	72854
2034	24851	72844
2035	24864	72835
2036	24878	72827
2037	24891	72818
2038	24903	72805
2039	24916	72796
2040	24929	72785
2041	24942	72775
2042	24955	72764
2043	24969	72757
2044	24981	72746
2045	24994	72734
2046	25006	72723
2047	25019	72712
2048	25035	72712
2049	25048	72702
2050	25061	72692
2051	25074	72681
2052	25087	72670
2053	25099	72660
2054	25113	72651
2055	25126	72641
2056	25138	72629
2057	25151	72619
2058	25165	72611
2059	25178	72601
2060	25191	72590
2061	25203	72578
2062	25217	72571
2063	25231	72564
2064	25243	72552
2065	25251	72528
2066	25265	72519
2067	25279	72513
2068	25291	72501
2069	25304	72491
2070	25317	72480
2071	25330	72470
2072	25343	72459
2073	25355	72447
2074	25369	72441
2075	25382	72431
2076	25395	72419
2077	25407	72408
2078	25420	72398
2079	25432	72385
2080	25445	72375
2081	25459	72366
2082	25472	72357
2083	25485	72347
2084	25497	72334
2085	25509	72322
2086	25524	72316
2087	25535	72302
2088	25549	72293
2089	25561	72280
2090	25574	72270
2091	25586	72258
2092	25599	72247
2093	25612	72237
2094	25625	72227
2095	25637	72214
2096	25649	72203
2097	25664	72198
2098	25677	72189
2099	25690	72177
2100	25702	72165
2101	25716	72158
2102	25729	72148
2103	25742	72138
2104	25756	72131
2105	25770	72121
2106	25784	72114
2107	25796	72102
2108	25808	72091
2109	25822	72082
2110	25834	72069
2111	25847	72059
2112	25861	72051
2113	25873	72039
2114	25886	72029
2115	25899	72019
2116	25912	72007
2117	25924	71996
2118	25936	71984
2119	25949	71971
2120	25962	71963
2121	25976	71955
2122	25989	71944
2123	26002	71934
2124	26015	71925
2125	26027	71912
2126	26039	71900
2127	26053	71892
2128	26066	71882
2129	26079	71871
2130	26091	71858
2131	26105	71850
2132	26118	71842
2133	26131	71831
2134	26144	71821
2135	26158	71812
2136	26172	71804
2137	26185	71795
2138	26197	71783
2139	26211	71776
2140	26225	71767
2141	26238	71758
2142	26252	71750
2143	26266	71742
2144	26279	71733
2145	26285	71704
2146	26298	71693
2147	26311	71681
2148	26323	71671
2149	26336	71658
2150	26349	71650
2151	26363	71641
2152	26375	71629
2153	26388	71617
2154	26401	71609
2155	26414	71598
2156	26426	71585
2157	26439	71575
2158	26452	71566
2159	26466	71557
2160	26479	71548
2161	26491	71535
2162	26504	71524
2163	26517	71514
2164	26529	71501
2165	26541	71487
2166	26554	71477
2167	26567	71467
2168	26580	71457
2169	26593	71446
2170	26605	71434
2171	26619	71425
2172	26631	71413
2173	26643	71401
2174	26657	71394
2175	26670	71382
2176	26683	71371
2177	26695	71359
2178	26709	71352
2179	26721	71340
2180	26735	71330
2181	26747	71319
2182	26761	71311
2183	26772	71296
2184	26785	71284
2185	26798	71273
2186	26811	71264
2187	26824	71253
2188	26836	71242
2189	26849	71231
2190	26862	71221
2191	26875	71211
2192	26888	71199
2193	26901	71189
2194	26914	71179
2195	26926	71166
2196	26939	71155
2197	26953	71149
2198	26966	71139
2199	26980	71129
2200	26992	71117
2201	27005	71105
2202	27018	71097
2203	27031	71085
2204	27045	71079
2205	27059	71071
2206	27072	71060
2207	27084	71047
2208	27097	71037
2209	27111	71029
2210	27123	71016
2211	27136	71005
2212	27148	70994
2213	27162	70985
2214	27175	70974
2215	27187	70961
2216	27201	70953
2217	27214	70944
2218	27226	70932
2219	27239	70920
2220	27253	70912
2221	27267	70905
2222	27279	70892
2223	27284	70860
2224	27297	70850
2225	27310	70840
2226	27323	70829
2227	27336	70818
2228	27348	70807
2229	27361	70797
2230	27375	70787
2231	27387	70776
2232	27401	70767
2233	27414	70756
2234	27426	70743
2235	27438	70732
2236	27452	70723
2237	27465	70713
2238	27478	70703
2239	27491	70691
2240	27504	70682
2241	27517	70672
2242	27530	70662
2243	27544	70653
2244	27558	70644
2245	27571	70634
2246	27583	70621
2247	27596	70610
2248	27609	70601
2249	27621	70588
2250	27634	70579
2251	27648	70568
2252	27660	70557
2253	27673	70545
2254	27686	70535
2255	27700	70527
2256	27713	70517
2257	27723	70499
2258	27736	70488
2259	27750	70481
2260	27765	70475
2261	27777	70463
2262	27790	70452
2263	27803	70441
2264	27815	70430
2265	27828	70417
2266	27841	70407
2267	27854	70397
2268	27867	70386
2269	27879	70374
2270	27893	70365
2271	27906	70356
2272	27918	70343
2273	27931	70333
2274	27938	70305
2275	27952	70297
2276	27964	70287
2277	27977	70275
2278	27990	70263
2279	28002	70251
2280	28015	70241
2281	28028	70230
2282	28041	70220
2283	28055	70212
2284	28068	70202
2285	28080	70189
2286	28093	70178
2287	28107	70170
2288	28119	70157
2289	28132	70147
2290	28145	70136
2291	28158	70125
2292	28171	70114
2293	28184	70104
2294	28198	70096
2295	28211	70085
2296	28224	70074
2297	28237	70065
2298	28251	70057
2299	28266	70051
2300	28278	70039
2301	28291	70027
2302	28294	69993
2303	28308	69984
2304	28320	69971
2305	28333	69960
2306	28347	69953
2307	28359	69941
2308	28372	69929
2309	28385	69918
2310	28397	69907
2311	28405	69882
2312	28416	69869
2313	28430	69858
2314	28443	69848
2315	28456	69839
2316	28469	69829
2317	28482	69817
2318	28495	69806
2319	28508	69795
2320	28520	69782
2321	28533	69772
2322	28541	69750
2323	28554	69738
2324	28567	69729
2325	28579	69715
2326	28591	69704
2327	28605	69695
2328	28617	69682
2329	28630	69672
2330	28643	69661
2331	28656	69650
2332	28668	69638
2333	28679	69621
2334	28690	69607
2335	28703	69596
2336	28715	69583
2337	28729	69573
2338	28742	69563
2339	28756	69556
2340	28769	69545
2341	28781	69532
2342	28794	69521
2343	28807	69512
2344	28819	69499
2345	28833	69490
2346	28847	69482
2347	28860	69471
2348	28872	69458
2349	28885	69447
2350	28898	69437
2351	28905	69411
2352	28917	69399
2353	28930	69388
2354	28943	69379
2355	28956	69368
2356	28969	69357
2357	28974	69326
2358	28986	69315
2359	28999	69303
2360	29011	69290
2361	29024	69279
2362	29037	69269
2363	29050	69259
2364	29063	69248
2365	29075	69235
2366	29088	69224
2367	29102	69215
2368	29113	69202
2369	29127	69192
2370	29140	69181
2371	29152	69170
2372	29165	69159
2373	29178	69147
2374	29192	69139
2375	29205	69128
2376	29217	69115
2377	29230	69105
2378	29243	69096
2379	29257	69087
2380	29270	69076
2381	29283	69064
2382	29295	69052
2383	29308	69041
2384	29321	69030
2385	29334	69021
2386	29348	69011
2387	29361	69002
2388	29373	68989
2389	29386	68979
2390	29401	68971
2391	29413	68959
2392	29426	68948
2393	29439	68938
2394	29452	68926
2395	29465	68916
2396	29477	68904
2397	29489	68889
2398	29502	68880
2399	29514	68867
2400	29526	68855
2401	29541	68847
2402	29554	68836
2403	29567	68826
2404	29580	68815
2405	29592	68802
2406	29605	68792
2407	29617	68779
2408	29624	68755
2409	29639	68748
2410	29651	68735
2411	29664	68724
2412	29677	68713
2413	29691	68706
2414	29698	68682
2415	29711	68670
2416	29724	68660
2417	29737	68650
2418	29751	68641
2419	29765	68632
2420	29777	68619
2421	29790	68608
2422	29803	68597
2423	29815	68586
2424	29828	68574
2425	29834	68549
2426	29848	68539
2427	29859	68523
2428	29871	68510
2429	29883	68499
2430	29897	68490
2431	29909	68477
2432	29922	68466
2433	29935	68455
2434	29947	68443
2435	29960	68432
2436	29973	68421
2437	29986	68410
2438	29999	68400
2439	30011	68387
2440	30024	68375
2441	30038	68366
2442	30050	68355
2443	30063	68344
2444	30075	68331
2445	30088	68320
2446	30102	68311
2447	30112	68293
2448	30125	68283
2449	30139	68274
2450	30151	68262
2451	30164	68250
2452	30176	68239
2453	30192	68233
2454	30204	68221
2455	30217	68209
2456	30229	68198
2457	30243	68190
2458	30257	68180
2459	30270	68169
2460	30283	68159
2461	30296	68149
2462	30308	68136
2463	30321	68125
2464	30334	68114
2465	30347	68103
2466	30360	68093
2467	30373	68081
2468	30385	68069
2469	30399	68059
2470	30410	68045
2471	30424	68036
2472	30437	68025
2473	30449	68012
2474	30462	68001
2475	30475	67992
2476	30488	67980
2477	30500	67968
2478	30513	67957
2479	30526	67946
2480	30540	67937
2481	30553	67925
2482	30564	67912
2483	30577	67901
2484	30591	67891
2485	30603	67879
2486	30615	67867
2487	30630	67858
2488	30642	67847
2489	30655	67836
2490	30668	67824
2491	30681	67814
2492	30694	67804
2493	30706	67791
2494	30719	67780
2495	30733	67772
2496	30748	67764
2497	30761	67754
2498	30774	67742
2499	30786	67730
2500	30798	67717
2501	30811	67706
2502	30824	67695
2503	30838	67686
2504	30850	67674
2505	30862	67661
2506	30875	67649
2507	30888	67640
2508	30901	67627
2509	30914	67616
2510	30926	67605
2511	30939	67594
2512	30952	67583
2513	30964	67571
2514	30978	67561
2515	30992	67552
2516	31004	67540
2517	31017	67529
2518	31031	67520
2519	31044	67509
2520	31058	67499
2521	31070	67487
2522	31082	67475
2523	31097	67467
2524	31110	67456
2525	31123	67446
2526	31137	67437
2527	31150	67427
2528	31162	67414
2529	31176	67404
2530	31190	67397
2531	31202	67383
2532	31215	67372
2533	31228	67362
2534	31242	67353
2535	31255	67342
2536	31268	67331
2537	31281	67320
2538	31294	67308
2539	31306	67296
2540	31318	67284
2541	31332	67275
2542	31345	67263
2543	31357	67252
2544	31371	67241
2545	31383	67230
2546	31396	67218
2547	31408	67206
2548	31422	67196
2549	31436	67186
2550	31449	67176
2551	31461	67163
2552	31475	67154
2553	31489	67146
2554	31501	67133
2555	31514	67121
2556	31527	67112
2557	31540	67100
2558	31553	67089
2559	31565	67076
2560	31577	67064
2561	31591	67055
2562	31604	67043
2563	31616	67031
2564	31630	67021
2565	31642	67009
2566	31655	66997
2567	31668	66988
2568	31683	66980
2569	31695	66968
2570	31708	66956
2571	31721	66945
2572	31734	66935
2573	31748	66925
2574	31760	66913
2575	31773	66902
2576	31786	66891
2577	31798	66877
2578	31811	66866
2579	31824	66856
2580	31837	66845
2581	31851	66835
2582	31863	66823
2583	31876	66811
2584	31890	66802
2585	31901	66789
2586	31915	66780
2587	31929	66769
2588	31941	66756
2589	31953	66744
2590	31967	66734
2591	31980	66724
2592	31992	66712
2593	32005	66701
2594	32018	66689
2595	32031	66679
2596	32043	66666
2597	32056	66654
2598	32069	66644
2599	32083	66634
2600	32098	66628
2601	32112	66618
2602	32125	66609
2603	32138	66597
2604	32151	66586
2605	32163	66573
2606	32177	66563
2607	32190	66552
2608	32203	66541
2609	32216	66531
2610	32230	66521
2611	32243	66512
2612	32256	66499
2613	32269	66490
2614	32282	66478
2615	32294	66465
2616	32307	66455
2617	32321	66446
2618	32334	66434
2619	32348	66424
2620	32361	66413
2621	32374	66402
2622	32387	66392
2623	32400	66381
2624	32413	66369
2625	32426	66359
2626	32438	66347
2627	32451	66335
2628	32465	66325
2629	32478	66315
2630	32491	66303
2631	32504	66293
2632	32516	66281
2633	32530	66271
2634	32542	66258
2635	32555	66246
2636	32568	66236
2637	32582	66226
2638	32594	66214
2639	32606	66202
2640	32620	66192
2641	32633	66181
2642	32646	66170
2643	32659	66158
2644	32673	66149
2645	32686	66139
2646	32698	66126
2647	32712	66117
2648	32725	66106
2649	32740	66098
2650	32751	66084
2651	32765	66074
2652	32778	66064
2653	32791	66052
2654	32804	66040
2655	32817	66029
2656	32831	66020
2657	32844	66009
2658	32856	65996
2659	32868	65984
2660	32882	65975
2661	32892	65957
2662	32905	65946
2663	32918	65936
2664	32931	65924
2665	32944	65913
2666	32957	65902
2667	32969	65889
2668	32983	65879
2669	32994	65866
2670	33007	65854
2671	33021	65844
2672	33033	65831
2673	33046	65821
2674	33059	65810
2675	33072	65798
2676	33084	65786
2677	33097	65775
2678	33110	65763
2679	33124	65753
2680	33136	65741
2681	33148	65728
2682	33161	65717
2683	33176	65709
2684	33188	65696
2685	33200	65685
2686	33214	65675
2687	33229	65667
2688	33242	65656
2689	33255	65644
2690	33267	65631
2691	33280	65621
2692	33292	65608
2693	33304	65595
2694	33318	65586
2695	33331	65575
2696	33344	65563
2697	33356	65550
2698	33369	65539
2699	33382	65529
2700	33395	65518
2701	33408	65506
2702	33422	65497
2703	33434	65484
2704	33446	65471
2705	33459	65460
2706	33473	65450
2707	33485	65437
2708	33491	65412
2709	33505	65403
2710	33517	65391
2711	33529	65377
2712	33542	65365
2713	33555	65355
2714	33567	65342
2715	33580	65331
2716	33586	65306
2717	33599	65295
2718	33612	65284
2719	33625	65273
2720	33638	65261
2721	33650	65248
2722	33663	65238
2723	33677	65228
2724	33689	65216
2725	33703	65205
2726	33716	65194
2727	33731	65187
2728	33743	65175
2729	33756	65163
2730	33769	65153
2731	33782	65140
2732	33794	65128
2733	33806	65115
2734	33820	65106
2735	33832	65093
2736	33845	65082
2737	33859	65072
2738	33871	65060
2739	33883	65046
2740	33896	65035
2741	33907	65020
2742	33920	65009
2743	33932	64997
2744	33945	64985
2745	33958	64973
2746	33971	64962
2747	33984	64951
2748	33997	64939
2749	34009	64927
2750	34022	64916
2751	34035	64905
2752	34048	64893
2753	34061	64883
2754	34074	64871
2755	34086	64857
2756	34098	64845
2757	34112	64835
2758	34125	64824
2759	34138	64813
2760	34150	64800
2761	34164	64790
2762	34177	64780
2763	34190	64768
2764	34202	64756
2765	34216	64746
2766	34230	64737
2767	34242	64725
2768	34255	64713
2769	34268	64702
2770	34281	64689
2771	34293	64678
2772	34307	64667
2773	34321	64658
2774	34325	64630
2775	34338	64618
2776	34350	64606
2777	34362	64593
2778	34375	64582
2779	34388	64571
2780	34401	64560
2781	34415	64550
2782	34427	64538
2783	34440	64526
2784	34453	64515
2785	34466	64503
2786	34479	64492
2787	34491	64480
2788	34504	64468
2789	34517	64457
2790	34530	64445
2791	34542	64433
2792	34556	64423
2793	34570	64413
2794	34574	64386
2795	34584	64369
2796	34591	64347
2797	34602	64331
2798	34615	64321
2799	34627	64308
2800	34640	64297
2801	34654	64286
2802	34667	64277
2803	34680	64264
2804	34693	64253
2805	34706	64243
2806	34720	64233
2807	34733	64221
2808	34745	64209
2809	34758	64197
2810	34771	64187
2811	34784	64174
2812	34796	64163
2813	34810	64152
2814	34822	64139
2815	34835	64129
2816	34849	64119
2817	34859	64102
2818	34872	64091
2819	34884	64078
2820	34897	64066
2821	34911	64057
2822	34923	64045
2823	34936	64033
2824	34949	64022
2825	34961	64010
2826	34974	63998
2827	34987	63986
2828	35001	63976
2829	35014	63966
2830	35027	63955
2831	35039	63942
2832	35052	63931
2833	35066	63920
2834	35078	63907
2835	35090	63895
2836	35103	63885
2837	35117	63874
2838	35130	63862
2839	35142	63850
2840	35155	63839
2841	35168	63828
2842	35181	63816
2843	35193	63804
2844	35207	63794
2845	35222	63785
2846	35234	63773
2847	35247	63761
2848	35260	63750
2849	35272	63738
2850	35285	63726
2851	35298	63715
2852	35309	63700
2853	35320	63686
2854	35334	63676
2855	35348	63666
2856	35360	63653
2857	35372	63641
2858	35379	63617
2859	35391	63605
2860	35405	63595
2861	35417	63584
2862	35430	63572
2863	35440	63555
2864	35453	63544
2865	35467	63534
2866	35479	63521
2867	35490	63507
2868	35504	63497
2869	35517	63485
2870	35530	63474
2871	35543	63462
2872	35555	63450
2873	35568	63439
2874	35580	63426
2875	35592	63413
2876	35606	63403
2877	35619	63392
2878	35632	63381
2879	35644	63368
2880	35658	63358
2881	35670	63345
2882	35684	63335
2883	35697	63324
2884	35711	63314
2885	35725	63304
2886	35737	63291
2887	35749	63280
2888	35763	63270
2889	35775	63256
2890	35788	63245
2891	35800	63233
2892	35813	63221
2893	35826	63210
2894	35838	63197
2895	35851	63186
2896	35864	63175
2897	35876	63161
2898	35889	63150
2899	35902	63139
2900	35915	63128
2901	35928	63116
2902	35940	63104
2903	35953	63091
2904	35967	63081
2905	35980	63070
2906	35992	63057
2907	36005	63047
2908	36018	63034
2909	36030	63023
2910	36043	63011
2911	36056	62999
2912	36069	62987
2913	36081	62974
2914	36094	62964
2915	36107	62952
2916	36120	62940
2917	36132	62927
2918	36142	62911
2919	36155	62901
2920	36168	62888
2921	36181	62877
2922	36194	62866
2923	36207	62856
2924	36221	62846
2925	36233	62833
2926	36246	62821
2927	36259	62810
2928	36271	62797
2929	36284	62786
2930	36297	62774
2931	36310	62763
2932	36323	62751
2933	36335	62739
2934	36349	62729
2935	36363	62718
2936	36375	62705
2937	36387	62693
2938	36401	62683
2939	36413	62671
2940	36426	62660
2941	36440	62649
2942	36452	62637
2943	36466	62626
2944	36478	62614
2945	36492	62603
2946	36505	62592
2947	36517	62580
2948	36529	62567
2949	36542	62555
2950	36556	62545
2951	36568	62532
2952	36580	62520
2953	36593	62508
2954	36604	62494
2955	36616	62481
2956	36627	62465
2957	36640	62455
2958	36653	62444
2959	36666	62431
2960	36679	62420
2961	36692	62409
2962	36706	62399
2963	36720	62389
2964	36732	62376
2965	36745	62365
2966	36759	62355
2967	36770	62342
2968	36783	62330
2969	36797	62320
2970	36810	62308
2971	36822	62295
2972	36835	62284
2973	36847	62272
2974	36861	62261
2975	36873	62248
2976	36885	62236
2977	36900	62226
2978	36912	62215
2979	36925	62203
2980	36938	62191
2981	36950	62178
2982	36963	62166
2983	36976	62155
2984	36989	62144
2985	37002	62133
2986	37015	62121
2987	37027	62108
2988	37040	62097
2989	37053	62086
2990	37066	62074
2991	37079	62063
2992	37091	62050
2993	37104	62038
2994	37116	62026
2995	37129	62014
2996	37143	62005
2997	37156	61994
2998	37169	61981
2999	37181	61969
3000	37195	61958
3001	37208	61948
3002	37221	61937
3003	37233	61924
3004	37246	61912
3005	37260	61901
3006	37271	61888
3007	37285	61878
3008	37299	61868
3009	37312	61856
3010	37324	61843
3011	37337	61831
3012	37350	61821
3013	37362	61808
3014	37375	61796
3015	37388	61785
3016	37402	61775
3017	37415	61763
3018	37428	61751
3019	37440	61740
3020	37453	61728
3021	37465	61714
3022	37478	61703
3023	37491	61693
3024	37504	61681
3025	37517	61669
3026	37529	61657
3027	37542	61645
3028	37556	61635
3029	37568	61621
3030	37581	61611
3031	37594	61598
3032	37606	61586
3033	37618	61574
3034	37631	61562
3035	37645	61551
3036	37658	61540
3037	37670	61528
3038	37683	61515
3039	37696	61505
3040	37711	61496
3041	37721	61479
3042	37733	61467
3043	37745	61454
3044	37758	61443
3045	37771	61431
3046	37785	61421
3047	37798	61409
3048	37811	61398
3049	37823	61385
3050	37836	61373
3051	37850	61363
3052	37861	61350
3053	37874	61338
3054	37887	61327
3055	37899	61314
3056	37912	61303
3057	37925	61290
3058	37938	61279
3059	37951	61267
3060	37962	61254
3061	37975	61242
3062	37989	61231
3063	38001	61219
3064	38015	61208
3065	38027	61195
3066	38040	61184
3067	38053	61173
3068	38065	61160
3069	38079	61150
3070	38091	61138
3071	38104	61126
3072	38117	61114
3073	38130	61103
3074	38144	61093
3075	38157	61081
3076	38170	61069
3077	38182	61057
3078	38196	61046
3079	38209	61035
3080	38221	61023
3081	38234	61011
3082	38247	61000
3083	38260	60988
3084	38272	60976
3085	38286	60965
3086	38299	60953
3087	38312	60942
3088	38324	60929
3089	38337	60917
3090	38350	60906
3091	38362	60894
3092	38376	60883
3093	38390	60873
3094	38401	60859
3095	38412	60844
3096	38425	60832
3097	38438	60821
3098	38451	60809
3099	38463	60796
3100	38475	60784
3101	38489	60774
3102	38503	60763
3103	38515	60751
3104	38528	60740
3105	38541	60728
3106	38554	60716
3107	38566	60703
3108	38580	60693
3109	38593	60682
3110	38606	60670
3111	38618	60657
3112	38631	60646
3113	38645	60636
3114	38657	60623
3115	38670	60611
3116	38683	60600
3117	38697	60590
3118	38710	60579
3119	38722	60566
3120	38735	60554
3121	38748	60543
3122	38758	60526
3123	38770	60514
3124	38784	60503
3125	38797	60491
3126	38809	60479
3127	38821	60466
3128	38834	60454
3129	38847	60442
3130	38859	60429
3131	38872	60418
3132	38884	60405
3133	38897	60393
3134	38909	60381
3135	38923	60371
3136	38937	60361
3137	38951	60351
3138	38964	60340
3139	38977	60328
3140	38991	60318
3141	39004	60306
3142	39016	60293
3143	39029	60282
3144	39043	60271
3145	39056	60260
3146	39069	60248
3147	39082	60237
3148	39094	60225
3149	39107	60213
3150	39117	60197
3151	39131	60187
3152	39145	60176
3153	39157	60163
3154	39169	60151
3155	39183	60140
3156	39197	60131
3157	39210	60120
3158	39223	60107
3159	39235	60095
3160	39242	60074
3161	39254	60060
3162	39267	60048
3163	39280	60038
3164	39293	60026
3165	39306	60014
3166	39318	60002
3167	39330	59989
3168	39344	59979
3169	39356	59965
3170	39369	59954
3171	39382	59942
3172	39394	59930
3173	39406	59917
3174	39419	59905
3175	39432	59894
3176	39445	59882
3177	39457	59869
3178	39470	59857
3179	39484	59847
3180	39497	59835
3181	39509	59823
3182	39522	59811
3183	39534	59798
3184	39548	59788
3185	39561	59776
3186	39575	59766
3187	39588	59755
3188	39601	59744
3189	39614	59731
3190	39627	59720
3191	39641	59709
3192	39652	59696
3193	39665	59684
3194	39678	59673
3195	39693	59664
3196	39706	59653
3197	39719	59641
3198	39732	59629
3199	39744	59617
3200	39757	59605
3201	39769	59592
3202	39783	59582
3203	39796	59570
3204	39808	59558
3205	39821	59546
3206	39834	59534
3207	39847	59522
3208	39859	59510
3209	39872	59498
3210	39885	59487
3211	39898	59475
3212	39910	59462
3213	39925	59452
3214	39938	59441
3215	39948	59425
3216	39961	59413
3217	39974	59402
3218	39987	59391
3219	40000	59380
3220	40013	59368
3221	40026	59356
3222	40039	59345
3223	40052	59333
3224	40065	59321
3225	40078	59310
3226	40091	59298
3227	40103	59286
3228	40116	59274
3229	40130	59263
3230	40142	59251
3231	40154	59238
3232	40168	59227
3233	40181	59216
3234	40194	59204
3235	40207	59192
3236	40221	59182
3237	40233	59170
3238	40245	59157
3239	40258	59145
3240	40272	59134
3241	40285	59122
3242	40298	59111
3243	40309	59097
3244	40322	59086
3245	40336	59075
3246	40348	59062
3247	40361	59051
3248	40375	59040
3249	40388	59029
3250	40401	59017
3251	40414	59006
3252	40426	58993
3253	40439	58981
3254	40451	58968
3255	40464	58956
3256	40477	58945
3257	40490	58933
3258	40503	58921
3259	40515	58909
3260	40528	58896
3261	40540	58884
3262	40553	58872
3263	40566	58861
3264	40580	58851
3265	40593	58840
3266	40605	58826
3267	40618	58815
3268	40632	58805
3269	40645	58792
3270	40658	58781
3271	40670	58768
3272	40684	58757
3273	40697	58746
3274	40709	58733
3275	40720	58719
3276	40733	58707
3277	40745	58694
3278	40758	58682
3279	40771	58670
3280	40784	58659
3281	40797	58647
3282	40809	58634
3283	40822	58622
3284	40835	58611
3285	40847	58599
3286	40861	58588
3287	40874	58576
3288	40887	58564
3289	40899	58551
3290	40911	58539
3291	40924	58527
3292	40937	58515
3293	40949	58502
3294	40961	58490
3295	40975	58479
3296	40988	58467
3297	41000	58455
3298	41014	58444
3299	41026	58431
3300	41038	58419
3301	41051	58407
3302	41064	58395
3303	41078	58385
3304	41090	58372
3305	41102	58359
3306	41116	58348
3307	41129	58337
3308	41142	58325
3309	41155	58314
3310	41168	58301
3311	41182	58291
3312	41195	58279
3313	41207	58266
3314	41220	58255
3315	41233	58243
3316	41245	58230
3317	41257	58218
3318	41271	58207
3319	41283	58195
3320	41296	58182
3321	41308	58170
3322	41321	58158
3323	41334	58147
3324	41347	58135
3325	41360	58123
3326	41373	58112
3327	41386	58100
3328	41398	58087
3329	41411	58075
3330	41424	58064
3331	41437	58052
3332	41450	58040
3333	41463	58028
3334	41476	58017
3335	41488	58004
3336	41501	57992
3337	41515	57982
3338	41528	57970
3339	41539	57956
3340	41552	57945
3341	41565	57933
3342	41579	57922
3343	41592	57911
3344	41604	57897
3345	41618	57887
3346	41631	57876
3347	41643	57863
3348	41657	57853
3349	41670	57840
3350	41684	57831
3351	41697	57818
3352	41710	57808
3353	41724	57796
3354	41736	57784
3355	41749	57772
3356	41762	57760
3357	41769	57741
3358	41782	57728
3359	41795	57717
3360	41807	57704
3361	41820	57692
3362	41833	57681
3363	41846	57669
3364	41859	57657
3365	41872	57646
3366	41885	57633
3367	41896	57620
3368	41909	57608
3369	41923	57598
3370	41935	57585
3371	41948	57572
3372	41960	57561
3373	41974	57549
3374	41986	57537
3375	41998	57524
3376	42012	57513
3377	42025	57502
3378	42037	57488
3379	42050	57477
3380	42064	57466
3381	42077	57455
3382	42090	57443
3383	42102	57430
3384	42116	57420
3385	42130	57409
3386	42141	57396
3387	42155	57385
3388	42169	57375
3389	42183	57364
3390	42195	57351
3391	42208	57339
3392	42221	57328
3393	42234	57316
3394	42247	57305
3395	42261	57294
3396	42275	57283
3397	42287	57271
3398	42299	57258
3399	42313	57247
3400	42326	57236
3401	42338	57223
3402	42351	57211
3403	42366	57201
3404	42379	57189
3405	42391	57177
3406	42404	57165
3407	42417	57154
3408	42430	57142
3409	42443	57131
3410	42456	57119
3411	42469	57107
3412	42482	57095
3413	42494	57082
3414	42508	57072
3415	42521	57060
3416	42533	57047
3417	42545	57035
3418	42559	57023
3419	42572	57011
3420	42585	57000
3421	42597	56987
3422	42610	56976
3423	42624	56965
3424	42636	56952
3425	42649	56940
3426	42663	56930
3427	42676	56919
3428	42689	56906
3429	42701	56893
3430	42714	56882
3431	42727	56870
3432	42740	56858
3433	42752	56846
3434	42766	56835
3435	42779	56823
3436	42791	56810
3437	42804	56798
3438	42817	56786
3439	42829	56774
3440	42842	56762
3441	42856	56752
3442	42870	56740
3443	42882	56728
3444	42894	56715
3445	42905	56700
3446	42918	56689
3447	42930	56676
3448	42943	56665
3449	42957	56653
3450	42969	56641
3451	42982	56629
3452	42995	56617
3453	43008	56605
3454	43021	56594
3455	43033	56581
3456	43047	56570
3457	43061	56560
3458	43074	56548
3459	43087	56536
3460	43100	56524
3461	43114	56514
3462	43127	56502
3463	43140	56490
3464	43153	56479
3465	43167	56469
3466	43181	56458
3467	43193	56445
3468	43206	56433
3469	43220	56422
3470	43232	56409
3471	43245	56397
3472	43258	56386
3473	43270	56373
3474	43283	56362
3475	43296	56350
3476	43309	56338
3477	43322	56326
3478	43334	56314
3479	43347	56302
3480	43361	56291
3481	43371	56275
3482	43384	56263
3483	43396	56251
3484	43409	56239
3485	43422	56227
3486	43434	56214
3487	43448	56204
3488	43463	56194
3489	43476	56183
3490	43488	56170
3491	43502	56159
3492	43516	56149
3493	43529	56136
3494	43542	56125
3495	43556	56114
3496	43569	56102
3497	43581	56090
3498	43593	56077
3499	43608	56067
3500	43621	56056
3501	43633	56043
3502	43646	56031
3503	43660	56020
3504	43673	56009
3505	43686	55996
3506	43699	55985
3507	43712	55974
3508	43725	55962
3509	43737	55949
3510	43751	55938
3511	43764	55926
3512	43776	55913
3513	43789	55902
3514	43802	55890
3515	43815	55877
3516	43826	55864
3517	43839	55852
3518	43853	55841
3519	43866	55829
3520	43879	55818
3521	43891	55805
3522	43904	55793
3523	43918	55782
3524	43930	55769
3525	43944	55758
3526	43957	55747
3527	43969	55735
3528	43982	55722
3529	43995	55711
3530	44008	55699
3531	44021	55687
3532	44034	55675
3533	44046	55662
3534	44059	55651
3535	44072	55639
3536	44085	55626
3537	44097	55614
3538	44112	55604
3539	44124	55591
3540	44137	55580
3541	44151	55568
3542	44164	55558
3543	44177	55546
3544	44189	55533
3545	44202	55521
3546	44215	55509
3547	44227	55496
3548	44241	55485
3549	44254	55473
3550	44266	55461
3551	44279	55448
3552	44292	55436
3553	44304	55424
3554	44318	55413
3555	44330	55400
3556	44342	55387
3557	44356	55376
3558	44369	55364
3559	44381	55352
3560	44394	55340
3561	44407	55328
3562	44420	55316
3563	44432	55303
3564	44446	55293
3565	44460	55282
3566	44473	55271
3567	44486	55258
3568	44498	55245
3569	44511	55234
3570	44523	55221
3571	44536	55209
3572	44550	55198
3573	44563	55186
3574	44576	55175
3575	44588	55162
3576	44602	55151
3577	44615	55139
3578	44628	55127
3579	44640	55114
3580	44653	55103
3581	44668	55093
3582	44680	55080
3583	44693	55069
3584	44707	55058
3585	44719	55045
3586	44732	55033
3587	44746	55022
3588	44759	55010
3589	44772	54998
3590	44784	54985
3591	44798	54975
3592	44811	54964
3593	44823	54950
3594	44836	54939
3595	44850	54928
3596	44863	54916
3597	44876	54904
3598	44888	54891
3599	44901	54880
3600	44915	54869
3601	44929	54857
3602	44941	54845
3603	44955	54834
3604	44968	54822
3605	44980	54810
3606	44993	54798
3607	45006	54786
3608	45018	54773
3609	45032	54762
3610	45045	54750
3611	45058	54738
3612	45070	54726
3613	45083	54714
3614	45097	54703
3615	45110	54691
3616	45122	54678
3617	45135	54666
3618	45149	54655
3619	45162	54644
3620	45175	54632
3621	45188	54620
3622	45201	54608
3623	45214	54596
3624	45226	54583
3625	45240	54572
3626	45253	54561
3627	45266	54549
3628	45278	54535
3629	45290	54523
3630	45304	54512
3631	45317	54500
3632	45330	54488
3633	45344	54478
3634	45357	54466
3635	45370	54454
3636	45382	54442
3637	45395	54430
3638	45409	54419
3639	45422	54407
3640	45435	54394
3641	45449	54384
3642	45461	54372
3643	45473	54359
3644	45486	54346
3645	45500	54335
3646	45512	54323
3647	45524	54310
3648	45538	54299
3649	45551	54287
3650	45563	54274
3651	45576	54262
3652	45590	54251
3653	45603	54240
3654	45616	54227
3655	45629	54215
3656	45642	54204
3657	45656	54193
3658	45669	54182
3659	45676	54162
3660	45689	54150
3661	45702	54139
3662	45709	54119
3663	45721	54106
3664	45734	54095
3665	45748	54084
3666	45760	54071
3667	45773	54059
3668	45786	54048
3669	45800	54036
3670	45812	54023
3671	45825	54011
3672	45837	53999
3673	45850	53987
3674	45862	53974
3675	45875	53962
3676	45889	53951
3677	45902	53939
3678	45914	53926
3679	45927	53914
3680	45941	53904
3681	45954	53892
3682	45967	53880
3683	45979	53867
3684	45992	53855
3685	46006	53844
3686	46018	53832
3687	46032	53821
3688	46045	53808
3689	46057	53796
3690	46070	53784
3691	46083	53772
3692	46097	53762
3693	46110	53749
3694	46123	53737
3695	46135	53725
3696	46149	53714
3697	46163	53703
3698	46175	53690
3699	46188	53679
3700	46201	53667
3701	46214	53655
3702	46227	53643
3703	46242	53632
3704	46254	53620
3705	46267	53608
3706	46280	53596
3707	46293	53584
3708	46306	53572
3709	46318	53560
3710	46331	53548
3711	46345	53537
3712	46358	53525
3713	46371	53513
3714	46383	53500
3715	46396	53488
3716	46408	53475
3717	46421	53463
3718	46435	53452
3719	46449	53441
3720	46462	53430
3721	46474	53417
3722	46487	53405
3723	46501	53394
3724	46513	53381
3725	46526	53369
3726	46540	53358
3727	46552	53345
3728	46565	53333
3729	46577	53321
3730	46591	53310
3731	46604	53298
3732	46617	53285
3733	46629	53273
3734	46644	53263
3735	46658	53252
3736	46670	53239
3737	46683	53228
3738	46697	53216
3739	46709	53204
3740	46720	53189
3741	46733	53177
3742	46747	53166
3743	46759	53154
3744	46771	53140
3745	46784	53129
3746	46798	53118
3747	46810	53105
3748	46823	53093
3749	46837	53082
3750	46849	53069
3751	46862	53058
3752	46876	53046
3753	46889	53034
3754	46901	53022
3755	46914	53009
3756	46927	52997
3757	46940	52985
3758	46953	52973
3759	46965	52961
3760	46978	52948
3761	46991	52936
3762	47004	52925
3763	47016	52912
3764	47030	52901
3765	47043	52889
3766	47056	52877
3767	47068	52864
3768	47082	52854
3769	47094	52840
3770	47106	52827
3771	47119	52815
3772	47133	52804
3773	47147	52793
3774	47160	52782
3775	47172	52769
3776	47185	52756
3777	47198	52745
3778	47211	52733
3779	47223	52720
3780	47237	52709
3781	47250	52697
3782	47262	52684
3783	47275	52672
3784	47287	52659
3785	47300	52647
3786	47312	52634
3787	47326	52623
3788	47339	52611
3789	47350	52598
3790	47363	52585
3791	47377	52574
3792	47389	52562
3793	47402	52549
3794	47415	52537
3795	47428	52525
3796	47441	52514
3797	47454	52502
3798	47466	52489
3799	47479	52477
3800	47492	52465
3801	47499	52447
3802	47512	52434
3803	47526	52423
3804	47538	52411
3805	47551	52399
3806	47563	52386
3807	47576	52374
3808	47591	52363
3809	47603	52351
3810	47616	52339
3811	47630	52328
3812	47644	52317
3813	47657	52306
3814	47670	52293
3815	47683	52281
3816	47696	52269
3817	47709	52257
3818	47721	52244
3819	47735	52233
3820	47747	52221
3821	47760	52208
3822	47772	52196
3823	47785	52183
3824	47796	52170
3825	47808	52157
3826	47822	52146
3827	47835	52133
3828	47848	52122
3829	47860	52109
3830	47873	52097
3831	47886	52085
3832	47899	52072
3833	47912	52060
3834	47924	52048
3835	47938	52037
3836	47951	52025
3837	47963	52012
3838	47976	52000
3839	47989	51988
3840	48002	51976
3841	48014	51963
3842	48028	51952
3843	48041	51940
3844	48054	51928
3845	48066	51915
3846	48079	51904
3847	48093	51893
3848	48105	51880
3849	48118	51867
3850	48132	51856
3851	48146	51845
3852	48159	51833
3853	48163	51812
3854	48176	51800
3855	48189	51788
3856	48201	51775
3857	48214	51763
3858	48227	51752
3859	48241	51740
3860	48254	51728
3861	48266	51716
3862	48279	51703
3863	48293	51692
3864	48305	51679
3865	48318	51668
3866	48331	51656
3867	48344	51644
3868	48356	51631
3869	48370	51619
3870	48384	51608
3871	48396	51596
3872	48409	51584
3873	48422	51572
3874	48436	51561
3875	48449	51549
3876	48461	51536
3877	48474	51524
3878	48487	51512
3879	48501	51501
3880	48513	51488
3881	48527	51477
3882	48540	51465
3883	48552	51452
3884	48565	51441
3885	48579	51430
3886	48592	51417
3887	48605	51405
3888	48618	51393
3889	48631	51382
3890	48644	51370
3891	48657	51358
3892	48671	51346
3893	48684	51334
3894	48696	51321
3895	48709	51309
3896	48723	51298
3897	48735	51286
3898	48748	51274
3899	48761	51261
3900	48773	51248
3901	48787	51237
3902	48799	51224
3903	48813	51213
3904	48827	51202
3905	48839	51190
3906	48851	51177
3907	48864	51165
3908	48878	51153
3909	48890	51141
3910	48903	51129
3911	48916	51117
3912	48930	51106
3913	48942	51093
3914	48955	51080
3915	48968	51069
3916	48981	51056
3917	48993	51044
3918	49006	51032
3919	49020	51021
3920	49033	51009
3921	49046	50996
3922	49058	50984
3923	49071	50972
3924	49085	50961
3925	49098	50948
3926	49112	50937
3927	49125	50926
3928	49139	50915
3929	49151	50902
3930	49165	50891
3931	49177	50878
3932	49190	50866
3933	49204	50855
3934	49217	50843
3935	49231	50832
3936	49244	50820
3937	49256	50807
3938	49269	50795
3939	49283	50784
3940	49295	50771
3941	49309	50760
3942	49322	50748
3943	49335	50736
3944	49347	50723
3945	49360	50711
3946	49373	50699
3947	49386	50687
3948	49398	50674
3949	49410	50661
3950	49422	50647
3951	49435	50635
3952	49447	50623
3953	49460	50611
3954	49472	50598
3955	49485	50586
3956	49499	50574
3957	49512	50563
3958	49526	50552
3959	49539	50540
3960	49551	50526
3961	49564	50515
3962	49578	50504
3963	49591	50492
3964	49604	50480
3965	49617	50468
3966	49632	50457
3967	49644	50445
3968	49657	50433
3969	49670	50420
3970	49683	50408
3971	49695	50395
3972	49708	50383
3973	49722	50372
3974	49734	50360
3975	49747	50347
3976	49759	50335
3977	49772	50322
3978	49777	50303
3979	49789	50290
3980	49802	50277
3981	49815	50266
3982	49828	50254
3983	49841	50241
3984	49853	50229
3985	49866	50216
3986	49880	50205
3987	49892	50192
3988	49905	50180
3989	49919	50169
3990	49932	50157
3991	49945	50145
3992	49958	50133
3993	49970	50120
3994	49983	50108
3995	49997	50097
3996	50010	50085
3997	50024	50074
3998	50037	50062
3999	50048	50048
4000	50062	50037
4001	50075	50025
4002	50080	50005
4003	50092	49992
4004	50106	49981
4005	50118	49968
4006	50133	49958
4007	50145	49945
4008	50159	49934
4009	50173	49923
4010	50185	49910
4011	50198	49897
4012	50212	49886
4013	50219	49868
4014	50231	49855
4015	50243	49843
4016	50256	49831
4017	50269	49819
4018	50276	49801
4019	50289	49788
4020	50304	49778
4021	50318	49767
4022	50330	49755
4023	50343	49742
4024	50356	49730
4025	50369	49718
4026	50383	49707
4027	50396	49695
4028	50409	49683
4029	50421	49671
4030	50434	49658
4031	50446	49646
4032	50460	49635
4033	50473	49622
4034	50485	49609
4035	50499	49598
4036	50513	49587
4037	50526	49575
4038	50540	49564
4039	50553	49552
4040	50567	49541
4041	50580	49529
4042	50592	49516
4043	50606	49505
4044	50620	49494
4045	50633	49482
4046	50645	49469
4047	50658	49456
4048	50671	49445
4049	50684	49432
4050	50697	49420
4051	50710	49409
4052	50724	49397
4053	50737	49385
4054	50749	49373
4055	50762	49361
4056	50775	49349
4057	50788	49336
4058	50801	49324
4059	50814	49312
4060	50827	49300
4061	50839	49287
4062	50852	49275
4063	50865	49263
4064	50879	49252
4065	50891	49239
4066	50905	49227
4067	50917	49215
4068	50929	49202
4069	50943	49191
4070	50957	49179
4071	50970	49168
4072	50982	49155
4073	50995	49143
4074	51009	49131
4075	51022	49119
4076	51035	49107
4077	51047	49095
4078	51062	49084
4079	51075	49072
4080	51087	49059
4081	51101	49048
4082	51115	49036
4083	51129	49026
4084	51141	49013
4085	51155	49001
4086	51169	48990
4087	51181	48978
4088	51194	48966
4089	51207	48954
4090	51221	48942
4091	51234	48930
4092	51246	48917
4093	51259	48905
4094	51272	48893
4095	51284	48880
4096	51304	48874
4097	51319	48865
4098	51332	48852
4099	51344	48840
4100	51357	48827
4101	51371	48816
4102	51383	48803
4103	51396	48791
4104	51408	48778
4105	51421	48766
4106	51433	48753
4107	51447	48742
4108	51460	48730
4109	51473	48718
4110	51486	48706
4111	51498	48693
4112	51512	48681
4113	51525	48669
4114	51537	48657
4115	51550	48644
4116	51557	48626
4117	51570	48615
4118	51583	48603
4119	51595	48590
4120	51609	48578
4121	51623	48567
4122	51635	48554
4123	51648	48542
4124	51661	48530
4125	51674	48518
4126	51687	48506
4127	51699	48493
4128	51713	48482
4129	51725	48468
4130	51738	48456
4131	51751	48445
4132	51764	48433
4133	51776	48420
4134	51790	48408
4135	51804	48397
4136	51817	48385
4137	51829	48372
4138	51842	48360
4139	51855	48348
4140	51868	48336
4141	51881	48323
4142	51894	48312
4143	51906	48299
4144	51919	48287
4145	51932	48274
4146	51946	48263
4147	51959	48251
4148	51974	48241
4149	51990	48232
4150	52004	48220
4151	52017	48208
4152	52030	48196
4153	52042	48183
4154	52055	48172
4155	52069	48160
4156	52082	48148
4157	52094	48135
4158	52108	48124
4159	52122	48113
4160	52134	48100
4161	52147	48088
4162	52160	48076
4163	52173	48064
4164	52180	48045
4165	52192	48033
4166	52206	48021
4167	52218	48008
4168	52229	47994
4169	52241	47982
4170	52254	47970
4171	52267	47958
4172	52280	47945
4173	52293	47933
4174	52306	47921
4175	52319	47909
4176	52332	47897
4177	52345	47885
4178	52358	47873
4179	52362	47853
4180	52375	47840
4181	52389	47829
4182	52396	47812
4183	52409	47800
4184	52422	47787
4185	52434	47774
4186	52447	47762
4187	52460	47750
4188	52473	47738
4189	52485	47725
4190	52499	47714
4191	52513	47702
4192	52526	47690
4193	52538	47678
4194	52553	47667
4195	52566	47655
4196	52578	47642
4197	52591	47630
4198	52603	47617
4199	52618	47607
4200	52630	47594
4201	52643	47582
4202	52657	47570
4203	52670	47558
4204	52682	47545
4205	52695	47533
4206	52699	47513
4207	52705	47495
4208	52717	47482
4209	52728	47468
4210	52741	47456
4211	52754	47444
4212	52767	47431
4213	52779	47419
4214	52785	47400
4215	52799	47389
4216	52812	47376
4217	52824	47364
4218	52836	47351
4219	52849	47338
4220	52862	47327
4221	52875	47314
4222	52889	47303
4223	52902	47291
4224	52914	47278
4225	52927	47266
4226	52940	47254
4227	52947	47236
4228	52960	47224
4229	52972	47211
4230	52985	47199
4231	52999	47188
4232	53012	47176
4233	53016	47156
4234	53029	47144
4235	53041	47131
4236	53055	47119
4237	53067	47107
4238	53080	47094
4239	53094	47083
4240	53108	47072
4241	53121	47060
4242	53133	47047
4243	53145	47034
4244	53159	47023
4245	53171	47010
4246	53182	46996
4247	53195	46983
4248	53207	46971
4249	53214	46954
4250	53226	46941
4251	53239	46929
4252	53252	46917
4253	53265	46904
4254	53278	46892
4255	53290	46880
4256	53304	46868
4257	53317	46856
4258	53329	46843
4259	53342	46830
4260	53355	46819
4261	53366	46804
4262	53378	46792
4263	53392	46780
4264	53405	46769
4265	53412	46751
4266	53424	46738
4267	53438	46727
4268	53451	46715
4269	53463	46702
4270	53476	46690
4271	53488	46677
4272	53502	46665
4273	53514	46653
4274	53527	46640
4275	53540	46628
4276	53554	46617
4277	53566	46604
4278	53579	46592
4279	53592	46580
4280	53607	46569
4281	53614	46552
4282	53625	46539
4283	53638	46527
4284	53651	46515
4285	53664	46502
4286	53677	46490
4287	53690	46478
4288	53703	46466
4289	53716	46454
4290	53728	46441
4291	53732	46421
4292	53746	46409
4293	53759	46397
4294	53771	46385
4295	53776	46365
4296	53789	46353
4297	53803	46342
4298	53816	46330
4299	53828	46317
4300	53841	46305
4301	53854	46293
4302	53867	46280
4303	53879	46268
4304	53893	46256
4305	53905	46244
4306	53918	46231
4307	53930	46219
4308	53943	46206
4309	53957	46195
4310	53969	46182
4311	53982	46170
4312	53995	46158
4313	54007	46145
4314	54020	46133
4315	54033	46121
4316	54047	46109
4317	54059	46097
4318	54072	46085
4319	54085	46072
4320	54099	46061
4321	54113	46050
4322	54125	46037
4323	54132	46020
4324	54145	46007
4325	54158	45995
4326	54170	45982
4327	54184	45971
4328	54197	45959
4329	54210	45947
4330	54222	45934
4331	54235	45922
4332	54248	45910
4333	54260	45897
4334	54273	45885
4335	54286	45872
4336	54299	45861
4337	54312	45848
4338	54323	45835
4339	54336	45823
4340	54349	45811
4341	54362	45798
4342	54374	45786
4343	54388	45774
4344	54401	45762
4345	54414	45750
4346	54426	45737
4347	54439	45724
4348	54452	45713
4349	54464	45699
4350	54475	45686
4351	54488	45674
4352	54500	45661
4353	54513	45649
4354	54523	45634
4355	54537	45623
4356	54550	45611
4357	54562	45598
4358	54575	45586
4359	54589	45574
4360	54603	45563
4361	54616	45551
4362	54628	45538
4363	54641	45525
4364	54654	45514
4365	54666	45501
4366	54680	45489
4367	54694	45478
4368	54700	45460
4369	54712	45448
4370	54725	45435
4371	54737	45422
4372	54751	45411
4373	54763	45398
4374	54776	45386
4375	54790	45374
4376	54803	45362
4377	54816	45350
4378	54828	45337
4379	54840	45324
4380	54853	45312
4381	54866	45300
4382	54878	45287
4383	54892	45276
4384	54904	45263
4385	54916	45250
4386	54929	45238
4387	54942	45226
4388	54955	45214
4389	54968	45201
4390	54981	45190
4391	54987	45171
4392	54999	45158
4393	55009	45144
4394	55021	45131
4395	55036	45120
4396	55049	45108
4397	55061	45095
4398	55074	45083
4399	55087	45071
4400	55092	45053
4401	55106	45041
4402	55118	45028
4403	55131	45016
4404	55144	45004
4405	55157	44992
4406	55168	44978
4407	55181	44966
4408	55194	44954
4409	55208	44942
4410	55210	44922
4411	55222	44909
4412	55235	44897
4413	55249	44885
4414	55261	44872
4415	55273	44860
4416	55287	44848
4417	55299	44835
4418	55311	44822
4419	55325	44810
4420	55337	44798
4421	55350	44785
4422	55360	44771
4423	55372	44758
4424	55386	44747
4425	55398	44734
4426	55411	44722
4427	55424	44710
4428	55437	44697
4429	55450	44685
4430	55462	44673
4431	55476	44661
4432	55488	44649
4433	55501	44636
4434	55513	44623
4435	55527	44612
4436	55541	44600
4437	55547	44583
4438	55560	44570
4439	55572	44558
4440	55586	44546
4441	55600	44535
4442	55612	44522
4443	55625	44510
4444	55638	44498
4445	55651	44486
4446	55656	44467
4447	55668	44454
4448	55681	44442
4449	55694	44430
4450	55707	44418
4451	55719	44405
4452	55732	44393
4453	55746	44382
4454	55756	44367
4455	55770	44355
4456	55782	44343
4457	55794	44330
4458	55807	44318
4459	55820	44305
4460	55833	44293
4461	55845	44281
4462	55858	44268
4463	55871	44256
4464	55884	44244
4465	55897	44232
4466	55909	44219
4467	55922	44207
4468	55935	44194
4469	55948	44182
4470	55960	44170
4471	55974	44158
4472	55987	44146
4473	56000	44134
4474	56012	44121
4475	56025	44109
4476	56031	44092
4477	56044	44080
4478	56057	44067
4479	56070	44055
4480	56084	44043
4481	56098	44032
4482	56110	44019
4483	56123	44007
4484	56136	43995
4485	56148	43982
4486	56161	43970
4487	56174	43958
4488	56187	43946
4489	56200	43934
4490	56212	43921
4491	56225	43909
4492	56239	43897
4493	56251	43884
4494	56265	43873
4495	56277	43860
4496	56290	43848
4497	56302	43835
4498	56315	43823
4499	56328	43811
4500	56341	43798
4501	56353	43786
4502	56366	43773
4503	56380	43762
4504	56393	43750
4505	56404	43736
4506	56416	43723
4507	56428	43710
4508	56440	43697
4509	56452	43684
4510	56465	43672
4511	56478	43660
4512	56492	43648
4513	56504	43636
4514	56517	43624
4515	56530	43612
4516	56544	43600
4517	56550	43583
4518	56561	43569
4519	56575	43557
4520	56589	43546
4521	56602	43534
4522	56614	43521
4523	56627	43509
4524	56640	43497
4525	56650	43483
4526	56663	43470
4527	56677	43459
4528	56687	43445
4529	56700	43432
4530	56712	43419
4531	56724	43407
4532	56738	43395
4533	56750	43383
4534	56764	43371
4535	56777	43359
4536	56789	43346
4537	56802	43333
4538	56815	43321
4539	56828	43309
4540	56841	43297
4541	56854	43285
4542	56866	43272
4543	56880	43260
4544	56893	43248
4545	56905	43236
4546	56918	43224
4547	56928	43209
4548	56942	43198
4549	56955	43185
4550	56968	43174
4551	56982	43162
4552	56986	43143
4553	56999	43131
4554	57012	43119
4555	57025	43107
4556	57039	43095
4557	57051	43082
4558	57063	43070
4559	57077	43058
4560	57090	43046
4561	57103	43034
4562	57117	43022
4563	57130	43010
4564	57142	42997
4565	57155	42985
4566	57169	42973
4567	57182	42962
4568	57195	42950
4569	57207	42937
4570	57220	42925
4571	57234	42913
4572	57246	42900
4573	57260	42888
4574	57274	42877
4575	57286	42864
4576	57298	42852
4577	57311	42839
4578	57325	42828
4579	57338	42815
4580	57350	42803
4581	57363	42791
4582	57377	42779
4583	57389	42767
4584	57402	42754
4585	57414	42741
4586	57427	42729
4587	57440	42717
4588	57447	42701
4589	57460	42688
4590	57474	42676
4591	57486	42664
4592	57499	42651
4593	57511	42639
4594	57525	42627
4595	57538	42615
4596	57551	42603
4597	57564	42591
4598	57577	42579
4599	57591	42567
4600	57604	42555
4601	57617	42543
4602	57631	42531
4603	57643	42519
4604	57656	42507
4605	57670	42495
4606	57683	42483
4607	57696	42471
4608	57708	42458
4609	57715	42441
4610	57728	42429
4611	57741	42417
4612	57754	42404
4613	57768	42393
4614	57781	42381
4615	57793	42368
4616	57806	42356
4617	57818	42343
4618	57832	42331
4619	57844	42318
4620	57857	42306
4621	57871	42295
4622	57884	42283
4623	57897	42271
4624	57909	42258
4625	57922	42246
4626	57934	42233
4627	57947	42220
4628	57960	42208
4629	57974	42197
4630	57986	42184
4631	57998	42171
4632	58012	42160
4633	58027	42149
4634	58039	42136
4635	58049	42122
4636	58057	42106
4637	58059	42086
4638	58072	42074
4639	58086	42062
4640	58098	42050
4641	58110	42036
4642	58122	42023
4643	58135	42011
4644	58148	41999
4645	58161	41987
4646	58175	41975
4647	58188	41963
4648	58200	41950
4649	58212	41938
4650	58226	41926
4651	58236	41912
4652	58248	41899
4653	58262	41887
4654	58275	41875
4655	58288	41863
4656	58301	41851
4657	58311	41837
4658	58325	41825
4659	58337	41812
4660	58348	41799
4661	58361	41787
4662	58375	41775
4663	58388	41763
4664	58400	41750
4665	58413	41738
4666	58426	41726
4667	58438	41713
4668	58452	41701
4669	58456	41682
4670	58469	41670
4671	58482	41658
4672	58494	41646
4673	58505	41632
4674	58518	41619
4675	58522	41601
4676	58535	41589
4677	58548	41577
4678	58561	41564
4679	58566	41547
4680	58570	41528
4681	58584	41517
4682	58597	41504
4683	58611	41493
4684	58618	41477
4685	58631	41464
4686	58643	41452
4687	58656	41439
4688	58670	41428
4689	58682	41415
4690	58692	41401
4691	58705	41388
4692	58718	41376
4693	58731	41364
4694	58744	41352
4695	58758	41340
4696	58771	41328
4697	58784	41316
4698	58796	41303
4699	58809	41291
4700	58814	41273
4701	58827	41261
4702	58839	41249
4703	58852	41237
4704	58867	41225
4705	58879	41213
4706	58892	41200
4707	58905	41188
4708	58918	41176
4709	58930	41164
4710	58943	41151
4711	58956	41139
4712	58970	41127
4713	58983	41115
4714	58995	41102
4715	59008	41090
4716	59013	41073
4717	59027	41061
4718	59039	41048
4719	59052	41036
4720	59066	41025
4721	59080	41013
4722	59093	41001
4723	59107	40989
4724	59120	40977
4725	59132	40964
4726	59144	40952
4727	59158	40940
4728	59172	40928
4729	59185	40916
4730	59189	40898
4731	59202	40886
4732	59215	40873
4733	59229	40862
4734	59232	40843
4735	59246	40831
4736	59259	40820
4737	59270	40806
4738	59283	40794
4739	59295	40781
4740	59308	40769
4741	59314	40752
4742	59327	40739
4743	59337	40725
4744	59348	40712
4745	59361	40699
4746	59373	40687
4747	59386	40674
4748	59389	40655
4749	59402	40643
4750	59415	40631
4751	59427	40619
4752	59440	40606
4753	59453	40594
4754	59467	40582
4755	59479	40570
4756	59492	40557
4757	59506	40546
4758	59520	40534
4759	59526	40518
4760	59538	40505
4761	59552	40493
4762	59566	40481
4763	59579	40470
4764	59591	40457
4765	59597	40439
4766	59606	40425
4767	59620	40413
4768	59632	40400
4769	59645	40388
4770	59658	40376
4771	59671	40364
4772	59684	40352
4773	59696	40339
4774	59709	40327
4775	59722	40315
4776	59734	40302
4777	59747	40289
4778	59760	40278
4779	59773	40265
4780	59786	40253
4781	59799	40241
4782	59811	40228
4783	59825	40216
4784	59837	40204
4785	59850	40192
4786	59864	40180
4787	59876	40168
4788	59888	40155
4789	59902	40143
4790	59915	40131
4791	59927	40118
4792	59939	40105
4793	59953	40094
4794	59967	40082
4795	59979	40069
4796	59991	40057
4797	60005	40045
4798	60019	40033
4799	60031	40020
4800	60044	40008
4801	60057	39996
4802	60071	39985
4803	60076	39967
4804	60087	39954
4805	60100	39941
4806	60114	39930
4807	60125	39917
4808	60138	39904
4809	60151	39892
4810	60165	39880
4811	60177	39868
4812	60189	39855
4813	60202	39843
4814	60215	39830
4815	60218	39812
4816	60230	39799
4817	60243	39787
4818	60258	39776
4819	60270	39763
4820	60283	39751
4821	60296	39738
4822	60308	39726
4823	60312	39708
4824	60325	39696
4825	60337	39683
4826	60350	39671
4827	60363	39658
4828	60376	39646
4829	60379	39628
4830	60392	39615
4831	60406	39604
4832	60419	39591
4833	60422	39573
4834	60427	39555
4835	60440	39543
4836	60454	39532
4837	60467	39519
4838	60480	39507
4839	60492	39494
4840	60506	39483
4841	60519	39471
4842	60533	39459
4843	60546	39447
4844	60559	39435
4845	60574	39424
4846	60586	39411
4847	60598	39399
4848	60604	39382
4849	60617	39370
4850	60629	39357
4851	60643	39345
4852	60650	39329
4853	60662	39316
4854	60675	39304
4855	60687	39292
4856	60700	39280
4857	60713	39267
4858	60725	39255
4859	60739	39242
4860	60753	39231
4861	60766	39219
4862	60779	39207
4863	60792	39194
4864	60804	39182
4865	60818	39170
4866	60830	39157
4867	60844	39146
4868	60858	39135
4869	60872	39123
4870	60884	39110
4871	60897	39098
4872	60911	39086
4873	60923	39074
4874	60937	39062
4875	60950	39050
4876	60963	39038
4877	60976	39025
4878	60988	39012
4879	61002	39001
4880	61016	38989
4881	61029	38977
4882	61041	38965
4883	61055	38953
4884	61069	38942
4885	61081	38929
4886	61094	38917
4887	61107	38905
4888	61120	38892
4889	61133	38880
4890	61145	38867
4891	61158	38855
4892	61171	38842
4893	61183	38830
4894	61197	38818
4895	61210	38806
4896	61222	38793
4897	61235	38781
4898	61249	38769
4899	61261	38757
4900	61274	38745
4901	61286	38732
4902	61299	38720
4903	61312	38708
4904	61324	38695
4905	61338	38683
4906	61345	38667
4907	61358	38655
4908	61371	38643
4909	61383	38630
4910	61395	38617
4911	61402	38601
4912	61415	38589
4913	61428	38577
4914	61440	38564
4915	61454	38552
4916	61467	38540
4917	61479	38527
4918	61492	38515
4919	61506	38503
4920	61518	38491
4921	61531	38479
4922	61536	38461
4923	61549	38449
4924	61563	38438
4925	61575	38425
4926	61588	38413
4927	61600	38400
4928	61613	38388
4929	61625	38375
4930	61639	38363
4931	61652	38351
4932	61656	38333
4933	61669	38321
4934	61681	38308
4935	61695	38297
4936	61708	38284
4937	61720	38272
4938	61733	38259
4939	61746	38248
4940	61759	38235
4941	61772	38223
4942	61784	38210
4943	61797	38198
4944	61810	38186
4945	61823	38174
4946	61836	38162
4947	61850	38150
4948	61862	38137
4949	61875	38125
4950	61888	38113
4951	61902	38101
4952	61914	38088
4953	61927	38076
4954	61940	38064
4955	61953	38052
4956	61965	38039
4957	61978	38027
4958	61992	38015
4959	62005	38003
4960	62017	37990
4961	62030	37978
4962	62044	37966
4963	62057	37954
4964	62071	37942
4965	62083	37930
4966	62093	37916
4967	62107	37904
4968	62119	37891
4969	62133	37880
4970	62146	37867
4971	62158	37855
4972	62171	37842
4973	62183	37830
4974	62198	37818
4975	62210	37806
4976	62223	37794
4977	62236	37781
4978	62249	37770
4979	62262	37757
4980	62274	37744
4981	62287	37732
4982	62300	37720
4983	62313	37708
4984	62326	37696
4985	62340	37684
4986	62353	37672
4987	62366	37659
4988	62378	37647
4989	62390	37634
4990	62404	37622
4991	62416	37609
4992	62429	37597
4993	62443	37586
4994	62455	37573
4995	62468	37561
4996	62481	37549
4997	62495	37537
4998	62507	37524
4999	62520	37512
5000	62532	37499
5001	62546	37487
5002	62560	37476
5003	62572	37463
5004	62586	37451
5005	62599	37439
5006	62611	37427
5007	62624	37414
5008	62638	37403
5009	62651	37390
5010	62665	37378
5011	62677	37366
5012	62689	37353
5013	62702	37341
5014	62714	37328
5015	62727	37316
5016	62741	37304
5017	62754	37292
5018	62767	37280
5019	62779	37267
5020	62792	37255
5021	62804	37242
5022	62817	37230
5023	62829	37217
5024	62843	37205
5025	62855	37193
5026	62868	37180
5027	62881	37168
5028	62893	37156
5029	62906	37143
5030	62919	37131
5031	62932	37119
5032	62945	37106
5033	62957	37094
5034	62970	37081
5035	62984	37070
5036	62997	37058
5037	63009	37045
5038	63022	37033
5039	63035	37020
5040	63050	37009
5041	63062	36997
5042	63074	36984
5043	63087	36972
5044	63101	36960
5045	63113	36947
5046	63126	36935
5047	63139	36923
5048	63152	36910
5049	63164	36898
5050	63177	36885
5051	63190	36873
5052	63202	36861
5053	63214	36848
5054	63227	36835
5055	63241	36824
5056	63253	36811
5057	63266	36799
5058	63278	36786
5059	63291	36773
5060	63303	36761
5061	63316	36749
5062	63329	36736
5063	63343	36725
5064	63355	36712
5065	63367	36699
5066	63380	36687
5067	63387	36671
5068	63400	36659
5069	63412	36646
5070	63425	36634
5071	63439	36622
5072	63451	36609
5073	63463	36597
5074	63476	36585
5075	63490	36573
5076	63500	36559
5077	63512	36546
5078	63525	36534
5079	63538	36522
5080	63553	36510
5081	63565	36498
5082	63578	36485
5083	63590	36473
5084	63603	36461
5085	63616	36448
5086	63629	36436
5087	63642	36424
5088	63655	36412
5089	63667	36399
5090	63680	36387
5091	63693	36374
5092	63706	36362
5093	63719	36350
5094	63734	36339
5095	63748	36327
5096	63763	36316
5097	63776	36304
5098	63788	36291
5099	63801	36279
5100	63814	36266
5101	63827	36254
5102	63841	36242
5103	63854	36230
5104	63866	36217
5105	63878	36205
5106	63891	36193
5107	63904	36180
5108	63916	36168
5109	63929	36156
5110	63942	36143
5111	63955	36131
5112	63967	36118
5113	63982	36107
5114	63995	36095
5115	64007	36082
5116	64020	36070
5117	64034	36058
5118	64048	36046
5119	64061	36034
5120	64074	36022
5121	64086	36009
5122	64099	35997
5123	64112	35984
5124	64125	35972
5125	64139	35961
5126	64151	35948
5127	64163	35935
5128	64176	35923
5129	64190	35911
5130	64202	35898
5131	64215	35886
5132	64228	35874
5133	64241	35861
5134	64253	35849
5135	64266	35836
5136	64279	35824
5137	64292	35812
5138	64304	35799
5139	64317	35787
5140	64331	35776
5141	64345	35763
5142	64358	35751
5143	64370	35739
5144	64383	35726
5145	64396	35714
5146	64408	35701
5147	64421	35689
5148	64435	35678
5149	64448	35665
5150	64460	35652
5151	64473	35640
5152	64487	35628
5153	64499	35616
5154	64513	35604
5155	64526	35592
5156	64540	35580
5157	64553	35568
5158	64566	35555
5159	64578	35543
5160	64591	35530
5161	64603	35518
5162	64615	35505
5163	64630	35493
5164	64642	35481
5165	64655	35469
5166	64668	35456
5167	64681	35444
5168	64694	35432
5169	64707	35419
5170	64720	35407
5171	64733	35395
5172	64744	35382
5173	64757	35370
5174	64771	35358
5175	64783	35345
5176	64796	35333
5177	64808	35320
5178	64821	35308
5179	64835	35296
5180	64847	35283
5181	64859	35270
5182	64872	35258
5183	64884	35246
5184	64897	35233
5185	64909	35221
5186	64923	35209
5187	64937	35197
5188	64949	35184
5189	64961	35172
5190	64975	35159
5191	64989	35148
5192	65000	35135
5193	65013	35123
5194	65027	35110
5195	65041	35099
5196	65055	35087
5197	65067	35074
5198	65079	35062
5199	65092	35049
5200	65105	35037
5201	65117	35024
5202	65131	35012
5203	65143	35000
5204	65156	34987
5205	65168	34975
5206	65181	34963
5207	65194	34950
5208	65206	34938
5209	65220	34925
5210	65233	34913
5211	65246	34901
5212	65258	34888
5213	65271	34876
5214	65284	34864
5215	65296	34851
5216	65309	34839
5217	65322	34827
5218	65336	34815
5219	65349	34803
5220	65361	34790
5221	65374	34777
5222	65388	34765
5223	65400	34753
5224	65412	34740
5225	65427	34729
5226	65439	34716
5227	65452	34704
5228	65464	34691
5229	65477	34679
5230	65491	34667
5231	65503	34654
5232	65516	34642
5233	65530	34630
5234	65544	34619
5235	65557	34606
5236	65568	34593
5237	65580	34580
5238	65593	34568
5239	65606	34556
5240	65619	34544
5241	65633	34532
5242	65646	34519
5243	65658	34506
5244	65671	34494
5245	65685	34482
5246	65697	34470
5247	65710	34457
5248	65723	34445
5249	65735	34433
5250	65748	34420
5251	65761	34408
5252	65775	34396
5253	65787	34383
5254	65799	34371
5255	65812	34358
5256	65826	34347
5257	65831	34330
5258	65844	34318
5259	65856	34305
5260	65869	34293
5261	65882	34280
5262	65894	34268
5263	65907	34256
5264	65922	34244
5265	65935	34232
5266	65947	34219
5267	65960	34207
5268	65973	34195
5269	65987	34183
5270	65999	34170
5271	66012	34158
5272	66026	34146
5273	66040	34134
5274	66052	34122
5275	66066	34110
5276	66079	34097
5277	66090	34084
5278	66104	34072
5279	66117	34060
5280	66131	34048
5281	66144	34036
5282	66156	34023
5283	66168	34011
5284	66182	33999
5285	66194	33986
5286	66207	33974
5287	66222	33962
5288	66232	33949
5289	66245	33936
5290	66257	33923
5291	66270	33911
5292	66283	33899
5293	66295	33886
5294	66308	33874
5295	66322	33862
5296	66335	33850
5297	66348	33837
5298	66360	33825
5299	66373	33812
5300	66386	33800
5301	66398	33788
5302	66411	33775
5303	66425	33763
5304	66437	33751
5305	66450	33738
5306	66463	33726
5307	66477	33714
5308	66490	33702
5309	66503	33690
5310	66516	33677
5311	66529	33665
5312	66542	33653
5313	66556	33641
5314	66568	33628
5315	66581	33616
5316	66593	33603
5317	66606	33591
5318	66620	33579
5319	66633	33567
5320	66645	33554
5321	66657	33541
5322	66670	33529
5323	66684	33517
5324	66696	33505
5325	66711	33493
5326	66724	33481
5327	66737	33469
5328	66749	33456
5329	66762	33443
5330	66775	33431
5331	66787	33418
5332	66800	33406
5333	66812	33393
5334	66826	33382
5335	66839	33369
5336	66851	33356
5337	66864	33344
5338	66877	33332
5339	66889	33319
5340	66902	33307
5341	66915	33295
5342	66928	33282
5343	66941	33270
5344	66953	33257
5345	66967	33245
5346	66981	33233
5347	66992	33220
5348	67007	33209
5349	67020	33196
5350	67034	33185
5351	67046	33172
5352	67057	33159
5353	67069	33146
5354	67082	33134
5355	67094	33121
5356	67107	33108
5357	67120	33096
5358	67133	33084
5359	67145	33071
5360	67158	33059
5361	67170	33046
5362	67181	33033
5363	67191	33019
5364	67204	33007
5365	67218	32995
5366	67231	32983
5367	67244	32970
5368	67258	32958
5369	67272	32947
5370	67285	32934
5371	67298	32922
5372	67311	32910
5373	67323	32897
5374	67335	32884
5375	67349	32872
5376	67362	32860
5377	67375	32848
5378	67387	32835
5379	67400	32823
5380	67414	32811
5381	67427	32799
5382	67440	32786
5383	67452	32774
5384	67466	32762
5385	67479	32750
5386	67491	32737
5387	67505	32725
5388	67518	32713
5389	67532	32701
5390	67544	32688
5391	67557	32676
5392	67571	32664
5393	67583	32651
5394	67596	32639
5395	67609	32626
5396	67622	32614
5397	67635	32602
5398	67647	32589
5399	67660	32577
5400	67673	32565
5401	67686	32552
5402	67698	32539
5403	67712	32528
5404	67724	32515
5405	67737	32502
5406	67749	32490
5407	67762	32477
5408	67775	32465
5409	67787	32452
5410	67801	32440
5411	67814	32428
5412	67826	32415
5413	67838	32403
5414	67852	32391
5415	67864	32378
5416	67877	32365
5417	67889	32353
5418	67901	32340
5419	67915	32328
5420	67928	32316
5421	67941	32303
5422	67954	32291
5423	67968	32279
5424	67980	32267
5425	67993	32254
5426	68007	32242
5427	68021	32231
5428	68034	32218
5429	68046	32206
5430	68059	32193
5431	68073	32181
5432	68084	32168
5433	68097	32156
5434	68111	32144
5435	68118	32129
5436	68131	32117
5437	68143	32104
5438	68156	32091
5439	68169	32079
5440	68181	32066
5441	68194	32054
5442	68207	32042
5443	68221	32030
5444	68233	32017
5445	68246	32005
5446	68258	31992
5447	68272	31980
5448	68283	31967
5449	68297	31955
5450	68309	31943
5451	68322	31930
5452	68334	31918
5453	68347	31905
5454	68360	31893
5455	68373	31880
5456	68385	31868
5457	68398	31855
5458	68409	31842
5459	68422	31830
5460	68435	31817
5461	68447	31805
5462	68461	31793
5463	68474	31780
5464	68486	31768
5465	68500	31756
5466	68514	31744
5467	68528	31732
5468	68540	31719
5469	68553	31707
5470	68566	31695
5471	68578	31682
5472	68591	31670
5473	68604	31657
5474	68617	31645
5475	68630	31633
5476	68642	31620
5477	68655	31608
5478	68668	31595
5479	68680	31583
5480	68693	31570
5481	68706	31558
5482	68720	31546
5483	68733	31534
5484	68746	31521
5485	68758	31509
5486	68771	31496
5487	68784	31484
5488	68797	31472
5489	68810	31459
5490	68823	31447
5491	68835	31434
5492	68848	31422
5493	68860	31409
5494	68873	31397
5495	68886	31384
5496	68898	31372
5497	68912	31360
5498	68925	31347
5499	68934	31333
5500	68947	31321
5501	68961	31309
5502	68974	31297
5503	68986	31284
5504	69000	31272
5505	69014	31260
5506	69028	31248
5507	69040	31236
5508	69052	31223
5509	69066	31211
5510	69078	31198
5511	69091	31186
5512	69105	31174
5513	69117	31161
5514	69130	31149
5515	69143	31137
5516	69156	31124
5517	69168	31112
5518	69181	31099
5519	69193	31087
5520	69207	31075
5521	69220	31062
5522	69232	31050
5523	69245	31037
5524	69257	31025
5525	69270	31012
5526	69282	30999
5527	69296	30987
5528	69309	30975
5529	69321	30962
5530	69333	30950
5531	69347	30937
5532	69360	30925
5533	69372	30912
5534	69385	30900
5535	69398	30888
5536	69411	30876
5537	69424	30863
5538	69436	30850
5539	69449	30838
5540	69463	30826
5541	69475	30814
5542	69488	30801
5543	69501	30789
5544	69515	30777
5545	69528	30764
5546	69540	30752
5547	69552	30739
5548	69565	30727
5549	69577	30714
5550	69591	30702
5551	69603	30689
5552	69616	30677
5553	69629	30664
5554	69642	30652
5555	69654	30640
5556	69665	30626
5557	69677	30613
5558	69690	30601
5559	69703	30589
5560	69716	30576
5561	69728	30564
5562	69741	30552
5563	69754	30539
5564	69767	30527
5565	69779	30514
5566	69793	30502
5567	69807	30490
5568	69820	30478
5569	69832	30465
5570	69844	30452
5571	69858	30440
5572	69870	30428
5573	69883	30415
5574	69896	30403
5575	69910	30391
5576	69922	30378
5577	69934	30366
5578	69948	30353
5579	69961	30341
5580	69973	30328
5581	69985	30316
5582	69999	30304
5583	70013	30292
5584	70026	30279
5585	70038	30267
5586	70050	30254
5587	70064	30242
5588	70075	30229
5589	70089	30217
5590	70102	30205
5591	70115	30192
5592	70127	30179
5593	70139	30167
5594	70152	30154
5595	70164	30142
5596	70177	30129
5597	70189	30117
5598	70204	30105
5599	70216	30092
5600	70228	30080
5601	70242	30068
5602	70255	30055
5603	70268	30043
5604	70281	30031
5605	70295	30019
5606	70308	30006
5607	70321	29994
5608	70333	29981
5609	70346	29969
5610	70360	29957
5611	70371	29944
5612	70384	29932
5613	70397	29919
5614	70411	29907
5615	70424	29895
5616	70436	29882
5617	70449	29870
5618	70462	29857
5619	70474	29845
5620	70487	29832
5621	70500	29820
5622	70515	29808
5623	70527	29796
5624	70540	29783
5625	70554	29772
5626	70566	29759
5627	70579	29746
5628	70592	29734
5629	70605	29722
5630	70618	29709
5631	70631	29697
5632	70645	29685
5633	70657	29672
5634	70669	29659
5635	70682	29647
5636	70695	29635
5637	70709	29623
5638	70722	29610
5639	70734	29598
5640	70747	29585
5641	70761	29573
5642	70774	29561
5643	70786	29548
5644	70800	29536
5645	70813	29524
5646	70825	29511
5647	70837	29499
5648	70851	29487
5649	70863	29474
5650	70876	29461
5651	70889	29449
5652	70901	29436
5653	70913	29424
5654	70926	29411
5655	70940	29399
5656	70954	29387
5657	70966	29374
5658	70979	29362
5659	70992	29350
5660	71006	29338
5661	71019	29326
5662	71032	29313
5663	71044	29300
5664	71057	29288
5665	71069	29275
5666	71083	29263
5667	71097	29251
5668	71110	29239
5669	71122	29226
5670	71135	29214
5671	71149	29202
5672	71159	29188
5673	71172	29176
5674	71185	29164
5675	71199	29152
5676	71211	29139
5677	71223	29126
5678	71236	29114
5679	71249	29101
5680	71262	29089
5681	71275	29077
5682	71289	29065
5683	71302	29052
5684	71315	29040
5685	71327	29027
5686	71339	29015
5687	71353	29003
5688	71365	28990
5689	71379	28978
5690	71391	28965
5691	71404	28953
5692	71417	28940
5693	71430	28928
5694	71443	28916
5695	71456	28903
5696	71469	28891
5697	71481	28878
5698	71495	28866
5699	71509	28854
5700	71521	28842
5701	71534	28829
5702	71548	28817
5703	71560	28804
5704	71572	28792
5705	71586	28780
5706	71599	28767
5707	71612	28755
5708	71625	28742
5709	71637	28730
5710	71651	28718
5711	71663	28705
5712	71676	28693
5713	71689	28680
5714	71703	28668
5715	71716	28656
5716	71729	28643
5717	71741	28631
5718	71753	28618
5719	71766	28606
5720	71779	28593
5721	71792	28581
5722	71805	28569
5723	71817	28556
5724	71832	28544
5725	71846	28532
5726	71859	28520
5727	71874	28508
5728	71890	28497
5729	71902	28485
5730	71915	28472
5731	71928	28460
5732	71942	28448
5733	71954	28435
5734	71966	28422
5735	71979	28410
5736	71993	28398
5737	72006	28385
5738	72018	28373
5739	72031	28360
5740	72044	28348
5741	72057	28336
5742	72070	28323
5743	72083	28311
5744	72096	28299
5745	72109	28286
5746	72121	28273
5747	72134	28261
5748	72148	28249
5749	72160	28236
5750	72173	28224
5751	72186	28211
5752	72200	28199
5753	72212	28187
5754	72224	28174
5755	72237	28162
5756	72250	28149
5757	72263	28137
5758	72276	28124
5759	72290	28113
5760	72303	28100
5761	72315	28087
5762	72328	28075
5763	72341	28063
5764	72354	28050
5765	72366	28038
5766	72379	28025
5767	72392	28013
5768	72405	28000
5769	72417	27988
5770	72431	27976
5771	72445	27964
5772	72457	27951
5773	72470	27938
5774	72483	27926
5775	72497	27914
5776	72510	27902
5777	72522	27889
5778	72535	27876
5779	72548	27864
5780	72561	27852
5781	72573	27839
5782	72586	27827
5783	72599	27814
5784	72611	27802
5785	72624	27789
5786	72636	27776
5787	72649	27764
5788	72662	27751
5789	72675	27739
5790	72687	27727
5791	72699	27714
5792	72712	27701
5793	72726	27689
5794	72738	27676
5795	72750	27664
5796	72764	27652
5797	72777	27639
5798	72791	27627
5799	72803	27615
5800	72815	27602
5801	72828	27589
5802	72842	27577
5803	72853	27565
5804	72866	27552
5805	72880	27540
5806	72892	27527
5807	72905	27515
5808	72917	27502
5809	72932	27490
5810	72945	27478
5811	72957	27465
5812	72969	27453
5813	72984	27441
5814	72999	27429
5815	73011	27416
5816	73023	27404
5817	73036	27391
5818	73049	27379
5819	73062	27367
5820	73075	27354
5821	73089	27342
5822	73102	27330
5823	73114	27317
5824	73127	27305
5825	73141	27292
5826	73152	27280
5827	73166	27268
5828	73178	27255
5829	73191	27242
5830	73203	27230
5831	73216	27217
5832	73229	27205
5833	73242	27192
5834	73255	27180
5835	73267	27167
5836	73281	27155
5837	73294	27143
5838	73307	27131
5839	73320	27118
5840	73332	27105
5841	73346	27093
5842	73358	27080
5843	73372	27068
5844	73385	27056
5845	73398	27044
5846	73410	27031
5847	73423	27018
5848	73436	27006
5849	73448	26994
5850	73462	26981
5851	73475	26969
5852	73488	26957
5853	73502	26945
5854	73514	26932
5855	73527	26919
5856	73538	26906
5857	73549	26893
5858	73562	26881
5859	73576	26869
5860	73589	26856
5861	73602	26844
5862	73614	26831
5863	73627	26819
5864	73640	26806
5865	73652	26794
5866	73666	26782
5867	73678	26769
5868	73690	26756
5869	73703	26744
5870	73715	26731
5871	73728	26719
5872	73741	26706
5873	73754	26694
5874	73766	26681
5875	73774	26667
5876	73787	26654
5877	73799	26642
5878	73811	26629
5879	73824	26617
5880	73837	26604
5881	73847	26591
5882	73860	26578
5883	73874	26566
5884	73886	26554
5885	73899	26541
5886	73911	26528
5887	73925	26516
5888	73938	26504
5889	73950	26491
5890	73963	26479
5891	73977	26466
5892	73991	26455
5893	74004	26442
5894	74016	26430
5895	74029	26417
5896	74041	26404
5897	74054	26392
5898	74066	26379
5899	74080	26367
5900	74093	26355
5901	74105	26342
5902	74118	26330
5903	74131	26317
5904	74144	26305
5905	74156	26292
5906	74169	26280
5907	74182	26267
5908	74194	26255
5909	74206	26242
5910	74220	26230
5911	74234	26218
5912	74246	26205
5913	74259	26192
5914	74272	26180
5915	74286	26168
5916	74299	26156
5917	74311	26143
5918	74323	26130
5919	74337	26118
5920	74349	26105
5921	74362	26093
5922	74375	26081
5923	74388	26068
5924	74400	26056
5925	74414	26043
5926	74427	26031
5927	74440	26019
5928	74452	26006
5929	74465	25993
5930	74479	25981
5931	74492	25969
5932	74504	25956
5933	74518	25944
5934	74530	25931
5935	74540	25918
5936	74553	25906
5937	74566	25893
5938	74580	25881
5939	74592	25868
5940	74604	25856
5941	74617	25843
5942	74630	25831
5943	74643	25818
5944	74656	25806
5945	74670	25794
5946	74683	25781
5947	74696	25769
5948	74708	25756
5949	74720	25744
5950	74734	25732
5951	74746	25719
5952	74759	25706
5953	74773	25694
5954	74786	25682
5955	74800	25670
5956	74813	25657
5957	74825	25645
5958	74838	25632
5959	74851	25620
5960	74865	25608
5961	74879	25596
5962	74892	25583
5963	74903	25570
5964	74917	25558
5965	74930	25546
5966	74943	25533
5967	74957	25521
5968	74969	25509
5969	74983	25496
5970	74997	25484
5971	75010	25472
5972	75023	25459
5973	75035	25447
5974	75048	25434
5975	75060	25422
5976	75074	25409
5977	75086	25397
5978	75099	25384
5979	75111	25372
5980	75124	25359
5981	75137	25347
5982	75149	25334
5983	75163	25322
5984	75177	25310
5985	75190	25297
5986	75201	25285
5987	75215	25272
5988	75229	25260
5989	75241	25247
5990	75253	25235
5991	75266	25222
5992	75280	25210
5993	75293	25198
5994	75305	25185
5995	75318	25173
5996	75331	25160
5997	75343	25148
5998	75356	25135
5999	75370	25123
6000	75382	25110
6001	75395	25098
6002	75408	25085
6003	75421	25073
6004	75434	25061
6005	75446	25048
6006	75460	25036
6007	75473	25023
6008	75487	25011
6009	75499	24999
6010	75510	24986
6011	75523	24973
6012	75535	24960
6013	75549	24948
6014	75562	24936
6015	75576	24924
6016	75589	24911
6017	75600	24898
6018	75613	24886
6019	75627	24874
6020	75639	24861
6021	75651	24848
6022	75665	24836
6023	75678	24824
6024	75691	24811
6025	75703	24799
6026	75716	24786
6027	75730	24774
6028	75741	24761
6029	75754	24749
6030	75768	24736
6031	75780	24724
6032	75793	24711
6033	75805	24699
6034	75818	24686
6035	75830	24673
6036	75843	24661
6037	75855	24648
6038	75869	24636
6039	75882	24624
6040	75895	24611
6041	75908	24599
6042	75922	24587
6043	75934	24574
6044	75947	24562
6045	75960	24549
6046	75974	24537
6047	75988	24525
6048	76000	24512
6049	76013	24500
6050	76027	24488
6051	76039	24475
6052	76052	24462
6053	76066	24450
6054	76079	24438
6055	76092	24425
6056	76104	24413
6057	76117	24400
6058	76130	24388
6059	76143	24376
6060	76157	24363
6061	76170	24351
6062	76181	24338
6063	76193	24325
6064	76206	24313
6065	76219	24300
6066	76231	24288
6067	76244	24275
6068	76257	24263
6069	76270	24250
6070	76283	24238
6071	76296	24225
6072	76309	24213
6073	76321	24200
6074	76334	24188
6075	76346	24175
6076	76360	24163
6077	76373	24151
6078	76386	24138
6079	76398	24125
6080	76412	24113
6081	76425	24101
6082	76437	24088
6083	76451	24076
6084	76464	24063
6085	76478	24051
6086	76490	24039
6087	76503	24026
6088	76516	24014
6089	76528	24001
6090	76541	23989
6091	76554	23976
6092	76568	23964
6093	76581	23952
6094	76593	23939
6095	76606	23926
6096	76619	23914
6097	76631	23901
6098	76644	23889
6099	76657	23877
6100	76670	23864
6101	76683	23852
6102	76695	23839
6103	76708	23826
6104	76716	23812
6105	76728	23800
6106	76741	23787
6107	76754	23775
6108	76766	23762
6109	76779	23749
6110	76792	23737
6111	76806	23725
6112	76819	23713
6113	76831	23700
6114	76844	23687
6115	76857	23675
6116	76870	23663
6117	76883	23650
6118	76896	23638
6119	76909	23625
6120	76923	23613
6121	76935	23600
6122	76949	23588
6123	76960	23575
6124	76974	23563
6125	76987	23551
6126	77000	23538
6127	77013	23526
6128	77026	23513
6129	77040	23501
6130	77053	23489
6131	77067	23477
6132	77080	23464
6133	77092	23451
6134	77105	23439
6135	77118	23427
6136	77130	23414
6137	77143	23401
6138	77157	23389
6139	77169	23377
6140	77182	23364
6141	77194	23352
6142	77207	23339
6143	77220	23327
6144	77232	23314
6145	77246	23302
6146	77259	23289
6147	77271	23277
6148	77284	23264
6149	77298	23252
6150	77311	23239
6151	77323	23227
6152	77336	23214
6153	77349	23202
6154	77363	23190
6155	77376	23177
6156	77388	23164
6157	77402	23152
6158	77415	23140
6159	77428	23127
6160	77441	23115
6161	77455	23103
6162	77469	23091
6163	77482	23078
6164	77495	23066
6165	77508	23053
6166	77520	23041
6167	77533	23028
6168	77545	23015
6169	77558	23003
6170	77571	22991
6171	77583	22978
6172	77596	22965
6173	77609	22953
6174	77621	22940
6175	77634	22928
6176	77648	22916
6177	77661	22903
6178	77674	22891
6179	77686	22878
6180	77699	22866
6181	77713	22853
6182	77725	22841
6183	77739	22828
6184	77752	22816
6185	77765	22804
6186	77777	22791
6187	77790	22779
6188	77804	22766
6189	77817	22754
6190	77830	22741
6191	77842	22729
6192	77856	22717
6193	77869	22704
6194	77881	22691
6195	77894	22679
6196	77908	22667
6197	77921	22654
6198	77934	22642
6199	77947	22630
6200	77962	22617
6201	77975	22605
6202	77987	22592
6203	78000	22580
6204	78013	22568
6205	78025	22555
6206	78038	22542
6207	78051	22530
6208	78063	22517
6209	78076	22505
6210	78090	22492
6211	78102	22480
6212	78115	22467
6213	78127	22455
6214	78140	22442
6215	78154	22430
6216	78166	22417
6217	78179	22405
6218	78191	22392
6219	78205	22380
6220	78218	22367
6221	78230	22355
6222	78243	22342
6223	78257	22330
6224	78269	22317
6225	78281	22305
6226	78294	22292
6227	78308	22280
6228	78319	22267
6229	78332	22254
6230	78345	22242
6231	78359	22230
6232	78371	22217
6233	78384	22205
6234	78397	22192
6235	78410	22180
6236	78422	22167
6237	78435	22155
6238	78449	22142
6239	78463	22130
6240	78476	22118
6241	78489	22105
6242	78502	22093
6243	78515	22080
6244	78528	22068
6245	78540	22055
6246	78551	22042
6247	78563	22029
6248	78576	22017
6249	78589	22005
6250	78602	21992
6251	78614	21979
6252	78628	21967
6253	78641	21955
6254	78652	21942
6255	78664	21929
6256	78677	21917
6257	78690	21904
6258	78703	21892
6259	78716	21879
6260	78728	21867
6261	78742	21854
6262	78755	21842
6263	78769	21830
6264	78781	21817
6265	78794	21804
6266	78807	21792
6267	78820	21779
6268	78833	21767
6269	78847	21755
6270	78860	21742
6271	78873	21730
6272	78885	21717
6273	78898	21705
6274	78911	21692
6275	78924	21680
6276	78936	21667
6277	78950	21655
6278	78964	21643
6279	78977	21630
6280	78989	21618
6281	79002	21605
6282	79015	21593
6283	79022	21578
6284	79035	21566
6285	79048	21554
6286	79060	21541
6287	79065	21526
6288	79077	21514
6289	79091	21501
6290	79105	21489
6291	79117	21476
6292	79129	21464
6293	79144	21452
6294	79157	21439
6295	79170	21427
6296	79182	21414
6297	79195	21402
6298	79209	21389
6299	79222	21377
6300	79236	21365
6301	79249	21352
6302	79263	21340
6303	79274	21327
6304	79288	21315
6305	79301	21303
6306	79313	21290
6307	79326	21277
6308	79340	21265
6309	79352	21253
6310	79365	21240
6311	79378	21227
6312	79392	21215
6313	79405	21203
6314	79417	21190
6315	79430	21178
6316	79443	21165
6317	79457	21153
6318	79470	21140
6319	79483	21128
6320	79495	21115
6321	79508	21103
6322	79520	21090
6323	79534	21078
6324	79547	21065
6325	79561	21053
6326	79573	21041
6327	79587	21028
6328	79600	21016
6329	79612	21003
6330	79625	20991
6331	79638	20978
6332	79652	20966
6333	79665	20953
6334	79674	20940
6335	79687	20928
6336	79700	20915
6337	79713	20903
6338	79725	20890
6339	79740	20878
6340	79752	20865
6341	79759	20851
6342	79771	20839
6343	79784	20826
6344	79797	20814
6345	79810	20801
6346	79823	20789
6347	79836	20776
6348	79849	20764
6349	79862	20751
6350	79875	20739
6351	79889	20726
6352	79892	20711
6353	79904	20699
6354	79917	20686
6355	79923	20672
6356	79937	20660
6357	79951	20647
6358	79964	20635
6359	79976	20622
6360	79989	20610
6361	80003	20598
6362	80015	20585
6363	80029	20573
6364	80043	20561
6365	80047	20546
6366	80060	20533
6367	80072	20521
6368	80085	20508
6369	80099	20496
6370	80111	20483
6371	80124	20471
6372	80137	20458
6373	80150	20446
6374	80163	20433
6375	80176	20421
6376	80188	20408
6377	80201	20396
6378	80213	20383
6379	80226	20371
6380	80240	20358
6381	80253	20346
6382	80265	20333
6383	80278	20321
6384	80291	20308
6385	80303	20296
6386	80316	20283
6387	80329	20270
6388	80342	20258
6389	80354	20245
6390	80367	20233
6391	80381	20221
6392	80394	20208
6393	80406	20195
6394	80419	20183
6395	80433	20171
6396	80446	20158
6397	80460	20146
6398	80472	20133
6399	80485	20121
6400	80498	20108
6401	80510	20096
6402	80523	20083
6403	80537	20071
6404	80549	20058
6405	80554	20044
6406	80566	20031
6407	80578	20018
6408	80591	20006
6409	80598	19992
6410	80603	19977
6411	80615	19965
6412	80628	19952
6413	80642	19940
6414	80654	19927
6415	80667	19915
6416	80681	19903
6417	80694	19890
6418	80706	19877
6419	80718	19865
6420	80732	19853
6421	80745	19840
6422	80758	19828
6423	80761	19813
6424	80774	19800
6425	80786	19788
6426	80799	19775
6427	80812	19763
6428	80826	19750
6429	80839	19738
6430	80852	19725
6431	80864	19713
6432	80879	19701
6433	80892	19688
6434	80904	19676
6435	80917	19663
6436	80930	19651
6437	80945	19639
6438	80958	19626
6439	80970	19614
6440	80983	19601
6441	80997	19589
6442	81009	19576
6443	81022	19564
6444	81035	19551
6445	81048	19539
6446	81060	19526
6447	81065	19512
6448	81078	19499
6449	81091	19487
6450	81103	19474
6451	81116	19461
6452	81130	19449
6453	81142	19436
6454	81148	19422
6455	81161	19410
6456	81175	19398
6457	81188	19385
6458	81200	19372
6459	81213	19360
6460	81226	19348
6461	81240	19335
6462	81253	19323
6463	81265	19310
6464	81278	19298
6465	81292	19285
6466	81304	19273
6467	81317	19260
6468	81330	19248
6469	81343	19235
6470	81356	19223
6471	81369	19210
6472	81384	19198
6473	81397	19186
6474	81411	19174
6475	81424	19161
6476	81438	19149
6477	81452	19137
6478	81464	19124
6479	81477	19112
6480	81491	19099
6481	81504	19087
6482	81517	19074
6483	81531	19062
6484	81543	19049
6485	81555	19037
6486	81569	19024
6487	81581	19012
6488	81594	18999
6489	81607	18987
6490	81620	18974
6491	81634	18962
6492	81646	18949
6493	81659	18937
6494	81673	18925
6495	81685	18912
6496	81697	18899
6497	81710	18887
6498	81723	18874
6499	81737	18862
6500	81750	18849
6501	81762	18837
6502	81775	18824
6503	81788	18812
6504	81801	18799
6505	81814	18787
6506	81828	18775
6507	81840	18762
6508	81853	18749
6509	81859	18735
6510	81873	18723
6511	81887	18711
6512	81898	18698
6513	81911	18686
6514	81925	18673
6515	81939	18661
6516	81953	18649
6517	81965	18636
6518	81978	18623
6519	81990	18611
6520	82003	18598
6521	82007	18584
6522	82021	18572
6523	82034	18559
6524	82047	18547
6525	82059	18534
6526	82072	18521
6527	82085	18509
6528	82098	18496
6529	82112	18484
6530	82124	18471
6531	82137	18459
6532	82149	18446
6533	82162	18434
6534	82175	18421
6535	82180	18407
6536	82192	18394
6537	82204	18382
6538	82217	18369
6539	82231	18357
6540	82243	18344
6541	82255	18332
6542	82269	18319
6543	82281	18307
6544	82292	18294
6545	82304	18281
6546	82318	18269
6547	82332	18256
6548	82345	18244
6549	82357	18231
6550	82370	18219
6551	82384	18207
6552	82396	18194
6553	82409	18181
6554	82422	18169
6555	82436	18157
6556	82450	18144
6557	82462	18132
6558	82475	18119
6559	82488	18107
6560	82498	18094
6561	82510	18081
6562	82524	18069
6563	82536	18056
6564	82549	18043
6565	82561	18031
6566	82574	18018
6567	82588	18006
6568	82599	17993
6569	82613	17981
6570	82626	17968
6571	82638	17956
6572	82651	17943
6573	82654	17929
6574	82666	17916
6575	82678	17903
6576	82691	17891
6577	82704	17878
6578	82716	17866
6579	82730	17853
6580	82743	17841
6581	82755	17828
6582	82768	17815
6583	82782	17803
6584	82794	17791
6585	82806	17778
6586	82820	17766
6587	82832	17753
6588	82845	17740
6589	82857	17728
6590	82872	17716
6591	82885	17703
6592	82898	17691
6593	82911	17678
6594	82924	17666
6595	82937	17653
6596	82950	17641
6597	82963	17628
6598	82976	17616
6599	82988	17603
6600	83001	17591
6601	83014	17578
6602	83028	17566
6603	83040	17553
6604	83052	17541
6605	83065	17528
6606	83079	17516
6607	83091	17503
6608	83104	17491
6609	83117	17478
6610	83130	17466
6611	83143	17453
6612	83155	17440
6613	83170	17428
6614	83183	17416
6615	83195	17403
6616	83202	17389
6617	83215	17377
6618	83228	17364
6619	83241	17352
6620	83253	17339
6621	83266	17327
6622	83279	17314
6623	83292	17302
6624	83304	17289
6625	83318	17277
6626	83331	17264
6627	83344	17252
6628	83356	17239
6629	83370	17227
6630	83383	17214
6631	83396	17202
6632	83409	17190
6633	83423	17177
6634	83436	17165
6635	83449	17152
6636	83463	17140
6637	83475	17127
6638	83487	17115
6639	83500	17102
6640	83513	17090
6641	83527	17077
6642	83540	17065
6643	83552	17052
6644	83565	17039
6645	83578	17027
6646	83590	17014
6647	83604	17002
6648	83618	16990
6649	83630	16977
6650	83642	16964
6651	83655	16952
6652	83667	16939
6653	83675	16926
6654	83687	16913
6655	83700	16901
6656	83714	16888
6657	83727	16876
6658	83739	16863
6659	83752	16851
6660	83765	16838
6661	83778	16826
6662	83791	16813
6663	83803	16800
6664	83817	16788
6665	83830	16776
6666	83843	16763
6667	83855	16751
6668	83869	16738
6669	83882	16726
6670	83894	16713
6671	83907	16700
6672	83920	16688
6673	83934	16676
6674	83946	16663
6675	83960	16651
6676	83974	16638
6677	83986	16626
6678	83999	16613
6679	84012	16601
6680	84025	16588
6681	84038	16576
6682	84050	16563
6683	84063	16551
6684	84076	16538
6685	84088	16525
6686	84101	16513
6687	84115	16501
6688	84127	16488
6689	84140	16475
6690	84152	16463
6691	84165	16450
6692	84178	16438
6693	84190	16425
6694	84203	16413
6695	84216	16400
6696	84229	16388
6697	84242	16375
6698	84254	16362
6699	84267	16350
6700	84279	16337
6701	84292	16325
6702	84305	16312
6703	84319	16300
6704	84329	16287
6705	84341	16274
6706	84354	16262
6707	84367	16249
6708	84380	16237
6709	84393	16224
6710	84406	16212
6711	84419	16199
6712	84433	16187
6713	84445	16174
6714	84459	16162
6715	84472	16149
6716	84484	16137
6717	84498	16124
6718	84512	16112
6719	84524	16099
6720	84537	16087
6721	84549	16074
6722	84562	16062
6723	84576	16049
6724	84588	16037
6725	84601	16024
6726	84615	16012
6727	84627	15999
6728	84639	15987
6729	84652	15974
6730	84665	15962
6731	84678	15949
6732	84691	15936
6733	84703	15924
6734	84707	15910
6735	84720	15897
6736	84732	15885
6737	84745	15872
6738	84752	15858
6739	84764	15846
6740	84777	15833
6741	84789	15821
6742	84802	15808
6743	84815	15796
6744	84828	15783
6745	84840	15770
6746	84843	15756
6747	84857	15744
6748	84871	15731
6749	84883	15719
6750	84897	15706
6751	84911	15694
6752	84925	15682
6753	84938	15669
6754	84951	15657
6755	84965	15644
6756	84977	15632
6757	84980	15617
6758	84993	15605
6759	85006	15592
6760	85020	15580
6761	85033	15568
6762	85045	15555
6763	85058	15542
6764	85065	15529
6765	85078	15516
6766	85091	15504
6767	85104	15491
6768	85117	15479
6769	85130	15466
6770	85140	15453
6771	85152	15441
6772	85165	15428
6773	85178	15416
6774	85181	15401
6775	85194	15389
6776	85198	15375
6777	85211	15362
6778	85223	15349
6779	85236	15337
6780	85249	15325
6781	85253	15310
6782	85265	15298
6783	85277	15285
6784	85284	15271
6785	85296	15259
6786	85310	15247
6787	85322	15234
6788	85335	15221
6789	85339	15207
6790	85352	15195
6791	85357	15181
6792	85370	15168
6793	85383	15156
6794	85396	15143
6795	85409	15131
6796	85424	15119
6797	85436	15106
6798	85449	15094
6799	85462	15081
6800	85475	15069
6801	85488	15056
6802	85495	15043
6803	85508	15030
6804	85521	15018
6805	85534	15005
6806	85546	14992
6807	85558	14980
6808	85571	14967
6809	85583	14955
6810	85596	14942
6811	85601	14928
6812	85614	14916
6813	85627	14903
6814	85633	14890
6815	85646	14877
6816	85658	14864
6817	85672	14852
6818	85684	14839
6819	85697	14827
6820	85711	14815
6821	85724	14802
6822	85736	14789
6823	85749	14777
6824	85762	14764
6825	85774	14752
6826	85786	14739
6827	85799	14727
6828	85813	14714
6829	85825	14702
6830	85837	14689
6831	85850	14677
6832	85864	14664
6833	85876	14651
6834	85880	14637
6835	85893	14625
6836	85907	14613
6837	85920	14600
6838	85933	14588
6839	85945	14575
6840	85959	14563
6841	85971	14550
6842	85984	14538
6843	85997	14525
6844	86010	14513
6845	86023	14500
6846	86035	14487
6847	86048	14475
6848	86060	14462
6849	86072	14450
6850	86085	14437
6851	86098	14425
6852	86112	14412
6853	86125	14400
6854	86137	14387
6855	86149	14375
6856	86163	14362
6857	86173	14349
6858	86186	14337
6859	86199	14324
6860	86211	14312
6861	86224	14299
6862	86236	14286
6863	86250	14274
6864	86263	14262
6865	86275	14249
6866	86289	14236
6867	86303	14224
6868	86315	14212
6869	86328	14199
6870	86341	14187
6871	86355	14174
6872	86368	14162
6873	86381	14149
6874	86394	14137
6875	86408	14124
6876	86421	14112
6877	86433	14099
6878	86446	14087
6879	86460	14074
6880	86472	14062
6881	86485	14049
6882	86498	14037
6883	86510	14024
6884	86523	14012
6885	86535	13999
6886	86548	13987
6887	86561	13974
6888	86574	13961
6889	86586	13949
6890	86600	13936
6891	86613	13924
6892	86626	13911
6893	86638	13899
6894	86651	13886
6895	86664	13874
6896	86676	13861
6897	86690	13849
6898	86704	13837
6899	86717	13824
6900	86729	13811
6901	86742	13799
6902	86756	13787
6903	86768	13774
6904	86781	13761
6905	86794	13749
6906	86808	13737
6907	86821	13724
6908	86833	13711
6909	86847	13699
6910	86861	13687
6911	86873	13674
6912	86886	13661
6913	86899	13649
6914	86913	13637
6915	86925	13624
6916	86938	13612
6917	86951	13599
6918	86965	13587
6919	86978	13574
6920	86990	13562
6921	87003	13549
6922	87015	13536
6923	87027	13524
6924	87041	13511
6925	87054	13499
6926	87065	13486
6927	87078	13474
6928	87092	13461
6929	87105	13449
6930	87118	13436
6931	87130	13424
6932	87143	13411
6933	87157	13399
6934	87169	13386
6935	87182	13374
6936	87196	13361
6937	87208	13349
6938	87221	13336
6939	87233	13323
6940	87245	13311
6941	87259	13298
6942	87271	13286
6943	87283	13273
6944	87297	13261
6945	87309	13248
6946	87322	13236
6947	87335	13223
6948	87348	13211
6949	87360	13198
6950	87373	13185
6951	87386	13173
6952	87400	13160
6953	87413	13148
6954	87425	13135
6955	87438	13123
6956	87451	13110
6957	87464	13098
6958	87477	13085
6959	87487	13072
6960	87500	13060
6961	87513	13047
6962	87525	13035
6963	87539	13022
6964	87552	13010
6965	87564	12997
6966	87577	12985
6967	87590	12972
6968	87604	12960
6969	87617	12947
6970	87629	12935
6971	87642	12922
6972	87656	12910
6973	87668	12897
6974	87681	12885
6975	87694	12872
6976	87707	12860
6977	87720	12847
6978	87733	12835
6979	87746	12822
6980	87759	12809
6981	87771	12797
6982	87784	12784
6983	87797	12772
6984	87809	12759
6985	87822	12747
6986	87835	12734
6987	87847	12722
6988	87860	12709
6989	87873	12696
6990	87886	12684
6991	87900	12672
6992	87913	12659
6993	87925	12646
6994	87938	12634
6995	87951	12622
6996	87963	12609
6997	87977	12596
6998	87989	12584
6999	88001	12571
7000	88014	12559
7001	88027	12546
7002	88040	12534
7003	88054	12521
7004	88066	12509
7005	88078	12496
7006	88092	12484
7007	88105	12471
7008	88118	12459
7009	88130	12446
7010	88143	12433
7011	88156	12421
7012	88169	12408
7013	88182	12396
7014	88186	12382
7015	88199	12370
7016	88212	12357
7017	88224	12344
7018	88236	12332
7019	88250	12319
7020	88262	12307
7021	88275	12294
7022	88288	12282
7023	88301	12269
7024	88313	12257
7025	88326	12244
7026	88341	12232
7027	88355	12219
7028	88369	12207
7029	88382	12195
7030	88397	12182
7031	88411	12170
7032	88423	12157
7033	88436	12145
7034	88450	12132
7035	88462	12120
7036	88475	12107
7037	88489	12095
7038	88501	12082
7039	88514	12070
7040	88526	12057
7041	88538	12044
7042	88552	12032
7043	88564	12019
7044	88576	12007
7045	88590	11994
7046	88603	11982
7047	88616	11969
7048	88628	11957
7049	88641	11944
7050	88655	11932
7051	88668	11919
7052	88681	11907
7053	88694	11894
7054	88707	11882
7055	88719	11869
7056	88732	11856
7057	88745	11844
7058	88757	11831
7059	88770	11819
7060	88783	11806
7061	88796	11794
7062	88808	11781
7063	88820	11769
7064	88834	11756
7065	88847	11744
7066	88859	11731
7067	88872	11718
7068	88886	11706
7069	88899	11694
7070	88912	11681
7071	88924	11668
7072	88938	11656
7073	88951	11643
7074	88964	11631
7075	88977	11618
7076	88990	11606
7077	89003	11593
7078	89015	11581
7079	89027	11568
7080	89041	11556
7081	89054	11543
7082	89066	11531
7083	89079	11518
7084	89092	11505
7085	89105	11493
7086	89117	11480
7087	89130	11468
7088	89143	11455
7089	89155	11443
7090	89168	11430
7091	89181	11418
7092	89194	11405
7093	89207	11393
7094	89219	11380
7095	89232	11367
7096	89245	11355
7097	89257	11342
7098	89270	11330
7099	89283	11317
7100	89296	11305
7101	89308	11292
7102	89321	11279
7103	89335	11267
7104	89348	11254
7105	89360	11242
7106	89372	11229
7107	89387	11217
7108	89401	11205
7109	89413	11192
7110	89426	11179
7111	89439	11167
7112	89451	11154
7113	89464	11142
7114	89477	11129
7115	89491	11117
7116	89504	11104
7117	89516	11092
7118	89529	11079
7119	89542	11067
7120	89554	11054
7121	89567	11041
7122	89581	11029
7123	89594	11016
7124	89608	11004
7125	89619	10991
7126	89632	10979
7127	89645	10966
7128	89658	10954
7129	89671	10941
7130	89684	10929
7131	89697	10916
7132	89710	10904
7133	89722	10891
7134	89735	10878
7135	89748	10866
7136	89761	10853
7137	89774	10841
7138	89787	10828
7139	89800	10816
7140	89812	10803
7141	89825	10791
7142	89839	10778
7143	89852	10766
7144	89865	10753
7145	89878	10741
7146	89893	10728
7147	89907	10716
7148	89918	10703
7149	89931	10691
7150	89945	10678
7151	89958	10666
7152	89971	10653
7153	89985	10641
7154	89997	10628
7155	90009	10616
7156	90023	10603
7157	90036	10591
7158	90049	10578
7159	90062	10565
7160	90075	10553
7161	90088	10540
7162	90101	10528
7163	90113	10515
7164	90127	10503
7165	90140	10490
7166	90152	10478
7167	90165	10465
7168	90179	10453
7169	90191	10440
7170	90204	10428
7171	90216	10415
7172	90230	10402
7173	90243	10390
7174	90256	10377
7175	90269	10365
7176	90283	10353
7177	90296	10340
7178	90308	10327
7179	90321	10315
7180	90336	10302
7181	90348	10290
7182	90361	10277
7183	90374	10265
7184	90388	10252
7185	90402	10240
7186	90414	10227
7187	90427	10215
7188	90440	10202
7189	90453	10190
7190	90465	10177
7191	90479	10165
7192	90491	10152
7193	90504	10139
7194	90517	10127
7195	90529	10114
7196	90542	10102
7197	90554	10089
7198	90568	10077
7199	90581	10064
7200	90593	10051
7201	90606	10039
7202	90620	10027
7203	90633	10014
7204	90645	10001
7205	90658	9989
7206	90671	9976
7207	90676	9963
7208	90689	9950
7209	90702	9938
7210	90714	9925
7211	90727	9913
7212	90730	9899
7213	90744	9887
7214	90756	9874
7215	90770	9862
7216	90784	9849
7217	90797	9836
7218	90808	9824
7219	90821	9811
7220	90836	9799
7221	90847	9786
7222	90860	9774
7223	90874	9761
7224	90888	9749
7225	90901	9736
7226	90913	9724
7227	90927	9711
7228	90939	9699
7229	90952	9686
7230	90965	9673
7231	90978	9661
7232	90991	9648
7233	91004	9636
7234	91017	9623
7235	91030	9611
7236	91042	9598
7237	91055	9586
7238	91068	9573
7239	91080	9560
7240	91093	9548
7241	91105	9535
7242	91118	9523
7243	91131	9510
7244	91140	9497
7245	91154	9485
7246	91166	9472
7247	91180	9460
7248	91193	9447
7249	91205	9435
7250	91218	9422
7251	91232	9410
7252	91244	9397
7253	91255	9384
7254	91269	9372
7255	91282	9359
7256	91295	9347
7257	91307	9334
7258	91321	9322
7259	91334	9309
7260	91346	9296
7261	91359	9284
7262	91373	9271
7263	91387	9259
7264	91400	9246
7265	91412	9234
7266	91425	9221
7267	91437	9209
7268	91450	9196
7269	91460	9183
7270	91473	9171
7271	91486	9158
7272	91498	9146
7273	91511	9133
7274	91524	9121
7275	91537	9108
7276	91550	9095
7277	91563	9083
7278	91576	9070
7279	91589	9058
7280	91601	9045
7281	91615	9033
7282	91628	9020
7283	91640	9008
7284	91653	8995
7285	91667	8983
7286	91680	8970
7287	91692	8957
7288	91704	8945
7289	91717	8932
7290	91730	8920
7291	91743	8907
7292	91755	8894
7293	91768	8882
7294	91781	8869
7295	91794	8857
7296	91807	8844
7297	91820	8832
7298	91833	8819
7299	91845	8807
7300	91858	8794
7301	91871	8782
7302	91885	8769
7303	91898	8757
7304	91912	8744
7305	91924	8731
7306	91937	8719
7307	91950	8706
7308	91963	8694
7309	91977	8681
7310	91989	8669
7311	92001	8656
7312	92014	8644
7313	92027	8631
7314	92039	8618
7315	92052	8606
7316	92065	8593
7317	92078	8581
7318	92091	8568
7319	92103	8556
7320	92116	8543
7321	92130	8531
7322	92142	8518
7323	92155	8505
7324	92169	8493
7325	92182	8480
7326	92195	8468
7327	92207	8455
7328	92220	8443
7329	92232	8430
7330	92245	8417
7331	92258	8405
7332	92272	8392
7333	92285	8380
7334	92297	8367
7335	92310	8355
7336	92324	8342
7337	92336	8330
7338	92349	8317
7339	92362	8305
7340	92376	8292
7341	92389	8280
7342	92401	8267
7343	92415	8254
7344	92428	8242
7345	92432	8229
7346	92445	8216
7347	92458	8203
7348	92472	8191
7349	92484	8178
7350	92496	8166
7351	92509	8153
7352	92522	8141
7353	92535	8128
7354	92548	8116
7355	92561	8103
7356	92575	8091
7357	92588	8078
7358	92600	8065
7359	92613	8053
7360	92627	8040
7361	92639	8028
7362	92652	8015
7363	92665	8003
7364	92678	7990
7365	92691	7978
7366	92704	7965
7367	92717	7952
7368	92729	7940
7369	92742	7927
7370	92754	7915
7371	92768	7902
7372	92780	7890
7373	92792	7877
7374	92805	7864
7375	92819	7852
7376	92826	7839
7377	92838	7826
7378	92851	7814
7379	92863	7801
7380	92877	7789
7381	92887	7776
7382	92897	7763
7383	92910	7750
7384	92923	7738
7385	92935	7725
7386	92948	7713
7387	92961	7700
7388	92975	7688
7389	92988	7675
7390	93000	7663
7391	93013	7650
7392	93026	7637
7393	93039	7625
7394	93052	7612
7395	93065	7600
7396	93077	7587
7397	93090	7575
7398	93103	7562
7399	93115	7549
7400	93128	7537
7401	93141	7524
7402	93154	7512
7403	93168	7499
7404	93179	7487
7405	93192	7474
7406	93205	7461
7407	93218	7449
7408	93230	7436
7409	93243	7424
7410	93256	7411
7411	93270	7399
7412	93282	7386
7413	93294	7373
7414	93308	7361
7415	93322	7349
7416	93334	7336
7417	93348	7323
7418	93360	7311
7419	93374	7298
7420	93387	7286
7421	93401	7273
7422	93411	7261
7423	93425	7248
7424	93437	7235
7425	93449	7223
7426	93463	7210
7427	93473	7198
7428	93486	7185
7429	93499	7172
7430	93511	7160
7431	93525	7147
7432	93538	7135
7433	93551	7122
7434	93565	7110
7435	93578	7097
7436	93590	7085
7437	93603	7072
7438	93616	7059
7439	93628	7047
7440	93641	7034
7441	93653	7022
7442	93666	7009
7443	93678	6996
7444	93691	6984
7445	93704	6971
7446	93717	6959
7447	93729	6946
7448	93742	6934
7449	93755	6921
7450	93768	6908
7451	93781	6896
7452	93793	6883
7453	93807	6871
7454	93821	6858
7455	93833	6846
7456	93846	6833
7457	93859	6821
7458	93874	6808
7459	93887	6796
7460	93899	6783
7461	93913	6771
7462	93925	6758
7463	93938	6745
7464	93951	6733
7465	93964	6720
7466	93977	6708
7467	93989	6695
7468	94003	6683
7469	94016	6670
7470	94028	6657
7471	94041	6645
7472	94054	6632
7473	94067	6620
7474	94080	6607
7475	94092	6595
7476	94105	6582
7477	94119	6569
7478	94131	6557
7479	94144	6544
7480	94157	6532
7481	94169	6519
7482	94182	6507
7483	94196	6494
7484	94208	6481
7485	94221	6469
7486	94234	6456
7487	94247	6444
7488	94260	6431
7489	94272	6419
7490	94284	6406
7491	94297	6393
7492	94310	6381
7493	94324	6368
7494	94337	6356
7495	94350	6343
7496	94364	6331
7497	94377	6318
7498	94389	6306
7499	94402	6293
7500	94416	6280
7501	94428	6268
7502	94441	6255
7503	94454	6243
7504	94467	6230
7505	94480	6218
7506	94492	6205
7507	94504	6192
7508	94517	6180
7509	94529	6167
7510	94541	6155
7511	94555	6142
7512	94568	6130
7513	94580	6117
7514	94592	6104
7515	94605	6092
7516	94619	6079
7517	94631	6067
7518	94645	6054
7519	94658	6042
7520	94671	6029
7521	94682	6016
7522	94696	6004
7523	94702	5991
7524	94715	5978
7525	94728	5966
7526	94740	5953
7527	94754	5941
7528	94766	5928
7529	94779	5915
7530	94791	5903
7531	94804	5890
7532	94816	5878
7533	94829	5865
7534	94842	5852
7535	94856	5840
7536	94869	5827
7537	94881	5815
7538	94894	5802
7539	94908	5790
7540	94921	5777
7541	94933	5765
7542	94946	5752
7543	94958	5739
7544	94970	5727
7545	94983	5714
7546	94996	5702
7547	95000	5688
7548	95013	5676
7549	95026	5663
7550	95039	5651
7551	95054	5638
7552	95066	5626
7553	95078	5613
7554	95091	5601
7555	95103	5588
7556	95117	5575
7557	95129	5563
7558	95142	5550
7559	95155	5538
7560	95168	5525
7561	95180	5512
7562	95187	5500
7563	95201	5487
7564	95207	5474
7565	95219	5461
7566	95232	5449
7567	95245	5436
7568	95259	5424
7569	95273	5411
7570	95287	5399
7571	95302	5386
7572	95309	5373
7573	95324	5361
7574	95338	5349
7575	95351	5336
7576	95368	5324
7577	95381	5311
7578	95394	5299
7579	95408	5286
7580	95422	5273
7581	95436	5261
7582	95449	5248
7583	95463	5236
7584	95477	5223
7585	95491	5211
7586	95505	5198
7587	95518	5186
7588	95532	5173
7589	95546	5161
7590	95561	5148
7591	95574	5136
7592	95588	5123
7593	95601	5111
7594	95615	5098
7595	95629	5086
7596	95639	5073
7597	95653	5060
7598	95666	5048
7599	95680	5035
7600	95694	5023
7601	95708	5010
7602	95721	4998
7603	95735	4985
7604	95749	4973
7605	95754	4960
7606	95768	4947
7607	95781	4935
7608	95795	4922
7609	95809	4910
7610	95823	4897
7611	95836	4884
7612	95855	4872
7613	95871	4860
7614	95882	4847
7615	95886	4834
7616	95900	4822
7617	95915	4809
7618	95924	4796
7619	95938	4784
7620	95952	4771
7621	95966	4759
7622	95981	4746
7623	95995	4734
7624	96009	4721
7625	96023	4709
7626	96036	4696
7627	96050	4684
7628	96064	4671
7629	96075	4658
7630	96091	4646
7631	96106	4634
7632	96119	4621
7633	96133	4608
7634	96147	4596
7635	96160	4583
7636	96173	4571
7637	96187	4558
7638	96201	4546
7639	96214	4533
7640	96229	4521
7641	96242	4508
7642	96256	4496
7643	96269	4483
7644	96283	4470
7645	96298	4458
7646	96312	4445
7647	96325	4433
7648	96339	4420
7649	96354	4408
7650	96368	4395
7651	96381	4383
7652	96394	4370
7653	96408	4358
7654	96421	4345
7655	96435	4333
7656	96449	4320
7657	96462	4307
7658	96476	4295
7659	96490	4282
7660	96503	4270
7661	96516	4257
7662	96531	4245
7663	96545	4232
7664	96558	4220
7665	96571	4207
7666	96585	4194
7667	96599	4182
7668	96612	4169
7669	96626	4157
7670	96640	4144
7671	96653	4132
7672	96667	4119
7673	96681	4107
7674	96694	4094
7675	96708	4082
7676	96721	4069
7677	96733	4056
7678	96747	4044
7679	96761	4031
7680	96777	4019
7681	96792	4006
7682	96810	3994
7683	96826	3981
7684	96842	3969
7685	96859	3957
7686	96874	3944
7687	96892	3932
7688	96906	3919
7689	96921	3907
7690	96936	3894
7691	96950	3882
7692	96963	3869
7693	96976	3856
7694	96992	3844
7695	97007	3831
7696	97022	3819
7697	97038	3806
7698	97053	3794
7699	97068	3781
7700	97083	3769
7701	97099	3756
7702	97115	3744
7703	97130	3731
7704	97144	3719
7705	97158	3706
7706	97163	3693
7707	97177	3681
7708	97191	3668
7709	97205	3656
7710	97220	3643
7711	97234	3631
7712	97249	3618
7713	97262	3606
7714	97276	3593
7715	97290	3580
7716	97303	3568
7717	97318	3555
7718	97331	3543
7719	97346	3530
7720	97360	3518
7721	97366	3505
7722	97379	3492
7723	97392	3480
7724	97405	3467
7725	97420	3454
7726	97436	3442
7727	97449	3429
7728	97462	3417
7729	97475	3404
7730	97488	3392
7731	97501	3379
7732	97513	3366
7733	97526	3354
7734	97541	3341
7735	97554	3329
7736	97568	3316
7737	97586	3304
7738	97601	3291
7739	97614	3279
7740	97627	3266
7741	97643	3253
7742	97657	3241
7743	97669	3228
7744	97686	3216
7745	97701	3203
7746	97713	3191
7747	97727	3178
7748	97740	3165
7749	97756	3153
7750	97768	3140
7751	97782	3128
7752	97794	3115
7753	97806	3102
7754	97820	3090
7755	97834	3077
7756	97849	3065
7757	97862	3052
7758	97876	3040
7759	97889	3027
7760	97902	3014
7761	97916	3002
7762	97933	2989
7763	97945	2977
7764	97958	2964
7765	97971	2952
7766	97983	2939
7767	97997	2926
7768	98010	2914
7769	98023	2901
7770	98036	2889
7771	98049	2876
7772	98062	2863
7773	98074	2851
7774	98089	2838
7775	98099	2825
7776	98114	2813
7777	98130	2800
7778	98143	2788
7779	98157	2775
7780	98170	2763
7781	98184	2750
7782	98199	2737
7783	98212	2725
7784	98225	2712
7785	98239	2700
7786	98252	2687
7787	98265	2674
7788	98279	2662
7789	98292	2649
7790	98306	2637
7791	98318	2624
7792	98332	2611
7793	98347	2599
7794	98359	2586
7795	98373	2574
7796	98387	2561
7797	98400	2548
7798	98414	2536
7799	98428	2523
7800	98441	2511
7801	98454	2498
7802	98468	2485
7803	98481	2473
7804	98495	2460
7805	98508	2448
7806	98520	2435
7807	98534	2422
7808	98547	2410
7809	98561	2397
7810	98576	2385
7811	98591	2372
7812	98607	2360
7813	98621	2347
7814	98636	2334
7815	98649	2322
7816	98662	2309
7817	98676	2297
7818	98690	2284
7819	98703	2271
7820	98717	2259
7821	98732	2246
7822	98745	2234
7823	98758	2221
7824	98774	2209
7825	98789	2196
7826	98804	2183
7827	98818	2171
7828	98832	2158
7829	98847	2146
7830	98860	2133
7831	98875	2120
7832	98891	2108
7833	98905	2095
7834	98919	2083
7835	98934	2070
7836	98948	2058
7837	98962	2045
7838	98975	2032
7839	98989	2020
7840	99004	2007
7841	99018	1995
7842	99032	1982
7843	99047	1969
7844	99061	1957
7845	99076	1944
7846	99092	1932
7847	99106	1919
7848	99120	1906
7849	99135	1894
7850	99149	1881
7851	99165	1869
7852	99181	1856
7853	99196	1843
7854	99212	1831
7855	99227	1818
7856	99244	1806
7857	99260	1793
7858	99266	1780
7859	99285	1768
7860	99304	1755
7861	99322	1743
7862	99341	1730
7863	99354	1718
7864	99373	1705
7865	99390	1693
7866	99404	1680
7867	99420	1667
7868	99436	1655
7869	99449	1642
7870	99465	1630
7871	99480	1617
7872	99493	1604
7873	99508	1592
7874	99521	1579
7875	99537	1567
7876	99552	1554
7877	99568	1541
7878	99584	1529
7879	99599	1516
7880	99613	1504
7881	99632	1491
7882	99647	1478
7883	99663	1466
7884	99677	1453
7885	99688	1441
7886	99702	1428
7887	99718	1415
7888	99732	1403
7889	99746	1390
7890	99760	1378
7891	99774	1365
7892	99787	1352
7893	99801	1340
7894	99816	1327
7895	99831	1314
7896	99845	1302
7897	99858	1289
7898	99873	1277
7899	99889	1264
7900	99903	1251
7901	99917	1239
7902	99930	1226
7903	99943	1213
7904	99957	1201
7905	99971	1188
7906	99986	1176
7907	100000	1163
7908	100014	1150
7909	100029	1138
7910	100045	1125
7911	100064	1112
7912	100081	1100
7913	100096	1087
7914	100110	1075
7915	100124	1062
7916	100138	1049
7917	100151	1037
7918	100165	1024
7919	100179	1011
7920	100192	999
7921	100205	986
7922	100219	973
7923	100232	961
7924	100245	948
7925	100259	936
7926	100270	923
7927	100284	910
7928	100297	898
7929	100310	885
7930	100324	872
7931	100338	860
7932	100351	847
7933	100365	834
7934	100379	822
7935	100391	809
7936	100406	796
7937	100420	784
7938	100433	771
7939	100446	759
7940	100460	746
7941	100475	733
7942	100488	721
7943	100502	708
7944	100516	695
7945	100529	683
7946	100542	670
7947	100555	657
7948	100570	645
7949	100584	632
7950	100598	619
7951	100612	607
7952	100625	594
7953	100639	582
7954	100653	569
7955	100666	556
7956	100681	544
7957	100695	531
7958	100709	518
7959	100722	506
7960	100736	493
7961	100750	480
7962	100764	468
7963	100778	455
7964	100792	442
7965	100806	430
7966	100820	417
7967	100834	404
7968	100847	392
7969	100861	379
7970	100875	367
7971	100888	354
7972	100903	341
7973	100916	329
7974	100930	316
7975	100943	303
7976	100957	291
7977	100971	278
7978	100984	265
7979	100997	253
7980	101011	240
7981	101024	227
7982	101038	215
7983	101052	202
7984	101066	189
7985	101080	177
7986	101093	164
7987	101107	151
7988	101122	139
7989	101135	126
7990	101148	113
7991	101162	101
7992	101173	88
7993	101187	75
7994	101202	63
7995	101217	50
7996	101232	37
7997	101246	25
7998	101261	12
7999	101276	0
