user_session,session_value
0,5.2289630243326295
13,2.5874023594968425
22,3.5788877963986185
24,2.816634067169464
25,3.3505911731782776
26,3.3077210377707322
33,3.065988557436252
45,3.0940476356225504
51,3.0418996139466326
56,3.0064277919609705
61,3.0944300346542764
82,3.1997976714201664
83,3.876878190039177
103,2.416727439609889
104,3.078123265193077
108,3.1160208833475527
114,2.396040088570172
115,3.455938789060372
117,2.98537225526551
121,3.405060048858458
122,3.041728178491807
125,3.6061709850250585
132,2.720485735793122
142,4.0057327308747785
148,3.5554672580162805
150,3.054703431035035
151,3.876736054397949
152,3.7898616015358177
164,3.163727967394711
188,2.8815814670734587
193,4.310559228327227
195,3.2193642525201684
196,3.163727967394711
199,2.4716161694006233
204,2.3949118679367642
226,2.7625923023325707
234,2.7396029369901926
237,2.9418342278040415
241,2.6699909608712034
270,3.695118732451225
271,2.736672989873022
280,4.332258635342797
281,3.545603065668045
282,2.736084118503447
293,3.045034532134391
303,4.192247397621552
305,2.9935159115753844
306,2.9332480372363565
313,2.908378660394363
327,3.272912279026844
328,3.3934276052958885
329,2.782343652500582
334,2.668184457959375
337,5.140901141683545
340,2.5428286072560224
344,3.5495425097305353
347,3.2959370093862974
350,3.051446119714045
353,3.321678352275459
371,3.1299849738678938
374,3.6699707202368064
375,3.274061548884443
390,4.02926454858777
399,5.028144691342075
404,3.1883957692504854
405,2.674941669731115
407,3.2383659858392835
408,2.6918114830474824
409,2.83755769980208
413,2.8195009456325932
423,3.2117993564749443
433,3.2009068489386876
437,3.0898551657262443
438,3.158569919528784
449,3.134958282515846
466,2.415769774551538
468,4.638823161537331
469,3.47045728487963
470,4.10207493023067
473,2.720485735793122
477,3.5431381645857556
482,3.241951653813449
488,3.15701714851606
489,3.3001434646242642
492,3.6517249426671166
498,2.8704203307805662
514,3.4822194343252977
516,4.010506189204056
517,4.56910279552671
520,2.9916413004323776
521,3.2871939267701724
524,2.790145447517262
537,3.196246789433306
550,3.685073804990388
551,3.4281901865031164
553,2.848878681001756
556,4.576573214499639
557,4.439448021547364
571,3.0941575921767566
580,3.107805839662102
586,3.7230590972752546
598,3.0657861080709528
600,3.202018430768764
604,3.0489442027121365
609,3.0407476551233157
610,2.6836443363420486
615,2.9549755073907256
619,2.906155518951784
620,2.91674174271487
621,3.5707591625818673
623,3.4280834129003117
629,3.0462249592469006
630,4.985804206085202
633,3.312222064939103
634,5.621778483913877
643,2.927477774306536
653,3.5520251388116524
657,3.0277020890202064
661,3.5641474616545374
675,3.0461748534208937
681,3.0777836782363766
697,2.7641814572250074
705,3.1645427925541063
706,2.351443274018969
707,3.3235757790063873
710,4.278200789538055
711,3.228621153853227
713,2.842758998828608
717,4.642978526458549
719,3.3936452395048726
726,3.4008199831250256
728,3.1531713997513986
730,2.6470439357368933
742,3.0474697538285875
746,3.881971171212085
749,3.316940152018339
750,3.135431694007303
754,3.2884966157855104
768,4.001964706491437
785,4.2907588325900505
805,3.076036138409328
823,3.7766622947952317
835,3.5529864292284947
840,3.6485095739948656
841,3.595700393775891
843,2.663650815847377
854,3.0552118183338792
856,3.3598879644701394
869,2.711323731689767
889,2.8989015605456463
895,3.1865910995755433
911,2.794363162618378
915,3.513680571145121
928,2.727694141623432
931,2.92769676002936
939,3.0755301502215104
941,5.02899429436879
943,3.0734838828277917
963,3.7337045023371163
970,3.127653122376123
988,2.7164686199363435
991,2.7544427251346315
1000,3.503225944312491
1008,3.0260131500556904
1017,2.7684075910519574
1019,4.314469291644499
1025,2.7737187385696442
1028,3.975167541782735
1029,2.7716302330346396
1031,4.113939958113362
1032,4.534128143263729
1036,2.775344860090731
1042,4.643393590575132
1047,4.083830119086651
1049,3.125375435804645
1053,3.0284180097068996
1072,3.6829242067328933
1074,2.381685788241075
1077,4.743604589722079
1079,3.4670652636837085
1107,3.2180610990004697
1119,5.320138229614291
1128,3.9324958384317714
1146,2.8604160838678236
1154,4.4637054741139215
1155,3.6674933420383824
1164,5.083371141712641
1169,4.997273857200872
1170,3.2379791608122765
1185,4.369974993859868
1188,3.4603570204974603
1198,4.823884778535712
1203,3.587460886247805
1206,5.0854401634980135
1214,3.5655606305891308
1217,2.9451255993627536
1218,5.2671608586331695
1222,3.6218405238276192
1237,3.055166412936774
1250,3.2680047281387536
1252,3.159525133688505
1254,3.1717055679486976
1258,2.8528336874910813
1263,3.056323090916985
1267,3.054703431035035
1270,3.2618867846054873
1288,2.8882717315767352
1311,5.428771023451444
1322,3.5612347889828007
1327,2.736681992806641
1331,3.615370212488571
1341,3.152828650246249
1344,3.127653122376123
1346,3.146282915253401
1362,4.817063071236539
1363,3.720931683258959
1370,3.490712975507899
1374,3.2884908822424643
1382,2.9846645915859553
1385,4.558905848444949
1388,3.6652241919674196
1398,3.1063468051753436
1401,2.9537163328714175
1412,2.855245921680096
1414,2.721648749139032
1417,4.36529355466706
1419,2.827340472045778
1421,3.2930610616928884
1422,2.705916594665408
1428,3.5554672580162805
1438,2.93610148083678
1444,2.7797748271948004
1450,4.532439715180919
1458,3.2193642525201684
1464,3.0128339441702785
1465,3.206227102710569
1481,2.6622398378646435
1488,2.928996517913817
1494,2.8614164344698683
1510,3.1267411583812517
1518,3.1227132717314565
1525,4.571135769285844
1528,3.065031033949516
1532,2.7684075910519574
1534,3.622801339788333
1554,4.675586928459376
1556,2.876545278512193
1579,3.668917235479105
1581,3.4729497721522975
1595,3.1854758321259156
1605,2.6526218045844363
1608,3.278880420286886
1612,4.591175680233041
1614,3.048164095173538
1623,4.568061677397504
1627,2.927477774306536
1628,2.7859114477343003
1640,3.2042806074455883
1649,3.549033424435009
1651,3.1717055679486976
1654,3.0457203531030284
1678,3.176739933358755
1690,4.1698647922236995
1695,3.525794338980071
1709,3.0805287685253733
1710,4.278038852900438
1715,2.744373252005826
1717,2.6866072864531843
1718,3.3827326043988952
1735,3.8995926617830534
1739,3.622801339788333
1742,4.625639771904418
1747,3.846463663610921
1749,3.093877202533769
1750,4.263488390714936
1753,5.431793621004058
1757,2.9892385720338246
1760,3.042006122740103
1768,3.563250859243983
1771,2.982817165216273
1772,3.540525683779175
1773,2.920054315529491
1774,3.3652963717470215
1776,3.4964168873433743
1785,3.4508295939480877
1802,3.002811483804444
1806,3.163727967394711
1810,3.0562633392305023
1828,2.4595177343865915
1838,3.5902301281978124
1839,3.125375435804645
1841,3.0562918697740526
1847,5.565447675549544
1850,2.6485442274565645
1863,2.434463167386848
1866,3.0937374751527082
1872,3.114978786543831
1879,2.7480743564872236
1881,4.552159423631453
1883,3.125375435804645
1891,3.5454934500125592
1892,2.8148956226315454
1899,2.933475913000184
1900,2.777284277615289
1902,3.0362903773792556
1906,3.0277646386233847
1908,4.33389905441034
1909,5.0314990560024855
1917,3.6584534922673275
1919,3.1428371051519157
1921,2.9639259649251564
1925,3.054618812757405
1933,4.745921029242989
1934,2.84873120061911
1947,2.6592712177283633
1972,3.8254763619540126
1973,3.0778159895251704
1974,3.051679867055799
1979,4.303582315514632
1981,5.195326769770323
1987,3.314922370265939
1990,3.065545386648634
1991,3.092743918528451
1992,3.082387817702093
2000,3.12152455086667
2001,4.295027470984717
2003,3.0698079890217014
2004,2.7697048130810518
2010,3.62586927005904
2014,3.4179070817005703
2019,2.906155518951784
2031,3.6309697402252024
2042,3.3029037864729944
2066,3.05252599173202
2070,3.899503142934346
2072,3.3216550416427815
2074,3.3763890593917694
2075,3.1852495461028187
2081,3.1008488850634266
2095,3.528253219428345
2099,3.08484341865125
2102,2.8068711846513557
2105,2.948628784958434
2110,2.796963575227696
2115,3.0825050357587727
2117,3.4421470244962857
2121,3.739499666454624
2124,3.361444661018037
2127,3.160544592556245
2129,2.5851151754133825
2131,3.262943297219034
2132,4.364162951042319
2139,3.675321394169319
2143,3.0791475035549336
2148,3.0082686620600705
2151,4.594009430185877
2156,2.4393623982644907
2185,3.5157927961869047
2186,3.8274553024804012
2192,3.7251019700142307
2205,4.48805006043043
2210,4.615980766175499
2237,2.768599657508887
2248,2.827959845982971
2257,3.790390079542105
2259,3.1751455273423788
2261,2.6728804223474487
2266,3.104482720241015
2269,3.6490219226960523
2278,3.2558883328863266
2280,3.473833405111303
2281,2.8343966306595507
2282,2.9934388179133267
2290,3.893827562217124
2304,2.791408490140213
2314,3.236366581120223
2316,3.2069227955494997
2328,2.960187407207493
2337,2.667347510438536
2342,3.053619354389258
2361,3.2764783775349366
2369,3.56356803441954
2381,3.3233447009405523
2382,2.650021529485766
2385,3.00587006499159
2392,2.796162848148497
2397,3.072194315729106
2424,3.0686573126442984
2426,3.530250190155827
2427,4.441188931934518
2432,3.6259504260835507
2436,3.0975132417817557
2440,4.487541550971505
2443,2.931718598195719
2444,3.0561417548312946
2445,2.7897762101392636
2457,5.458627580809514
2458,3.1238580393806945
2468,2.5611744032536286
2471,3.978119035636442
2478,3.3678425741735865
2480,2.9404174609749507
2488,3.4282815672511537
2489,2.6756262777986923
2490,2.8842549739522356
2492,3.164678773539151
2498,3.6772220366537067
2500,5.657294862505453
2505,3.174566971585886
2508,3.2657842036886975
2512,3.225192806549911
2513,3.533596372348736
2522,2.8487193869974883
2527,4.58789139268915
2530,2.9772717292172497
2546,2.9844503474006907
2548,3.057774802372948
2549,3.1124341316333473
2553,3.5309270960684187
2560,3.1689955937028387
2561,3.1063468051753436
2569,3.348987526793999
2594,3.387698705641188
2595,2.351862503270323
2602,3.0940075056219642
2606,4.427681323672496
2611,5.662393842171051
2618,2.651779077854174
2627,3.550314385058208
2630,4.200798042687432
2631,3.2214560204913125
2635,3.0562918697740526
2642,4.9187995739659325
2644,3.062304343831941
2649,3.177606788208701
2663,3.2309163639724536
2665,3.10968553182638
2667,4.495636727226383
2677,3.260287358361021
2685,3.2804310009724795
2693,3.0116583263446945
2702,2.710434433183076
2703,3.1971195553304614
2713,3.6801514563631605
2724,3.7979222588766306
2727,2.656594454997714
2728,3.7368331564441135
2731,3.12720527436118
2740,2.7036155458068927
2746,4.561930904238448
2751,2.8285010411867306
2755,5.472995533135193
2759,2.7773530103711854
2762,2.7244973497349134
2779,3.9077211549078505
2789,4.57516973206055
2794,3.1063468051753436
2798,3.066478083134683
2800,3.114948159768647
2802,2.9844503474006907
2805,3.525741718280561
2807,3.0461748534208937
2816,3.3620891700692264
2825,2.9602408581802853
2827,2.8327991922188493
2828,5.0152922121516
2830,4.6400599292144875
2836,3.175276381396278
2840,3.443155482976561
2849,2.78043743478727
2850,2.8127511586113867
2859,5.03719368070124
2871,3.657241480555273
2905,4.1520420617609
2909,3.642812358874505
2912,3.246236366861238
2916,3.0551818241254285
2920,3.2784650347960533
2933,2.9404174609749507
2938,3.1285448754115572
2955,3.117850370282707
2968,3.7163199668582823
2969,4.599440377098169
2975,2.984635611751076
2976,2.9878021323965016
2986,2.968418996205834
2992,5.032452062781972
2995,4.378755847863596
2998,4.443035284639031
3005,3.0716612564001866
3006,2.954795902769174
3009,2.825506896647136
3024,2.9759581732712546
3031,3.084300299773842
3032,3.134958282515846
3034,4.5043910497118285
3041,3.720608052062189
3047,3.0880967835611806
3050,4.097735844374777
3051,3.2810936061195752
3057,3.888773165338503
3058,4.358148885876407
3068,2.856636142699966
3076,3.054155420444166
3078,3.093457939802194
3088,3.575817725705516
3096,2.775069703633795
3097,2.768599657508887
3098,4.402427708976335
3108,4.6122690581361
3122,2.6224836815444688
3137,3.400988651025767
3144,4.551752138229078
3153,2.7739177277914324
3154,4.626006177773183
3187,3.2880218544429067
3188,2.555949754304763
3191,2.74338800222198
3200,4.615980766175499
3208,2.680260298299862
3215,3.086283518052627
3219,3.0832849284807775
3220,2.84724038840024
3222,3.1316171217531568
3225,3.4422500395477806
3226,3.5978589672457875
3229,3.1761041238664847
3230,2.780795630473939
3233,3.298800091974134
3235,2.9855204981666708
3242,3.0288196598721218
3246,3.1199730156795082
3248,3.308460134410829
3252,3.785126600796182
3267,2.6877764175444705
3270,2.487866483016908
3271,3.131720909259536
3275,4.545524245324249
3276,3.4813795859239596
3279,3.189601349034893
3286,2.6743279900405894
3293,4.842118968083362
3296,3.138551227493519
3301,3.336146101214348
3308,3.362842701741565
3310,3.1274392875213457
3311,2.768641094299125
3320,3.053713485263659
3324,2.5408072628192357
3329,3.0147524275599564
3364,3.2883138637240554
3371,4.80762622837552
3395,3.2425734811507114
3399,3.0618929235405425
3400,5.181591318575638
3404,2.6845039693543673
3417,3.7628103821231775
3426,4.023111291599465
3434,3.4540049850553007
3438,4.59103092448195
3447,3.4679099683750465
3450,3.4839590360140367
3454,4.631697653534184
3458,2.245671354360707
3460,3.4009627955332125
3475,2.4996394098757553
3479,3.5444952677389807
3482,3.485088599738767
3485,3.2967920664196986
3498,3.455072168597378
3506,3.0461748534208937
3510,3.378254103038807
3512,3.0828895436913917
3515,3.449333968850103
3519,3.796096608352559
3523,2.702974236707333
3526,2.648951951025486
3527,3.1638408380931686
3529,3.7332292568202674
3532,3.0288196598721218
3546,3.4358626944112345
3558,3.52551669224536
3573,3.1396078437694017
3578,3.9443973427056505
3582,3.155202032151519
3583,2.605527579383985
3584,3.3052468210096864
3589,3.0524457102888904
3592,2.8055166922141903
3594,3.3709236232904467
3599,3.0188668846206737
3602,3.0277646386233847
3605,4.566612708926757
3609,3.1004515954410348
3617,3.3113108983293578
3624,3.086283518052627
3633,4.9426328705290015
3636,2.406445247478784
3639,3.6506319729455754
3643,3.127956866817876
3653,2.985271966873586
3664,3.5768388175662733
3666,3.4166468441944144
3670,3.1375535912706045
3682,2.4410424192422555
3698,4.6894017456345445
3709,4.645806437698461
3711,4.705097631045348
3724,3.1299849738678938
3740,3.8345504574454887
3742,2.8265725199694574
3751,2.588852930526219
3754,2.5904281047919033
3765,2.892300323423985
3767,3.6463375774845073
3780,2.9708710319617233
3781,2.8819727935064288
3784,3.1756533167183982
3800,4.393682001882797
3812,2.9801652413740896
3821,3.284498676429753
3826,3.0343185976420886
3833,3.438187490098655
3837,3.6225864488461026
3842,3.1532137518222654
3847,2.649826602254702
3850,3.057774802372948
3877,3.575282889165681
3882,3.402566788938037
3883,3.4901817003394227
3886,4.063026655842373
3887,3.015929033397959
3898,2.991099148318236
3899,3.0552450430429756
3904,3.2533448348346146
3905,2.9919696306630112
3913,2.987213687800037
3919,2.3642181195660057
3936,3.095510703496961
3944,5.130455865391344
3956,2.9918305890488828
3957,3.5623536096536608
3958,2.8697432546489097
3967,2.8334655872939956
3969,2.8285010411867306
3978,2.27325140231695
3981,3.132918322939584
3984,3.644922903681386
3985,3.035396768367932
4006,2.442656188308823
4026,3.0539054169268933
4028,2.8698349363030573
4032,3.1587476568035817
4050,2.4212130620933396
4053,3.028968851449505
4058,2.848878681001756
4062,3.1794493483597837
4074,4.56295280058009
4075,5.849874144600718
4079,2.736458535683314
4093,2.72787774801551
4102,2.730992812047074
4105,4.619044690829397
4114,4.830833990671628
4118,3.2215206004914823
4133,4.6173849536789735
4143,3.938229546182016
4151,2.690703738996346
4160,3.0411521409879696
4164,3.083497960291733
4167,3.0159295706642184
4168,4.318922760320899
4169,3.0489459825197707
4186,3.557423030772146
4187,3.5532402509187833
4189,2.6911682237795924
4195,2.8631764638384625
4198,2.7041927049479026
4201,2.63864226151862
4206,3.7322911985742295
4213,3.6395838649666055
4225,3.468036418121842
4227,5.073739116124273
4236,3.650615144651589
4245,4.59207471009776
4262,4.408712682054766
4263,3.669892523266875
4267,2.492997447038423
4269,3.0277646386233847
4273,4.1991896068803385
4283,2.8637420517100347
4298,3.4749957336981487
4302,3.3524767098485064
4308,3.057774802372948
4309,2.5045228070175036
4312,4.738577563158707
4322,3.094427650357706
4323,3.0780091482036283
4326,2.5529502679901594
4339,2.7670530002142986
4340,4.283331058351989
4347,2.9150367664758376
4353,3.3801074385906955
4361,4.629702537834483
4367,4.570805901452863
4369,3.6785877838427288
4376,3.043667048517545
4377,3.1703563936290604
4380,3.090478272134373
4381,2.510079701675843
4382,3.3910827190558903
4384,3.1078528625451978
4385,3.18488293618942
4398,3.8025644263347824
4399,2.985524583014533
4403,2.7893182424977163
4409,3.651257172289378
4415,3.0960853675991813
4416,3.1196877032717154
4444,3.663884778959289
4452,4.745590576138525
4453,4.091419771931114
4456,3.626328430831769
4477,2.792427210914689
4483,3.1436571465610044
4488,3.0590619866860718
4493,3.4485299789568367
4494,3.007854101945117
4510,3.422037097145191
4516,3.3840613831814674
4521,4.91117050332446
4527,2.9892848403129273
4536,2.735266652940686
4557,5.398593051107064
4562,3.183973380163589
4580,3.055123424022314
4585,2.6580748794677787
4592,4.576564554093526
4600,3.5607548693944673
4608,2.9928810031378745
4611,4.103200826571113
4614,3.1510560826636858
4624,3.1182185980310035
4627,3.2794076567765265
4629,3.085059444877147
4635,2.8098363221801548
4637,4.336842393230323
4670,3.911190252244465
4681,3.2877140668528244
4682,4.613603975898023
4710,3.014988033540857
4713,3.806067345687924
4726,3.4626337075685383
4738,2.7983288324030395
4739,2.7352418649600017
4741,3.0402892231700847
4742,4.503699420705553
4762,3.126889015001042
4765,5.541251151917535
4771,3.4778066163011965
4773,2.766404315138748
4782,2.6786784449254393
4786,2.9754134089952005
4800,3.308986426763237
4801,2.7711258017964098
4817,2.8157576111995235
4824,5.103554351118253
4830,3.829136045430677
4833,2.9541363121979862
4835,3.059323215390046
4840,3.0176487299692747
4843,3.594672115961843
4848,2.7430354946405004
4849,3.903459787584777
4851,3.035784498858891
4857,3.103735488841095
4873,3.603192697908173
4875,2.919555533721601
4881,4.59160724744002
4884,3.163727967394711
4887,3.0359686755851576
4889,3.787897513373078
4897,3.0940075056219642
4906,2.687967486103757
4908,3.0874884224905506
4915,4.583279199450066
4922,2.451359790965867
4923,3.265155107241288
4930,5.410363233973639
4937,3.097014196820027
4949,3.041622604262643
4953,4.417194928411911
4956,5.0248778753141625
4974,3.4104792156697252
4976,3.72721203186741
4981,4.510774446120966
4992,3.2207823609673416
4999,2.8592102132622736
5006,3.073058376523048
5022,5.118048143105705
5048,3.060952214120006
5055,3.389350742922305
5071,2.656744298583793
5074,2.6602588719377613
5077,2.820127174913531
5082,3.5064612900752605
5087,3.1087770965513606
5094,3.120440093839481
5098,4.728505823528552
5133,3.178394775555115
5135,3.1405510326104973
5144,4.550998647979419
5155,3.0639988556460906
5159,2.607557227841238
5161,3.157948352725124
5166,3.7122536588021124
5175,2.441147047683425
5191,3.129829869865041
5196,3.2153054584716125
5209,2.867268906108886
5215,3.9971091186205268
5229,2.9467828379513676
5232,3.2309598107225996
5238,4.844072116919427
5240,3.063614106557383
5242,3.6386687067264183
5248,3.6858902593971368
5253,4.608019448029165
5254,2.7684075910519574
5255,3.1051803447892636
5272,3.4354258040173478
5285,4.533419855377014
5292,2.976774434776215
5296,2.5074619947538177
5302,4.151617424568174
5306,2.3475927408907085
5311,4.562226201930715
5322,2.6044805686764065
5352,3.1761041238664847
5355,3.7961656749681842
5365,3.395426400071662
5367,3.0711754364286654
5369,3.4370794332911108
5375,3.010525209529397
5382,3.0369247957703824
5390,4.342123127109515
5398,3.613035223303517
5399,4.923777353936642
5402,2.8662114280947555
5413,2.827615054276511
5415,3.0941575921767566
5416,3.1351877776293855
5429,2.731812769741062
5431,2.495294214459082
5440,3.27817646048014
5441,2.8858996706756668
5448,5.099365782174205
5459,2.7305786781455472
5462,3.1063468051753436
5464,3.555024213077357
5478,3.146282915253401
5491,3.0940075056219642
5494,3.1406806705193278
5499,3.065667510586357
5504,3.4541788636903212
5507,3.1786366192786626
5508,3.6517249426671166
5513,3.0531069333601857
5526,2.9771023114349178
5533,2.6498120713733995
5544,2.911062115822912
5545,2.668184457959375
5550,3.023351071736112
5562,4.9550910546026135
5577,2.675793875466765
5586,2.96660621304724
5589,3.439483609161897
5595,3.0162896764848317
5596,2.6648347367355263
5598,3.0457203531030284
5599,3.459678786784957
5603,2.7277443480289665
5624,3.241975473222855
5625,2.95424290019201
5634,3.0094559707914152
5635,3.335912977986539
5637,5.295321998397718
5645,3.2562449720130404
5650,4.788302397814979
5658,3.2399695245033056
5660,5.431268928509351
5663,4.518005043801626
5671,3.815415517291953
5673,2.7566753641250163
5674,4.576674313829779
5685,3.713669635654922
5687,2.991416518363461
5700,3.2928729740753133
5704,2.841281105794218
5706,3.1683378911258027
5712,3.0217090437985092
5717,3.088527324351916
5736,2.8755486074259147
5743,2.9844503474006907
5755,3.1124341316333473
5760,3.262825682467715
5763,2.6505108866310407
5770,2.5554435783560225
5780,2.5020166874080503
5785,3.243614168000834
5790,4.169868628228804
5792,3.0461748534208937
5793,3.639692080269738
5797,2.915299982396453
5798,2.8238670892031896
5826,4.2319481396836585
5832,2.6784248990977675
5834,3.2207823609673416
5837,3.160172045718915
5842,3.692497107157262
5843,2.8624223749754174
5852,2.71343401696243
5853,4.583112213816319
5863,3.24729430702644
5867,2.745652808703058
5872,2.8025003158738695
5877,3.2618986591659302
5881,3.649999687539428
5888,4.593123973239473
5891,3.022838045777908
5907,3.6867386514375475
5915,2.948251278438458
5923,3.6243288395388626
5924,3.836316062023722
5936,3.192553678722489
5947,3.002811483804444
5951,3.8131913611612744
5954,4.227898890150772
5974,4.491512053978322
5981,3.537925173121323
5983,2.8948176302305506
5988,2.9351461415746805
5990,3.1063468051753436
6022,3.557749470480343
6026,2.595699750719499
6029,2.9272181906157817
6037,2.8263794545758785
6039,3.344042943030346
6040,2.74671950640694
6041,3.4280980782971464
6051,3.483969442022808
6055,2.5496510030848145
6059,2.9146823671181723
6063,3.052758958425473
6065,2.78043743478727
6066,3.568344803808314
6069,3.262373363016728
6073,2.9385696330431625
6085,2.823414488946363
6087,3.2131208643082636
6091,2.683657902226718
6094,2.3819543474058387
6095,3.002692123200208
6100,3.73204606064928
6101,4.560229078927681
6104,2.9801464350626317
6117,2.9984167724943167
6122,2.6426619324805296
6123,3.5914275848169055
6128,3.536633295870513
6129,2.3593504291610774
6132,2.7520017020326373
6135,2.9426660695024314
6143,2.9687617087178433
6152,2.9844503474006907
6163,3.8412867780974445
6177,4.603884842401742
6179,3.0094559707914152
6187,4.683753870245879
6191,2.245939404447289
6195,3.1299849738678938
6199,2.860215189977839
6210,3.2143940108199973
6213,3.2094440290396826
6214,3.583895643882217
6224,3.5526010836156097
6227,3.0457914019107353
6241,3.6904616591201016
6243,2.9172816772351244
6247,3.520042916832698
6248,3.391590732481281
6256,4.651402442330619
6276,2.9644886911634827
6277,2.93462468725999
6278,5.769071959233636
6282,3.497455622740574
6283,3.2730293986920587
6293,3.2236893571625282
6301,3.568353149997577
6302,3.742787851644825
6303,3.6149009564086727
6310,3.583800796326218
6311,3.814486687956401
6313,2.6001001046119785
6316,4.619514977337091
6318,2.967208249929406
6328,2.6058114484788004
6333,2.727589733836169
6339,3.6599556166767258
6340,3.038072649041672
6350,2.9309118171058235
6357,2.794363162618378
6361,5.790154138458005
6364,2.717449212483608
6365,3.8236688928509954
6390,3.099444198214097
6401,2.7538068802531988
6404,3.4378363159742653
6405,2.8490149122846233
6406,2.802898764135592
6407,3.615195795841969
6419,3.287740230875213
6420,3.5436653594251224
6421,2.725072179318082
6423,2.427768829779276
6426,3.524576789969296
6432,2.913294664520709
6441,3.005826707379979
6445,3.0551818241254285
6450,5.081485884501884
6453,3.1569800854424246
6458,4.0970781308621405
6461,3.7949899866248433
6464,2.9946960581062445
6469,2.613113065908447
6477,2.550350434059916
6480,5.456740622130808
6481,3.374699513925037
6493,3.5110939944419735
6494,2.74338800222198
6499,2.8497639759851325
6509,3.4948860365641865
6512,4.340850147897861
6513,2.3667674938748178
6519,3.6335382207779308
6527,5.284812248981263
6533,4.621232011767447
6536,3.1196877032717154
6548,3.102544239795919
6556,3.127790866293275
6578,2.803363266852094
6593,4.582186269362313
6606,5.011261249040331
6618,5.342817099779877
6625,3.58354275017022
6632,2.959370632083241
6635,3.213613287278161
6643,4.582117793747781
6647,2.8095132744900155
6648,3.4310448048182733
6656,3.788912533631367
6671,3.002811483804444
6675,3.290639177109934
6678,3.2504846182004536
6697,2.79655249143406
6709,3.4676334580549653
6710,4.226508805923753
6711,4.4309167103116165
6719,3.4702701760792145
6720,2.67563372446029
6724,3.3371906332786967
6728,3.797034036400067
6733,3.212873256510447
6749,3.6833706793154715
6759,3.1437926540281893
6761,3.796255353305469
6765,3.250042201293909
6782,3.0671203740783213
6788,3.023647825243398
6793,3.541515633247395
6799,2.72508798027189
6804,2.362233333472908
6815,3.7057065871074206
6817,3.3857424398833316
6818,3.1490861654886606
6819,2.947942195282273
6821,3.0971035987666964
6823,2.9004802151783933
6826,4.707552083890921
6831,3.175276381396278
6833,4.077856471526297
6844,2.549951171903138
6853,3.9620125979630223
6861,3.175276381396278
6862,3.6572474396816643
6863,4.590692820105748
6866,3.015929033397959
6878,3.0828895436913917
6879,2.9839689369118374
6883,2.9404174609749507
6885,3.144509399996849
6886,5.512903597963691
6895,2.6758190285831556
6896,3.666947658703459
6906,3.143221896882231
6909,4.594483984035644
6931,2.5626052834363073
6937,3.2409778488172547
6945,3.187482779632199
6947,3.0472065796228445
6957,3.524669057269968
6967,3.1063468051753436
6970,3.4132373516240566
6975,4.125559018705765
6980,3.5698267574377276
6989,5.566010896190411
7007,4.655488229832841
7010,2.7975132064278196
7011,3.197385743247781
7018,4.431109259710629
7020,3.0668278777643936
7021,4.125893882440504
7024,2.884874891219837
7026,3.002692123200208
7036,3.218589022598068
7039,3.8573351461284213
7040,3.044425249203219
7044,3.088224574627721
7048,2.96650788026984
7054,2.8365141526884283
7055,2.360169094682039
7056,5.051815826955635
7058,3.4770153692230763
7059,4.417102086080447
7066,2.9150367664758376
7068,3.485248458706371
7070,2.6174601696650286
7071,3.057774802372948
7073,3.2982506426566025
7074,2.7120053293020816
7093,4.283004101871782
7121,5.10930671056534
7122,2.5693413961931477
7126,2.8815405047507427
7127,3.2067739207601766
7133,3.3326861973034485
7143,3.239803876010294
7153,3.156955060665596
7156,3.7636762676234206
7157,2.630945984004095
7162,2.6773839412145315
7163,3.087731660000715
7165,3.034558434353208
7174,2.6721378151172988
7179,3.5646439236444465
7181,3.240133114642407
7189,3.0076423344116803
7191,2.300390891942747
7203,2.9121199830591875
7204,3.626409018282769
7209,2.705977548334095
7211,5.991312165585983
7222,2.6243538025886823
7225,4.984751996072809
7229,4.977402422754649
7231,4.953668963870557
7233,3.3765539276047813
7235,4.247157969484718
7246,3.0925189835956504
7256,5.328586907011193
7257,3.1078528625451978
7261,4.979049257291164
7264,4.0839340240311754
7266,2.7760057432075476
7278,4.043051083879984
7283,3.035315547493383
7290,3.0649715888263604
7291,3.5731921840402707
7294,3.5619195017730476
7311,3.057663283438743
7318,2.480980520752353
7319,3.2208158185652724
7322,2.6850304258082205
7330,4.398518777467599
7335,3.5364705216888743
7340,4.8032435296296185
7348,3.0844802076874775
7351,2.9506522302292977
7358,3.135716327875577
7360,2.8327991922188493
7366,3.458990174986588
7367,3.1794493483597837
7378,4.726592809315394
7379,3.119514059195168
7381,4.5517889920228995
7386,2.5892102720714427
7389,3.2248147076636218
7393,3.6277799502988683
7412,3.7675528115174326
7415,3.111090496692381
7420,3.613862294374512
7427,3.1876857683407156
7447,3.9438873383244015
7448,3.183973380163589
7450,4.94781960243462
7464,3.056706761874061
7468,3.1137016863151823
7470,3.831570309159577
7471,5.084143559484155
7473,2.5716111701044118
7497,3.1697170047524623
7508,3.0935860457884448
7514,3.1553703288603994
7515,3.131720909259536
7516,2.735127235961133
7518,3.2194982094439544
7519,2.480072117390616
7521,3.082387817702093
7524,3.048164095173538
7536,2.9500008354720877
7542,3.5802846431949624
7549,2.978270847125321
7557,2.983035784707674
7558,3.048164095173538
7559,3.1636586353858522
7567,3.0402892231700847
7568,2.44576767846373
7584,3.0395972066115706
7587,3.014988033540857
7592,2.9674994283962737
7593,2.6922298845861796
7595,3.1541017661426554
7596,2.9855204981666708
7598,2.6329549933315315
7603,2.6792895154823357
7606,2.6603636900996306
7615,4.98724616709876
7616,2.6373103445228545
7630,3.1439310288473354
7635,5.544406970565943
7641,3.5051618740779884
7643,3.8647773520782174
7648,2.665517399188861
7670,2.6329549933315315
7674,3.0828895436913917
7679,3.0049104072744983
7692,3.003374117848743
7702,3.878220963206747
7704,2.386604708277344
7707,3.7980570501283397
7712,3.3541030557248175
7714,4.041424759536528
7731,3.4481074356898405
7733,2.623352965967312
7736,3.146282915253401
7743,3.975587312208617
7744,3.350010270224859
7748,4.597254469836013
7750,3.149363290659222
7752,2.9627966494324234
7754,3.1416838524965858
7755,2.679487090741764
7762,3.205416189158452
7773,2.698016788449694
7798,3.080030370258686
7807,3.0926256593579797
7808,3.0895247952489164
7810,3.545228977773121
7825,3.0634702338921875
7832,3.6873884563396406
7840,3.0300942432151516
7841,3.7563120893964794
7842,2.9167220984749975
7844,2.6295526835069625
7848,3.2954299563993823
7852,3.6647556204586933
7869,3.002266834354341
7870,2.422105394641601
7871,3.2843101114286632
7873,2.825506896647136
7887,2.7245654560434573
7890,2.9918790135163515
7899,3.002692123200208
7901,3.007373059780349
7902,3.282627836273381
7906,2.727694141623432
7914,2.940493420913429
7915,2.9770253892240084
7919,3.756936079946817
7920,3.932361099272801
7934,2.748690450838154
7935,4.682224521967629
7936,2.8999423663834722
7942,3.18455361473444
7948,2.9771023114349178
7962,3.015929033397959
7972,2.6804159617534316
7980,2.8528336874910813
7981,2.834384468896064
7994,3.685182064506156
7995,3.086283518052627
7996,3.1849892426047783
7998,3.1554246648221276
8022,2.565115376022174
8024,2.929287731887988
8025,3.1063468051753436
8027,4.605101495157952
8033,3.039957263445755
8042,3.0791475035549336
8047,3.4743276211384493
8055,3.7257579767375244
8062,3.0518815231287424
8072,3.5061666731914944
8073,3.397788368914678
8076,4.215893722328415
8079,2.6380305481012596
8080,2.8195009456325932
8086,5.718408821578313
8120,2.983035784707674
8132,3.2407518741791486
8136,3.048164095173538
8148,3.303696513718179
8165,2.63754654428712
8171,5.996609527424125
8180,2.929901084864824
8181,2.8482402114164
8183,4.984800771391796
8189,2.9150367664758376
8194,3.044842632542751
8196,2.566284385110418
8199,4.474801984244259
8202,3.2608798407010964
8211,2.7243862713607507
8215,3.4875692458756182
8221,2.7165558334587487
8240,2.9628665000036016
8241,3.112439168596895
8242,2.658942085790552
8254,3.051860498569893
8257,4.664968079944146
8263,3.1521620344399373
8266,3.795421160247492
8270,2.830479622632417
8273,4.620962148499986
8288,3.3641587826784773
8293,3.6270286297124703
8306,3.1208143324860136
8322,3.544777570084884
8325,3.3691261065982534
8330,2.6905093059759517
8344,3.567075946526929
8347,2.4972940836595368
8359,2.9091812946343034
8360,4.0546253823775045
8366,3.7684449503103243
8369,4.794786930437703
8370,4.626762847145241
8376,4.843618988384941
8380,3.193933812072578
8386,3.8721917799056373
8401,3.115244099187095
8403,3.2090955494716074
8408,3.3051033791262716
8420,2.6538192396776332
8424,3.007990234032947
8425,4.520409548884648
8434,3.038072649041672
8439,3.1446334182194473
8445,4.983530245133762
8470,2.733835972724918
8472,3.548491713772548
8475,3.5762950032805625
8500,4.655488229832841
8504,2.8097433657515842
8525,3.4903552460438685
8532,2.960140598679492
8546,3.026783311803623
8552,2.8366992356848493
8553,2.7884715705523635
8554,2.808371242758901
8573,3.6311776035449195
8575,2.8543913108995604
8579,3.0510321434623626
8586,2.7625923023325707
8588,2.7809853168625454
8589,3.320015826519001
8590,3.1983420079855684
8596,2.619278404026494
8603,3.133566530475568
8609,2.655324677695712
8617,3.9380573069122478
8619,3.448762388839846
8620,3.4567612671307546
8631,5.546854467695686
8633,2.692307149672372
8641,4.915825911324781
8645,3.135399129087655
8646,3.4744891412218286
8682,2.987213687800037
8685,3.595700393775891
8690,5.805653766088981
8702,3.0498450920746762
8706,4.582169367565394
8708,2.9934994751265704
8713,3.5429817375818167
8722,3.174651219094337
8725,2.935416913901741
8729,3.69152437415385
8733,2.949404251810555
8736,4.611600166033247
8737,5.37447253197505
8742,4.560952355495549
8748,4.8407068224302865
8755,4.576700358284071
8763,2.593657541130485
8771,2.908378660394363
8775,2.950120615842066
8779,3.108421040671399
8782,3.0287367744478066
8785,3.287226207244696
8789,2.6039786631503663
8793,3.585434351553981
8798,2.6227293807042247
8803,3.3370682715553155
8809,2.908378660394363
8812,2.961460775529866
8814,2.736153545829471
8817,2.7921064678978804
8827,2.8009255265042077
8829,2.9688908253715796
8831,3.014993207701564
8857,2.7828763243627455
8860,4.603596031639173
8861,3.4270805580688237
8864,3.3732311236922525
8865,3.3934276052958885
8867,3.1577141681026113
8868,2.684925993548367
8877,4.315646104395613
8878,5.702228438494224
8880,4.081583953326394
8881,3.4011625298320554
8884,3.5013207855351585
8887,4.614108368645638
8889,4.576740287156289
8898,3.0118286667819283
8908,2.732967175142803
8909,3.0142976512274644
8914,3.1137016863151823
8918,3.2624102488619076
8919,2.835731249834132
8925,4.36505981021599
8933,3.094377888263747
8938,2.9111380675722436
8942,2.6792895154823357
8944,3.077233722214935
8945,3.282443988336417
8958,3.275512482849538
8962,4.396396623692617
8968,3.2370742083297785
8971,3.5956945355181857
8973,3.4492419173492204
8978,3.3823469156354187
8985,2.975993623558436
8991,3.498403234259123
8998,2.849532143760708
9009,5.146679921496526
9016,3.1536900365654947
9023,2.866058749834306
9029,3.0087407437026004
9031,3.5698787189619265
9034,3.101206342769951
9042,3.001522029007567
9045,3.2916903324392175
9047,2.975816632124752
9048,3.1296602833134757
9053,3.0457203531030284
9055,2.767577574744741
9061,3.0118286667819283
9076,3.1403052566126344
9078,3.251584209694115
9080,3.626409018282769
9082,2.8873592043427725
9100,3.1551799350111747
9101,5.9952991547341465
9113,2.8365141526884283
9120,2.809948853292701
9122,3.4254960674950423
9135,3.822115214836204
9141,4.561485434687205
9144,3.582316687980148
9145,3.358900668232391
9149,3.5711867152354224
9163,3.1364097138216667
9180,3.445506756767064
9184,2.9745961040242346
9192,2.857948003693334
9200,3.0671610375542815
9207,2.9935159115753844
9212,2.7137138633046916
9213,2.9727581908102616
9216,3.1063468051753436
9219,5.174771136666188
9239,3.073191256873531
9247,3.368787538531259
9254,3.572128223984152
9256,2.92886924553158
9258,2.7575937326757765
9265,3.0425922268360743
9266,4.0821267818925415
9269,3.1326891741925635
9273,2.5213867721492202
9278,2.8329930119131124
9279,2.648321502562969
9292,4.587449272578957
9294,3.077543213965221
9300,3.2173110301298413
9316,2.9404174609749507
9324,2.689075096153881
9330,3.0615411827214025
9331,3.0472415894905365
9334,3.8698317356434107
9339,3.0650468794858323
9352,2.957334253461085
9354,2.8869506805893694
9357,2.8475380225868068
9359,3.519939890223691
9381,5.08404407664591
9388,3.5195268695632915
9390,2.73771893591412
9399,3.0549609597177074
9403,2.6398172963603295
9409,3.233073418606742
9418,3.7245288813450945
9422,4.6796151847033745
9424,3.772795513951182
9426,2.675542279707633
9427,3.0907007874209054
9429,3.2587852503620507
9430,2.810654835575902
9435,2.4473700678176122
9443,2.2824173661056126
9444,4.464595416729998
9454,4.460094264111937
9469,3.1709756894833987
9479,3.6771256023379566
9481,2.8799713550557993
9489,3.227334432599526
9496,2.6862166129395897
9498,3.4567185357598245
9503,3.2685083335607317
9508,2.6220094115956236
9509,3.398891772799924
9512,3.4244448998659935
9513,3.1235385890662646
9516,4.637390219362915
9521,2.6438664128796376
9543,2.8358698147934343
9566,4.0881473894161005
9575,3.0433193757630703
9578,3.489191596531195
9592,2.741169611929355
9598,3.544171634204918
9599,3.155065817910386
9600,2.6766744113342087
9611,2.961686855216212
9626,3.89061840606567
9628,3.391765111395436
9639,2.97259867011083
9650,4.560772774742855
9652,2.9924109918437494
9655,3.280041502880898
9659,2.9404174609749507
9660,3.7707370522750843
9662,3.6890319949104318
9670,3.3399216839837735
9674,2.841686148541183
9679,4.596760531720172
9685,2.5418567698954457
9687,3.137292885062672
9689,4.624779894138513
9691,3.1698655131468363
9700,3.0908942923635534
9701,3.1037867643528663
9703,3.558656839156495
9728,4.618837709899901
9734,4.425635020537014
9736,4.043567243301911
9738,3.48637398091828
9740,3.471109762780029
9741,5.518819454087637
9743,4.717006668018172
9745,2.9476415332831856
9750,3.13243481408776
9756,3.094427650357706
9758,4.649214020543548
9766,2.6673482014914267
9770,4.5368575296018
9772,3.015402501059698
9794,3.092276321296464
9795,3.0557129653665402
9803,3.190380807583677
9815,3.156145843546393
9823,2.8974106467290133
9837,3.6226340926633998
9839,2.2716609403881876
9844,3.430099778100015
9857,3.160550339212851
9870,3.301509442847823
9873,3.1103575607769516
9886,2.538805350696567
9892,4.623200660787594
9911,4.643510324751288
9912,2.983619859953608
9927,4.6350827369262255
9931,3.014988033540857
9935,3.0650468794858323
9939,5.834162220215932
9940,3.4670652636837085
9945,3.416456627733957
9952,4.7972777510479805
9969,4.4679109082384025
9971,2.674278880253048
9974,3.195340031147121
9976,4.632014171666396
9979,2.8415544824268144
9984,2.6751297628048607
9995,2.7243862713607507
10004,2.728536977955433
10009,2.9509573900640915
10010,2.5946336614709
10020,2.751900174577865
10022,4.6027373864455114
10039,3.233232714474683
10040,4.737684392015774
10050,4.613956358512926
10051,2.3104192928082066
10060,3.0626674777140344
10061,3.2655025870948955
10064,3.1227132717314565
10071,3.137537768880594
10073,2.9529878387884256
10096,3.756548145575707
10099,3.0215384911310568
10107,3.582401220825917
10111,3.0489442027121365
10113,2.9775491031325556
10114,3.015929033397959
10122,2.912050144646609
10126,3.5762592973164136
10156,4.856507417871761
10163,4.755164810800839
10165,3.0058772616095983
10169,2.7986664478282264
10173,2.4646630837594703
10184,2.9468964654997745
10187,3.024661564807854
10191,2.7260759371883005
10197,4.862615087988916
10199,2.6816495532259284
10201,2.618421825662315
10208,3.2524345693644383
10214,2.8406597733528565
10217,3.20252197226013
10228,3.530250190155827
10229,2.808302817704961
10232,5.4487346822978555
10236,4.887382943006569
10258,2.6862787948505296
10272,3.3365259461238477
10273,2.780292982116965
10282,2.681056867327819
10285,2.4904708519354783
10291,2.7671334178159346
10312,3.535878348598934
10319,3.9214786733866025
10323,2.9102200080384755
10329,2.3721632540321336
10336,3.834281083079338
10340,4.3856058222986425
10343,3.0275399788232407
10351,3.005359057520729
10352,3.0973542476856566
10364,4.424639654749859
10370,2.8866834170310156
10381,4.604531972472868
10382,3.0471637384603185
10385,3.025772755005418
10390,3.0457203531030284
10411,2.7625923023325707
10431,4.538324091358948
10436,3.027836753975195
10439,2.9844503474006907
10450,3.2014449003291805
10451,3.01226687522295
10468,3.036018379630588
10470,3.5689481325100094
10473,3.6679764776939683
10479,2.8800469559475266
10495,3.604406914244664
10503,3.0941575921767566
10505,2.8265167213729527
10521,3.0531069333601857
10523,5.0821758148347325
10533,2.7086862959631
10538,3.0618929235405425
10544,3.5788877963986185
10557,4.335694873690555
10559,2.6855652540309767
10572,4.01319577765957
10584,4.13732185142821
10593,2.8445662240773526
10612,4.849585414669125
10615,2.847290590142266
10621,4.754610096195677
10631,2.9320330355128736
10653,4.438190369110996
10655,2.609754164850531
10656,3.6456535447955263
10659,5.043304657328338
10661,5.083548673449839
10675,5.063934637284385
10690,3.4102784507246953
10693,3.093877202533769
10699,2.990465769113471
10702,2.858841943869903
10708,3.4895774363126906
10710,3.5594264688132524
10714,2.8528336874910813
10717,3.1121909690993195
10721,3.0052871989603354
10729,3.393401685611494
10736,3.5435499643610777
10737,3.3462794750779903
10747,2.4271276539510462
10758,3.261095306333527
10762,3.122543153874617
10771,2.9023703161890957
10777,3.466217268289695
10779,3.014988033540857
10786,5.5881504364742725
10787,2.767312109296503
10788,3.146613742816045
10792,3.092426883432512
10793,2.6975584293251313
10797,3.0076423344116803
10805,3.7559591171005766
10815,3.1251088733622874
10818,4.434265266407711
10827,4.952205683303378
10832,4.678201125247202
10836,3.105178566589692
10839,2.604565315084868
10841,3.0658119945791675
10849,2.331578092899039
10865,3.086352005002162
10866,3.6381525735320004
10876,2.623294359510972
10884,2.6888266363476125
10887,3.063074889564136
10894,3.906826097731844
10898,3.3199256897626896
10901,3.8149897512795428
10908,2.952568890346229
10909,3.7559591171005766
10916,3.0315067458421323
10918,4.651235593143636
10931,3.255463326298457
10935,2.7026278788976184
10938,3.322104809365192
10947,3.051724326140203
10956,2.896723197440227
10971,2.8033057191697566
10972,2.971927647421809
10973,3.615416219476393
10990,3.3855125622042537
10991,2.8555109134597987
10992,2.628140463091098
10995,3.5006434493031886
10999,4.647670229202544
11005,3.1137016863151823
11008,3.0730227328819537
11018,3.6252369145503827
11025,4.647290385810735
11032,2.397282271395346
11054,3.130215800394091
11059,4.667083192700374
11066,3.112840988502212
11068,3.443395558562531
11076,4.539903638808289
11081,2.512164997973955
11087,2.9919365809507745
11090,2.9474234129749224
11115,3.767989549667724
11122,2.9617629925751925
11126,3.4238216752301938
11127,2.8863469736666363
11138,3.9915863765661355
11139,3.5784181576465484
11140,3.3589700442438932
11144,3.5897876985501522
11150,3.090729620855549
11156,3.6125400410893587
11159,3.407961226005508
11160,2.5293047715500903
11167,2.8302292461935954
11175,3.2037508915387924
11177,3.1189278572764025
11178,4.5902332961926335
11186,3.012430065771908
11187,2.6565335422036123
11196,4.001964706491437
11211,3.698747212474832
11212,3.4754766442759664
11221,3.757019875306936
11226,4.923292879184761
11227,2.9785471550022513
11228,2.6850118380198107
11229,3.2194287462487825
11256,3.495449834602233
11268,2.7893182424977163
11269,3.1335973703506235
11279,4.491272506380616
11281,4.55452503099926
11284,3.3647346252398767
11293,2.4974396792797515
11296,3.0461748534208937
11302,2.6992966220135215
11307,4.5969002765478235
11315,3.3110802008712423
11320,2.6841798395381162
11328,2.8469906488121475
11333,3.519939890223691
11349,3.0429123899409376
11352,2.6664295276698855
11363,3.5473007941081915
11387,3.3164768455226534
11393,2.77066780366138
11394,3.5424376584248938
11395,2.9844503474006907
11434,4.5083386584766085
11435,2.5012280554574984
11443,3.6389626059050753
11450,2.656630033179585
11453,4.974861978150035
11457,3.7252546221664034
11464,3.220846876371994
11484,2.71921934040779
11495,5.298892136461973
11497,3.58580282727276
11509,3.4466596627196533
11524,3.068249385770672
11537,3.7151214954547145
11538,2.9699195044808198
11542,2.629601987078895
11549,2.811710208986172
11560,3.102840217478306
11570,2.6816495532259284
11574,3.6523134413672373
11577,2.8156638416078725
11578,2.781572157389387
11579,3.035590945260565
11587,2.5375984732216823
11590,2.782343652500582
11592,2.9844503474006907
11603,4.287061354380154
11613,3.105525267602248
11619,3.944020101417777
11621,3.118047694937855
11623,3.1857394439278752
11627,2.6415972148633746
11628,2.87422105671798
11634,2.756772088283615
11636,3.1063468051753436
11638,4.3874328308514094
11639,3.3573457866756864
11640,3.5431381645857556
11647,2.395799976236981
11649,3.1122492524417904
11650,3.419803916765989
11659,2.5686288099014662
11660,2.9799136921562415
11674,4.035104395180939
11677,2.912946027602084
11684,2.745360445090979
11685,2.97367885463999
11689,3.1779671142330255
11697,2.946013561484694
11705,3.522789575976371
11707,3.5894032872167205
11713,4.275381864246157
11714,3.0063730665074124
11747,4.4113734429036775
11755,3.5896488237024116
11757,2.79244150989106
11758,4.17497300169739
11763,3.530333228654735
11765,3.583800796326218
11788,3.5494772191798036
11791,3.8525771946297755
11792,3.08664166994306
11794,3.1451629745852268
11811,3.1566202318216074
11812,2.7921064678978804
11813,3.704844897175544
11818,3.0631435577298287
11827,2.8433837052279696
11832,3.5692024588666404
11837,3.567075946526929
11848,3.1306279631843927
11851,2.454549461194252
11859,2.8832183324839917
11860,3.399044651219425
11864,2.9525356950346993
11877,3.20212224124435
11886,3.132918322939584
11893,3.122543153874617
11896,3.7827540403864517
11901,3.131720909259536
11903,4.975112661253681
11923,2.9687919515619106
11941,2.7065453781467985
11942,3.4063102063277486
11945,3.000058049841752
11948,3.4213841407071635
11950,5.942203575189074
11956,2.2480895022057696
11959,4.194733570311674
11966,3.0917408470066112
11970,2.907969344873914
11988,3.62394490186621
11992,4.446509588476559
11996,3.084257970198421
11997,2.691872910799539
12004,3.443395558562531
12008,3.511704611832163
12009,3.584679447952938
12012,3.748084423886632
12015,2.785949426668777
12018,3.0088806245452973
12024,2.9657205942247957
12033,2.9915150219495503
12036,4.765441070057857
12042,3.4576458046937333
12046,2.794363162618378
12065,3.853530408134666
12066,3.0124225697789755
12068,3.3801516129819356
12072,3.025933493319439
12077,4.202926562496389
12078,2.444754309191929
12090,3.6546030333595287
12105,4.571220323521231
12113,2.971283834305189
12119,3.1941557240022775
12130,2.475105362071845
12143,3.835099086331077
12147,2.7028909813498756
12151,2.248135230816689
12164,4.911293997864849
12167,3.094427650357706
12172,4.036713359449589
12174,3.1974610715969214
12178,3.9937214272745525
12194,5.702420499767439
12199,2.9333684960088786
12201,3.3018665583780007
12203,4.637390219362915
12204,4.825980809317585
12206,3.61319681512801
12230,3.4759062970506633
12243,3.5101139145773086
12246,2.9691651418499614
12247,2.6553627949694225
12251,2.6689112089008855
12254,6.037617803900725
12262,3.055123424022314
12279,3.843058544255722
12287,3.9648751971337655
12294,2.658942085790552
12300,2.6974188248619457
12302,3.131720909259536
12303,2.760539966078487
12309,3.4740611447570657
12314,2.868603416367586
12321,4.50355693097754
12328,2.442656188308823
12329,4.838009769744037
12336,2.8799713550557993
12338,3.220846876371994
12361,3.240733902503241
12362,3.6287370838491224
12364,3.001795997066767
12367,3.157786694364967
12376,3.363116459227578
12383,3.099645008093145
12390,3.0957581811980193
12391,3.7695758052198722
12404,3.1588652823557215
12411,2.908378660394363
12417,3.0118286667819283
12420,3.479402769973065
12427,2.9818308398709283
12434,2.668512883190215
12437,3.1756105341254495
12438,3.5577432239246747
12439,3.050420163603754
12444,3.1046561531152648
12451,2.665597925418689
12453,3.61911920547809
12459,2.650540649367418
12462,3.0174131859144717
12466,3.5655606305891308
12471,2.8508323472663863
12479,2.525878453096784
12493,3.6578059661964346
12496,3.2233952444190623
12498,2.84873120061911
12501,3.1039629133916025
12502,3.0686573126442984
12515,2.6823027165204327
12522,3.4104792156697252
12523,3.077398993114757
12529,3.052554640078455
12540,4.596524480914391
12542,4.3339787977662505
12543,3.1813723850129914
12556,2.970052563835112
12558,2.453350144128024
12562,4.041719183094537
12571,3.422080619132209
12584,4.1148134522885895
12618,2.639763910985721
12621,3.5564551787387497
12634,4.571220323521231
12646,4.587291891138139
12649,3.28699991565437
12664,3.5207209126137027
12671,2.737338140090526
12676,4.946910298114363
12677,3.1050400943112213
12688,2.8457584146484085
12689,2.983619859953608
12694,3.375375601658568
12716,2.4216903660392486
12722,3.0503241967274466
12723,3.1446334182194473
12726,2.6584317678430724
12734,3.192283576316507
12758,2.9632816452686552
12759,2.997492642144592
12761,3.2248147076636218
12763,3.0375680098039632
12766,2.992163572201794
12774,2.914467442706974
12781,2.9783983778104437
12793,3.590199366486544
12805,2.86764230591755
12814,2.761765935678342
12815,4.649214020543548
12822,3.595700393775891
12839,3.8812731570480095
12850,3.54887141244094
12851,4.454615512510159
12852,3.355290452710281
12855,2.431959040414786
12865,3.856881040569484
12877,3.321233725220392
12878,3.521163742154517
12879,3.056706761874061
12885,5.349233256387981
12893,3.0961462397388804
12931,3.7797308877042477
12933,2.4674336580061147
12939,3.406556612427776
12943,3.4895424779215376
12953,3.614802457872389
12957,3.758941034302818
12958,2.6823057063522615
12960,3.376121236672347
12962,4.417142622146464
12965,4.786069405461876
12973,4.202045769470043
12979,2.441034320761484
12988,4.94147408080369
13002,4.652495270640446
13005,3.722642604819319
13016,2.681669532727129
13020,3.456452914432411
13025,3.7838274050052387
13027,3.1232035269406877
13030,2.498139878905782
13031,2.761765935678342
13033,2.985515646615056
13045,3.719256538800224
13053,3.046151063908468
13058,3.0713827050021427
13070,4.613288448688785
13074,3.3937409887734504
13075,2.561337827936598
13096,3.31028971147023
13103,5.282619044808136
13119,3.220214734816439
13120,2.823215180882182
13139,3.4389789069433574
13144,2.7394822100891223
13157,3.2222702720158933
13160,3.7775944915536295
13164,4.542074857398855
13179,3.133566530475568
13180,4.510423331016666
13183,3.556684093410532
13184,3.218589022598068
13187,2.870705859546014
13207,3.000546234189452
13219,3.3703132529807873
13235,4.776601288736561
13240,3.074708121874154
13250,2.508794287614825
13252,2.443092761521422
13259,3.3366441561999696
13261,4.622001305418964
13264,3.5147195039044687
13274,2.988257330264909
13279,3.1832710442487944
13283,3.646154579615259
13292,3.6015090339581466
13294,2.8620593518113466
13322,5.743283799249812
13324,3.557901925436754
13340,3.1238580393806945
13341,3.5073636436575892
13343,3.0402892231700847
13347,4.54371444474821
13351,3.5764941120613867
13352,3.231701473252013
13355,3.3193389451491555
13363,3.0074691420578734
13364,3.282811324750574
13365,2.854201731447682
13367,3.0551818241254285
13370,3.154471911760982
13377,3.375590133996529
13386,3.023647825243398
13393,2.8445662240773526
13407,2.898149802097754
13409,5.8367222275461605
13410,3.1799462971326133
13414,2.741124384372576
13426,2.8006563044327994
13428,3.056706761874061
13433,3.1409007047479034
13450,4.817380872324041
13458,3.5008917027569257
13459,2.9707552838093374
13462,3.1063468051753436
13464,3.9984917754082523
13479,2.898518981935856
13483,3.4639613012759507
13484,2.4227602469579357
13486,4.2017421649771745
13488,3.038072649041672
13490,3.735345852776109
13493,4.459127858439015
13494,2.822065071086988
13518,3.058658211389703
13519,2.7367581041396085
13525,4.2301410422076335
13534,2.310093827115261
13536,2.8522282052918353
13539,4.277094053979733
13541,3.126967880228243
13543,4.505896311960377
13546,3.298410810400065
13547,3.606556433774481
13555,4.649214020543548
13559,3.3361553686548002
13560,4.625059586687696
13561,3.6655884681290956
13562,3.0822092247538557
13571,3.134958282515846
13572,4.625661947419529
13574,3.188540447020501
13579,3.784615418853546
13588,2.9576670376575764
13593,3.0650468794858323
13601,3.1297046206920256
13606,3.0965193117926604
13609,3.8969148715073145
13619,3.0474631789842115
13620,2.80965010677637
13622,3.5470774179913267
13629,4.643510324751288
13635,3.2236893571625282
13643,4.582565752212162
13649,3.313822630770228
13653,2.9593143402069235
13656,3.0862828738253967
13662,3.0840580745123916
13664,3.5637642008648225
13670,3.172722379951454
13676,3.0402892231700847
13680,2.570665228145693
13682,3.4185759739440016
13691,2.8023810379205663
13694,4.87969023149041
13718,3.0687750007192176
13723,3.664170236876688
13733,2.7278466494883467
13738,3.5083896118242874
13740,2.8610577057565547
13742,3.9647533554345977
13746,4.684367842067411
13757,2.837949454453159
13758,3.485088599738767
13759,2.8239441779155077
13766,3.5410522693251463
13776,3.5715146494893095
13778,3.133566530475568
13781,2.7858845508268484
13785,3.405939002065464
13798,3.5353247913406083
13799,2.9321281574427585
13802,5.241979436761164
13804,2.9838868773392746
13807,5.061087046994006
13809,3.6679764776939683
13824,3.3091997177087205
13827,4.466302652415834
13838,4.3741515561272974
13840,2.7316444392292416
13844,2.869136688774907
13850,3.171436522297343
13854,2.9387458785767615
13857,3.114027896187534
13858,3.5633266038159412
13863,3.221848642649304
13864,3.4685890350566693
13869,3.7340848143634187
13874,3.6863606220873897
13883,3.714658395781733
13889,3.060318401878913
13904,2.7798910685877796
13906,3.2207823609673416
13907,3.4688430586828023
13912,3.362534435254487
13916,2.9187983668072257
13918,2.674278880253048
13925,3.8626056765806056
13928,3.122543153874617
13933,3.4121785717950837
13942,3.0789255081373463
13950,4.556660248596551
13952,3.627168643224363
13955,2.694158471053025
13956,3.515148163610192
13985,3.102405504080833
13986,3.307296609193452
13991,2.5068652536806892
13993,3.8287217315989563
14007,3.533400417659848
14021,5.028234646703931
14025,3.0095081636395986
14033,3.5781078878683816
14035,2.844082382166205
14036,3.3274256348731748
14040,2.9940058342908755
14043,4.154045906999636
14050,2.5745869962779233
14053,2.944710053459406
14063,2.79991480567759
14081,2.910082286772368
14082,3.637230984391459
14083,3.511345697854565
14094,3.457161613535991
14105,3.149856641654496
14113,3.3052740108405056
14121,3.094427650357706
14122,2.5573595597774266
14126,3.3604229578527396
14134,3.5714854873065223
14145,3.517772045382138
14159,3.236802192823116
14161,3.017233136852409
14163,2.9101434724612933
14168,4.631697653534184
14176,3.035315547493383
14190,3.7124673747248
14208,3.1227132717314565
14216,2.6873193276860334
14218,3.852715433639066
14230,3.177549838954278
14232,3.220846876371994
14237,3.0538538693906454
14249,4.972671422736224
14252,3.2236893571625282
14257,3.088527324351916
14260,2.84724038840024
14262,3.18710003210868
14270,3.6181142354686737
14274,4.594780738329611
14275,3.0928047061989687
14287,3.816388154812077
14292,4.30687323132749
14301,3.518554721300433
14304,2.638620805343474
14331,3.1530774195234152
14332,3.1714331244344893
14335,2.4328738686699483
14340,3.0604329781886443
14345,2.8176348831693514
14347,3.5962117768218267
14359,3.1840251289425785
14365,2.8871710568533153
14376,3.0493236184729278
14377,4.493541106264518
14380,3.4558727697384923
14394,3.4373799734411508
14400,3.828956299391892
14407,2.9534821223060344
14410,3.106522186146666
14415,2.729621728332509
14418,3.19994269927404
14431,2.323240082206049
14437,3.23445265069058
14443,3.074239620186793
14446,3.6261088852141823
14448,3.093877202533769
14454,3.116685890383637
14458,3.0974245666715
14459,3.789376654857693
14466,3.6730314120455683
14474,3.009632518247788
14486,4.6651095820911
14488,3.042912636980355
14495,3.0176894993578043
14503,3.2959804874876406
14516,4.292037039198549
14518,3.5832504924247384
14522,2.6204204731434673
14524,3.02438860515748
14525,2.914136145827857
14527,4.313270979485521
14528,4.356814535007996
14533,3.300930187728416
14544,2.7557788533639607
14555,3.699026241699715
14565,3.0124382133614134
14574,3.0919815130607127
14578,2.73930384716802
14580,4.102023696479096
14600,3.5498057996259527
14604,3.602961320491303
14610,2.528856898534677
14629,2.645361594692152
14637,3.0223508386061138
14639,3.682444774166814
14642,2.9419776474563966
14646,3.339293864046472
14648,4.624096651092427
14650,3.7031143185148894
14652,3.1103558089598153
14653,4.920996963282072
14656,3.54071832068358
14661,3.054977796971774
14662,2.9404174609749507
14663,3.1137169967927294
14668,4.615710362405398
14684,2.796963575227696
14697,3.1512690300803676
14703,2.724794256291985
14710,2.8106304911083426
14718,5.03810313982847
14721,3.130958756120473
14728,3.0043602683722543
14730,3.6873884563396406
14735,3.134958282515846
14742,2.726567881686181
14743,2.9618398369513574
14753,2.7164686199363435
14758,3.485088599738767
14760,3.4775742663890536
14762,5.422765551913507
14763,3.3956137004328406
14767,3.027469041086272
14771,5.108048201940641
14775,3.2954717036889676
14778,3.4838511724187504
14787,3.1263144707068555
14806,2.992651801027829
14816,2.601151995934682
14818,3.0425922268360743
14820,3.876344467846135
14842,3.5555205886104795
14852,3.457161613535991
14855,2.711435374339736
14859,3.082081934438008
14868,3.5840889826347277
14871,2.970237360764829
14872,2.7828763243627455
14875,2.815140445142334
14881,2.883410825237906
14888,3.2758112075323793
14924,3.183973380163589
14932,2.7562716234455356
14946,3.7681235131343334
14972,3.5668182636769874
14974,3.098766203562639
14981,2.8141994902382828
14987,3.137537768880594
14994,2.9371333619205986
14998,4.111488351085113
14999,3.4804836202116665
15006,4.800946594049477
15015,3.293791137418679
15019,4.642978526458549
15036,2.545546935630713
15039,2.867981075787478
15041,3.19994269927404
15042,3.8642032656726313
15043,2.800119574574587
15048,3.0396633595849587
15049,4.944628420103716
15051,3.1287763174393346
15056,4.687072943688475
15057,2.7898547467131762
15058,4.339107380266264
15059,4.8102821731103695
15060,3.486638846953378
15062,3.5669929788573898
15064,2.943027340137994
15065,2.9775491031325556
15066,2.714772645119351
15070,3.1468549047061973
15080,2.9940767697999835
15081,4.846381960779411
15082,4.611755369761889
15087,2.8016166281458594
15090,2.9818308398709283
15098,2.96407060574468
15101,3.099415880509302
15110,3.6452625842542083
15114,2.9581031996286855
15119,4.636843327865604
15122,4.622001305418964
15132,2.740527376122423
15134,3.2784217237628472
15135,3.7782546026999544
15138,3.2448352882191056
15147,3.668820536741383
15157,2.5126876571869476
15162,4.132249490618947
15175,2.753129913747344
15177,2.6873193276860334
15178,3.1409845367350555
15180,3.541817905118667
15186,3.4124185674668515
15189,3.152336053724009
15218,4.531455566476163
15232,3.2764689685771184
15237,3.0328537974756693
15239,2.654781575384253
15241,2.818968486954551
15247,2.867553958112097
15248,3.5670829509415687
15252,2.940547071366664
15253,3.0531069333601857
15257,3.434382021412854
15259,3.540525683779175
15266,3.7086704460298643
15267,2.85023091225757
15268,2.8175837962752697
15282,2.6557756799052705
15296,2.68274932016587
15297,3.674305595248785
15298,3.4834708248435056
15303,2.826630206515995
15309,4.092846319234161
15310,3.2272737290469844
15315,3.723844521036542
15323,4.410811004785533
15333,2.9591914320931676
15354,3.1404754670742454
15357,2.9775491031325556
15360,3.0686573126442984
15364,3.4735865568587587
15367,2.8025003158738695
15371,3.4823609896237584
15372,3.2696341209141564
15381,3.1140389616845225
15397,2.882299564341141
15398,2.824541686716109
15406,2.7403162625777435
15413,3.8369945637261056
15417,3.08284814483201
15427,3.4531571213353205
15436,2.9303255520516287
15439,5.097899296758301
15440,2.950895619992405
15443,3.0128339441702785
15452,3.426123596510023
15460,5.434059297366139
15465,2.9812409791542853
15476,3.002354057569935
15479,2.80738186003996
15483,2.7434994912223867
15490,3.0503241967274466
15497,2.8666496487428734
15502,2.79890107975336
15504,3.995577479767906
15510,3.8657432099228886
15519,3.546115904439812
15527,3.195590425275757
15530,5.0217391634914925
15539,3.118190421199371
15545,2.925778225697734
15550,2.663831771492687
15556,5.157917310024859
15566,4.385903157524012
15567,2.9581031996286855
15572,3.8069686318997302
15576,3.465908774524988
15591,3.4058848285196355
15599,2.8224693011061
15601,3.0650468794858323
15603,3.8743490363782502
15606,2.3522581764547263
15607,3.2115999428498117
15612,3.490392817967565
15617,3.261095306333527
15620,4.383133825365984
15621,2.918444966162268
15625,3.3730072155798125
15627,3.456576436411678
15639,2.926267235171521
15644,3.2281144488584403
15656,3.087947745382852
15658,2.731295330073832
15660,3.0951617923216608
15666,3.806627946216063
15667,3.0105594421625637
15675,3.125430677638315
15691,3.3625035293848113
15693,2.6496096115250656
15698,3.4818908392022774
15700,3.356571611108334
15705,3.2288892156063005
15720,2.2484598597865344
15723,3.2676333183658124
15724,5.397682187164584
15743,2.8239441779155077
15751,3.474864261613887
15756,2.6709568000719135
15763,2.8145611287561696
15780,3.2188804893177294
15786,2.7921336253911737
15793,2.475863613242933
15797,3.471109762780029
15804,3.054703431035035
15822,5.121077871267916
15826,2.674278880253048
15827,2.74169601234452
15834,3.6161118011535596
15837,3.429490689594321
15838,3.550624226194768
15839,3.4294046438964743
15843,3.0952534622946697
15845,3.1238580393806945
15846,4.5800926232757
15855,2.9964242878424607
15856,3.5927009077635375
15857,2.6575002162303845
15868,2.6847867837683355
15869,3.041933655000627
15872,3.330565469653792
15875,3.4508673543800525
15879,3.0540764376078324
15882,3.5273469510417037
15884,3.5969280654225555
15895,3.684688622333499
15896,4.459501906540155
15906,2.559460001695027
15911,3.198607954102902
15921,2.6931499207805167
15923,4.42064479440109
15925,2.799716206522133
15939,3.005061497179228
15940,3.0856718666893332
15944,3.4671259798876393
15948,3.519939890223691
15967,3.0501163651051444
15969,2.4976000041117854
15970,2.60848715959499
15973,3.0257767490040717
15977,2.726567881686181
16004,3.1356198874247814
16005,3.603220715164729
16014,4.545314924275754
16020,2.8023810379205663
16026,3.001522029007567
16027,3.0287968209804204
16028,2.915820486265165
16035,3.1127674347159013
16036,3.2712116697861586
16047,3.9443157283221897
16048,2.6622398378646435
16056,4.591920073679236
16059,3.057774802372948
16064,2.8335413984911773
16074,3.1871341731715885
16091,3.6467243707474317
16092,5.982029145880146
16103,4.789203062084645
16113,2.9513439160762576
16118,3.0302322916530557
16122,2.840392920286997
16129,2.6820127180774884
16130,2.975918749691931
16131,2.633140156103045
16136,3.4155364202071037
16147,3.5232318308969455
16161,3.1762970898447067
16168,3.5794679420858824
16170,2.893130101562325
16182,3.1405510326104973
16186,3.0761418620116965
16193,3.2578667169304296
16204,2.964643196237024
16209,3.834224429199531
16212,3.526769993696993
16217,4.316831319301308
16223,3.2139810677107965
16224,3.2793902220389772
16231,3.319319624613353
16232,3.696696510107336
16235,4.083438217261327
16241,2.8813252950216754
16280,3.5273578911880694
16284,3.1430079499488
16288,3.873555039988417
16290,3.1136995665409404
16296,2.8239441779155077
16298,3.626487345310004
16303,3.438673022876447
16322,3.1598705635387176
16324,2.714084775136329
16340,3.0590619866860718
16345,2.8242524672255467
16348,3.262831538421808
16351,2.5385030515735654
16352,3.0143724392443634
16356,2.923619549712682
16374,2.461634932135955
16375,5.085487374053626
16377,3.7775944915536295
16380,3.0661673905806954
16381,3.2169328719379138
16387,2.5072585476910416
16394,3.583800796326218
16417,3.057774802372948
16418,3.1406078548045713
16419,3.5964503454840555
16425,2.5123318628518874
16430,4.5521499109970405
16433,2.8575062695020867
16442,3.195047551636759
16445,3.090197283147934
16460,3.048164095173538
16461,2.8799063336371984
16466,3.1113844324228945
16473,2.9505275093442416
16489,4.858385975733701
16501,3.1678119592612597
16502,3.859020318662199
16507,2.7026278788976184
16520,3.196246789433306
16525,4.02301451008481
16538,3.055123424022314
16540,4.6188813005758504
16557,3.005818257805046
16574,2.9818308398709283
16589,3.8639717392705957
16593,2.9844503474006907
16596,3.1085724557296124
16598,4.179578828372512
16604,3.3223499689890965
16608,4.003588168898293
16609,2.9451255993627536
16612,3.5972042046359185
16613,2.983619859953608
16625,4.729922247619038
16636,3.368827204321207
16642,4.531203944724496
16646,5.553833217669732
16648,3.4105462870253347
16660,2.8911434025289795
16664,3.657290277976241
16669,3.0474697538285875
16679,2.873753104366937
16682,3.192116106616661
16689,4.057417661023348
16699,3.2528323606456304
16701,2.912549838413418
16703,4.223441905735553
16717,2.72684632666493
16720,3.479281790096649
16725,2.970052563835112
16737,2.5692891673669895
16741,2.727548840854344
16743,2.778696789368652
16750,3.2607841493360343
16754,3.979589888939101
16759,2.339294698983325
16778,2.995456739292771
16781,2.9604697196136303
16788,2.838598048462923
16791,2.6983226799461972
16798,3.4239022949367253
16805,2.804993091723512
16806,3.556684093410532
16820,3.048164095173538
16821,3.131720909259536
16825,4.546795761567306
16847,4.121044949084044
16851,4.483962583405897
16873,3.1237917033824183
16874,3.6852077775732477
16881,3.27163623943849
16884,2.9698057161795752
16887,3.5940631812834822
16888,2.475842824839351
16889,3.0277646386233847
16891,3.1093138855272495
16892,3.628595078137014
16905,3.567078767108324
16908,2.703109895957947
16909,3.7931414408228306
16911,3.4579696894470233
16912,3.0685332816923867
16918,3.0588305573205243
16922,3.0391658447749816
16931,3.0150723208291774
16940,3.2138353681991734
16941,3.158569919528784
16942,3.003391879077082
16945,2.993067326351818
16949,3.069953966006993
16953,2.7226039072131534
16958,3.143694877939615
16959,2.662148639446415
16965,3.0277646386233847
16969,3.1078528625451978
16974,3.0503241967274466
16984,3.2939754489579682
16987,3.1735305948410577
16992,3.8341415836395436
16994,4.579694817338959
16998,3.4487614578743644
17000,3.54359588089835
17001,2.9799136921562415
17014,2.677192542532172
17019,3.325708663066627
17020,2.366236979408826
17023,2.715718664970483
17036,3.0366109149215994
17038,4.024265073202244
17044,3.3185049409046603
17048,3.673877621274353
17051,3.766462226086509
17059,4.596316017470312
17061,2.9799136921562415
17064,3.3167818901271344
17086,3.311311407089602
17087,4.674705072097753
17098,4.568388384975877
17105,4.068893356866103
17112,3.025606612269364
17115,3.443173639266492
17118,2.850589863780696
17129,4.238578891764312
17133,4.5686423415190305
17141,4.306509592631375
17149,2.761391066509816
17158,3.3841206967225466
17176,3.0235525784459254
17178,2.9981106699108073
17181,2.561809204396658
17190,2.7430354946405004
17197,3.189572492079738
17198,2.5640571104313654
17208,4.260306976065193
17211,2.7082875824735275
17215,3.0539274968655117
17221,2.64536382927004
17229,3.226138294378347
17238,3.5446539402983404
17239,5.010575203561234
17251,3.4735759830851287
17253,3.0169809544618227
17255,3.116879473971963
17262,3.2587562194135424
17267,2.887459915551556
17286,2.9150367664758376
17287,3.239670808776462
17293,2.7142638909347934
17311,3.31605614092872
17312,5.3418422348839
17321,2.520661067992351
17322,3.4175319212443807
17325,3.369864432954905
17326,4.944095273640832
17331,6.01182818008542
17337,2.985384723266055
17362,3.082387817702093
17372,2.98767605861616
17376,4.604083136070988
17379,2.906155518951784
17385,2.837999312058475
17391,4.596658304772254
17395,2.6381971491508787
17401,3.2426374660674355
17405,3.3999442181803023
17411,3.4564506374779045
17412,4.166645037690517
17417,2.7491287517722904
17419,3.1553703288603994
17426,3.686087835578192
17454,3.6740926568446595
17467,3.099645008093145
17470,3.437733189646743
17490,3.057774802372948
17493,3.147081332233903
17495,3.8251938355967683
17497,3.2236893571625282
17498,3.0425922268360743
17499,4.615980766175499
17503,3.2355931676947725
17507,3.131720909259536
17514,4.5069596718334095
17518,3.6587342982054945
17529,3.577307807673515
17531,3.5646439236444465
17557,2.999273541459213
17578,2.368727969107588
17588,3.238203232323952
17589,3.035315547493383
17594,2.421418847926654
17597,2.681412694024804
17599,2.7027648709084837
17606,2.9029974612642007
17608,2.9343512349594163
17613,2.970237360764829
17619,3.2607241749475877
17621,2.5717604641950684
17624,2.8591609326877068
17627,3.2843101114286632
17630,3.2360716610147935
17654,4.065558842855091
17679,3.207188620860615
17680,3.320181678814743
17696,3.205396871031279
17703,3.1971274227391597
17722,2.798287425226254
17723,2.6352433761923573
17738,3.3760768153130805
17741,2.6772721343613717
17743,2.866634902408599
17744,3.0461748534208937
17749,2.653217772016014
17754,3.2208205796033633
17757,3.035413642109091
17759,4.563123473350836
17771,3.122543153874617
17784,2.872969496086192
17786,3.542306797862068
17787,2.516167620512247
17800,2.9855204981666708
17801,3.95469519203521
17805,2.9131041796176853
17807,3.6753090489632987
17822,2.4687482970695327
17829,3.0813289020351537
17834,3.163154185122697
17839,3.786391457360443
17843,3.0941575921767566
17854,2.7468309597071565
17855,3.068249385770672
17858,4.332743829752756
17859,2.520661067992351
17871,2.946463091428215
17875,4.501224468886771
17876,3.0402892231700847
17878,3.3131273866418827
17893,2.9840027804973768
17894,3.131826523998862
17896,3.379524729374865
17913,3.4827455024591645
17916,3.2406524143568025
17926,3.6327861141766498
17931,3.079116761649529
17934,2.8023810379205663
17939,4.62664926167664
17941,2.7500881594362836
17959,3.4426185516668784
17960,4.192394897874813
17971,3.293924158892115
17972,2.5168717880044484
17980,3.509822235778734
17993,3.4190691638021065
18000,2.7973703133979337
18017,3.1406078548045713
18022,2.7783939413677987
18025,4.598164233248537
18034,2.812227747855657
18039,3.7737901553929865
18040,3.364727960958285
18068,3.0531069333601857
18073,3.176075259147038
18077,3.5106680998228756
18078,3.0028682929054744
18081,3.0935860457884448
18085,2.492090999793147
18086,2.480663765786974
18089,2.8077940965493164
18090,4.5705113288188315
18095,2.405369502126049
18096,3.099415880509302
18107,2.749388432240481
18115,2.641463688311488
18118,3.5816417143578425
18122,2.964446637018576
18123,4.854262875280422
18125,2.986036284862541
18129,3.2194287462487825
18132,4.029001636034441
18133,2.9097070746969576
18137,2.7671334178159346
18150,3.094427650357706
18156,3.305787765572962
18162,3.056706761874061
18186,3.010001616008711
18192,3.0064277919609705
18195,3.5174950094299735
18197,2.9935159115753844
18198,3.751722044341401
18204,3.6995494865304077
18208,2.2699097292521655
18209,2.691024393670285
18214,3.003351422727078
18215,3.040715132876279
18217,3.015428656508138
18238,3.281882564789684
18245,3.579392360122251
18253,4.217908891338961
18257,2.97367885463999
18261,5.043996544219215
18262,3.2225477427248346
18271,3.0770030124272294
18272,2.633140156103045
18293,2.9629456546188835
18299,2.5432822013024823
18302,2.7696274898285727
18304,3.255880081949189
18306,3.577120491429695
18320,3.021190679134642
18321,2.9656064185823494
18330,4.358743300919735
18332,3.8507058717025706
18333,2.727694141623432
18335,3.234791355140257
18337,3.067848452749116
18339,2.9657205942247957
18351,4.583935361330038
18355,4.5670423365903625
18361,2.719799216946519
18366,3.046345883166224
18367,3.661067780713423
18368,4.6459550193034165
18371,3.0519853681536318
18386,2.7533003144650516
18387,3.6370262967390485
18391,3.001679326494362
18396,3.057154668955287
18400,3.537954472231333
18413,2.7787325798299016
18425,3.462976581915033
18426,3.39796009791214
18439,2.5121003638022987
18458,3.652251746490708
18459,3.6013467711565603
18460,3.2972173030847665
18466,3.4982267716940347
18470,3.0657861080709528
18472,3.0284180097068996
18477,2.4738021876644494
18483,2.83755769980208
18497,3.0542158788667444
18498,4.655488229832841
18502,2.799381269404039
18503,3.114948159768647
18513,2.8985691325036007
18514,2.6817429329010865
18515,3.435182641216809
18529,3.0702089253974134
18541,3.381105662128133
18552,3.0503241967274466
18554,3.0300574667691778
18562,3.847837242455319
18570,2.512620319153603
18576,3.10968553182638
18595,3.0362903773792556
18602,4.205496640451708
18610,4.877440369719597
18618,3.7932598683783803
18628,4.3596199606896615
18634,3.0275399788232407
18642,2.994040836159491
18649,2.784121948895452
18659,4.1933433181823965
18660,2.7027205856172514
18665,4.494228680096484
18667,5.014040753157194
18668,2.9946960581062445
18672,3.653322934543232
18674,2.848863162602592
18688,2.8988437151425255
18699,3.0218788748909744
18708,3.0941575921767566
18712,3.0794462827563733
18714,2.4335609376850753
18729,3.08664166994306
18734,5.341504443871035
18738,3.1594731623587795
18757,3.331681958084372
18761,4.582305589991002
18777,4.034231363042878
18789,3.0792774972597807
18796,2.9960440997136994
18801,3.208201294954732
18804,3.3206237554165607
18808,2.708740448043033
18815,3.1441848436638153
18819,3.1718948352670644
18824,4.6143916253743065
18825,2.7981822343493787
18829,3.660835782250592
18837,3.0503241967274466
18839,3.065667510586357
18842,2.476809373828777
18856,3.447294397663656
18859,2.937315232682822
18860,3.2528988878739886
18875,4.609096293634499
18876,3.8601280867218737
18877,3.096247811230059
18879,2.9169673656609216
18885,3.22470523394639
18889,5.10186631914185
18897,2.925166367072704
18900,4.514173590427316
18902,2.7684090770416625
18905,3.554808977922759
18906,3.175276381396278
18911,3.8336159618164034
18913,3.5334096178562504
18915,2.6792895154823357
18918,3.351620853297585
18921,3.146282915253401
18923,5.374576841177339
18935,2.5653149136223536
18941,3.0789255081373463
18947,3.0883452847008517
18954,3.4484724806222684
18970,3.651106334396325
18981,3.0395139285482373
18990,3.5413319480195913
19000,3.2138891901671025
19010,4.434469043699974
19027,2.3547572310950295
19030,4.587168059510642
19035,3.0650468794858323
19046,3.1296367477241605
19049,3.224969282486513
19054,2.686190072385511
19061,3.3924808463535965
19071,3.235513654503098
19073,4.098798482611677
19086,2.7593274582478577
19097,2.860215189977839
19100,2.9794960619685806
19105,2.6273227624428666
19119,5.112276576808342
19121,4.543840615768954
19126,3.197038532921018
19128,3.8282828216294233
19130,3.1020146887709497
19138,3.0650468794858323
19146,3.179487378959517
19154,3.081758798578995
19160,3.1137016863151823
19167,3.6923977304412103
19174,3.5194071904715654
19175,2.3982670762325844
19176,3.1680608989986085
19188,3.9804092573282457
19190,2.2613650654257533
19197,2.8510948913849656
19198,2.7763141626216465
19207,3.6533597496190318
19210,4.933215162511136
19222,2.7931843547368564
19228,4.578054425626708
19231,3.1019731946693785
19234,2.638620805343474
19237,3.3674485528219367
19240,3.561015075550317
19246,3.225531502919572
19251,3.5691194152518264
19252,2.7430354946405004
19253,3.3474157847533332
19256,3.172398344872722
19258,2.4545758982838937
19264,3.283126409085107
19265,3.25383552879524
19267,3.0040155003000657
19277,3.0607228643626283
19286,3.754603412562335
19292,5.438074818911059
19300,2.9785085215481426
19301,3.094393579698436
19324,2.7430354946405004
19326,5.647008168792259
19328,3.0555384297003836
19329,3.4069441540332717
19332,2.9132272093031455
19336,2.4855120385336016
19345,3.2722056474582297
19351,3.1522736082869254
19353,3.0461748534208937
19357,3.0406328067140413
19361,3.2823997480410676
19363,2.9102711076880925
19365,2.804946261577032
19369,3.0461748534208937
19372,4.595021256945516
19379,3.0643227517891884
19380,2.8917523067828887
19400,2.6691048534656185
19405,3.544777570084884
19406,4.115652405804949
19408,3.131720909259536
19413,3.6174250696380144
19430,4.416507566623327
19435,3.131720909259536
19445,3.5797405066020302
19449,3.8087509550343928
19451,4.609003670162066
19452,2.8446555508672153
19461,3.5957869521985257
19486,3.7604840915711293
19488,3.146282915253401
19492,4.533807278648279
19511,2.7738854979703516
19534,3.4103986181185917
19539,2.701939118468943
19546,2.953040590397903
19552,2.744237669728237
19553,2.8058775643122065
19558,2.809657459994955
19559,2.956024512529212
19561,2.7769721104453686
19597,3.0235241621039823
19607,3.053112344642711
19625,3.015447713104022
19633,3.248953833486381
19640,2.927477774306536
19643,2.9610779578871664
19645,3.0551818241254285
19646,3.1232035269406877
19651,3.0940476356225504
19657,3.3564959170905384
19660,3.163727967394711
19663,2.8217443996561866
19667,2.70277472005284
19683,4.330669310472122
19684,2.6298777490272536
19688,2.9588755426715188
19693,2.5764772115958046
19698,4.976596308031532
19700,3.1652882670084628
19708,3.2672263747995562
19717,4.643651296736347
19720,4.513454909488046
19728,3.1402750809215676
19733,3.195590425275757
19742,2.668184457959375
19749,3.3537094729633403
19756,2.9403055086029606
19768,2.8433837052279696
19769,2.7684075910519574
19790,2.6622398378646435
19794,3.0607214466521695
19806,2.8799713550557993
19807,2.38818611033353
19808,3.870259468724466
19816,3.2618347733325934
19828,3.4658926072510794
19833,2.530962768576572
19846,2.708658798864792
19849,4.618837709899901
19850,2.6708818206399236
19851,2.729621728332509
19856,3.5825770115014937
19857,3.3486329917413746
19866,4.1607882597890296
19870,3.534002836945911
19873,3.6144460284243114
19890,4.266678071600225
19891,3.4103555610768566
19897,3.0076423344116803
19907,3.1053201709955705
19908,2.9461678927430657
19910,3.490392817967565
19912,2.8034411977086875
19918,4.3712892170654225
19920,3.580838830932909
19921,2.6873193276860334
19933,5.454155430950458
19947,3.5972042046359185
19948,3.0810415173800774
19950,2.914666643825356
19966,3.6696228699249245
19969,3.4628961505834264
19976,2.7799299241348905
19979,3.172211986753295
19993,2.8417344052687263
19994,4.586877236984927
19999,3.2306854694017706
20013,2.9941392085199223
20018,2.9124625945019886
20024,3.189912205979482
20029,3.7692425249911503
20055,2.911453805808739
20062,3.131720909259536
20066,3.0461748534208937
20071,3.316806546103389
20076,2.9844503474006907
20087,2.9745863264321284
20095,4.608317988281864
20102,3.4214088182010673
20112,3.0279761750789778
20114,2.9411367122912675
20131,2.6882417602351385
20135,2.919925687890213
20140,5.43203416092898
20144,3.0589036867873496
20154,3.0428528792205007
20155,2.6228981430364726
20159,3.908940959720481
20165,3.1063468051753436
20169,2.6326665754320184
20180,3.0875290851151194
20185,2.8871364653441964
20200,4.309145048989293
20203,2.906155518951784
20206,2.9245949567637575
20207,2.678834295555206
20217,2.7813052687655526
20228,3.6316850179300078
20233,2.8016166281458594
20236,3.462311629066494
20257,3.5425640497105126
20259,3.1221421083477563
20273,2.8490716052723126
20296,2.927477774306536
20309,4.856726485313942
20312,3.0990690362503086
20322,3.3492138163067833
20330,3.6082645843469594
20331,4.555069395704253
20332,2.875304768081609
20341,3.535799416304827
20351,3.9863909461988842
20352,3.0990690362503086
20354,5.017424136277215
20355,3.0930492113855386
20367,3.0059888288430425
20378,3.093043697652071
20380,3.7720879836425683
20386,2.681056867327819
20389,3.131720909259536
20393,3.6058355855052033
20394,3.1191150752004444
20406,2.644679059308106
20416,2.9993110060359602
20423,2.9844503474006907
20426,3.681333739080385
20431,3.8228300661175125
20435,3.1299849738678938
20439,3.4038805834653343
20449,2.851634336352041
20456,4.9244169661263175
20471,3.002811483804444
20476,2.6919501390553275
20482,2.85023091225757
20490,3.1311703444496524
20500,4.6550522359316036
20502,3.6070392759310472
20508,2.9054436383470157
20516,3.5013207855351585
20529,3.1122492524417904
20530,2.810479227507455
20534,3.125375435804645
20545,3.224969282486513
20556,3.636901943596179
20566,2.7897762101392636
20576,2.3647286845998403
20577,4.0055433796861575
20579,2.79425499995452
20584,3.0639875636300458
20587,3.04314331627426
20597,4.80733544236077
20608,3.289295936128611
20621,3.2049003848939672
20622,3.051446119714045
20636,5.098565105678928
20638,3.272315502105363
20646,3.0975132417817557
20648,3.5655710410682504
20650,3.094427650357706
20654,3.0671993059052394
20658,2.437691421834576
20660,4.760981516757189
20667,2.7336289099593913
20669,3.125375435804645
20674,3.200397988734659
20681,2.643258040438976
20689,2.5665269689998405
20692,2.9964242878424607
20695,3.133330069073251
20697,4.94372559304126
20703,2.425445496902518
20704,2.8023810379205663
20715,2.521675820434008
20721,3.132716027389006
20734,2.7241049391053886
20735,3.5400032559681764
20750,3.0082686620600705
20752,2.9779567861566067
20765,2.7101596787912863
20766,3.047471150810166
20781,2.939940399041956
20782,2.7027205856172514
20785,2.9404174609749507
20790,3.109786831012242
20794,3.661067780713423
20797,2.6905093059759517
20803,2.8303433998656597
20819,4.27280078646399
20824,2.668231297936506
20828,2.8595981163323443
20844,3.117103818642655
20847,2.7801013549433398
20853,3.189523911562003
20863,5.087974060412803
20867,2.3274084773461894
20870,3.1290890512903897
20874,3.252305126253182
20885,3.459469511416807
20895,2.9344218005913283
20908,3.320585401091452
20917,2.688467402980697
20920,2.9993110060359602
20926,2.941504485155633
20930,5.227184722167939
20939,3.5115961205307884
20948,2.9844503474006907
20949,3.080730061182032
20956,3.4407236355177644
20959,3.4785304429283226
20965,3.0428528792205007
20969,2.982817165216273
20972,3.6574554080640884
20981,3.1967330260773177
20986,3.2739323288708375
20993,3.127619538121922
20994,4.534263534937047
21005,3.2521500791910265
21010,3.0341660696226507
21013,2.678834295555206
21023,3.6060130127890804
21030,3.0789255081373463
21031,2.319209890557552
21042,4.675268444221302
21047,3.0904658825850477
21054,2.9926227975398523
21055,3.1232035269406877
21057,2.9150367664758376
21069,3.660671088939354
21070,3.1513159052801623
21086,3.7321889431184685
21088,3.0494736986638524
21090,3.0457203531030284
21108,2.7559383228948335
21109,3.801180884995812
21110,3.1115826658234007
21112,3.320569762248122
21126,4.346411141261507
21130,4.223325390239286
21131,3.204594069523033
21133,3.5763906169373523
21134,3.5565085206415468
21136,3.401824539474717
21140,3.35615799420529
21143,3.1892415352284846
21145,2.9953817447931264
21159,2.5428286072560224
21172,3.2062155349144894
21185,2.765790511137043
21198,3.17346680266308
21199,3.199391501769119
21201,3.133566530475568
21205,3.1144477280483347
21207,3.288931543131302
21211,2.6804473508162148
21221,3.132771203540558
21227,2.831614230806782
21229,3.9411233480648526
21236,4.487865908421109
21237,5.484409232211221
21244,3.0828895436913917
21258,3.163727967394711
21260,3.5961373807707746
21261,2.7434994912223867
21262,2.8824223679229193
21270,2.6762241484076266
21274,5.417089095477009
21283,3.6436809422884635
21289,3.07250015299907
21292,3.51254653863013
21294,4.231840345109378
21297,2.973715851868996
21302,3.924937528277238
21304,2.87181983989127
21305,2.7409615245796335
21312,3.773868563338959
21313,3.0609781414864177
21318,3.9509410051820817
21328,3.107110057391576
21331,4.513454909488046
21334,3.2355062086952113
21335,3.33636237400568
21345,2.8415544824268144
21349,3.0867458093618265
21354,3.573164294731037
21361,2.3064279271611077
21368,3.21195091932029
21377,2.6804473508162148
21382,3.0125649663471226
21393,2.9627966494324234
21406,2.719251358053647
21414,3.718803978580407
21420,5.05664452610483
21421,3.651256018803134
21422,5.203336757328589
21424,2.739079924902646
21428,3.2247183864319906
21431,2.9860160783882197
21438,3.1068391627108607
21440,2.6532298890075565
21442,3.054193323746629
21446,3.094427650357706
21458,3.0937374751527082
21464,4.658323900108558
21469,3.055123424022314
21479,3.4511464699253502
21480,2.8365141526884283
21489,2.334908450316069
21490,3.5515722283149804
21493,2.7141169542947887
21497,3.2194287462487825
21499,3.0790154970895065
21507,3.5177185990780724
21511,2.8985532648730348
21512,2.78747781712451
21520,3.9096017912307977
21525,4.821271775171109
21539,3.327247938293706
21540,2.9844503474006907
21541,3.7775944915536295
21548,3.0531069333601857
21556,3.166641338491499
21557,3.153328306866341
21560,3.045103129265769
21564,3.0937374751527082
21576,3.2774272114040195
21591,2.699292426011632
21597,4.665331331534742
21606,3.8735490961079027
21612,3.5368620754418654
21623,3.0477113686039545
21629,2.6820127180774884
21636,2.6664295276698855
21640,3.2549024495640295
21642,4.602755989009159
21645,2.9913025665624766
21650,3.5579771424736597
21652,3.0302322916530557
21654,3.0532517979754425
21658,3.399172345635848
21665,3.7852648135008895
21672,2.9112194383353334
21674,2.9532142346833457
21684,2.701939118468943
21696,2.9669616374261643
21701,2.909016157251449
21705,5.096395780181779
21708,3.7267324018286616
21709,3.1438619857998025
21727,2.766623761610306
21736,2.9766775781292263
21737,5.0943624032538155
21742,3.6259504260835507
21746,4.018893752304955
21749,2.963323510348334
21751,3.611083878061723
21752,2.9475937096136877
21754,2.8287536127775534
21761,3.831140030447697
21766,3.626406917251607
21796,3.559097968085882
21797,2.785403041720674
21803,3.0443107027315808
21806,3.887214567658001
21822,3.1207395783397702
21827,2.5187418311266034
21828,4.54883044393973
21832,3.2053694217638764
21834,4.568453829110366
21862,3.102544239795919
21863,3.2158941827537992
21865,3.9812896115924583
21866,3.1759138417878563
21869,3.0439660468886562
21878,2.5174098700857694
21883,2.990017825575142
21884,3.824860522425388
21887,3.2399695245033056
21891,4.758771481542202
21896,3.9608963027992106
21897,3.325045042433238
21902,3.073561270491199
21908,2.867912100530566
21909,3.571461606179287
21910,3.114867963865387
21912,3.073552614988897
21916,2.982091745851951
21921,3.7569146647968674
21922,3.7293146087358946
21924,3.07289741913277
21925,3.156721941642407
21926,3.0941575921767566
21936,4.48698136829495
21937,2.7534274059046946
21942,3.0864606739423213
21956,3.330664685522461
21959,2.9791614456769553
21960,2.6323104018431707
21968,3.1857626603181757
21972,2.6748514754991457
21973,3.0457203531030284
21974,3.1929352538814744
21982,4.870641629728878
21988,4.269092528500153
21994,3.058853089431757
22020,2.8288207919801645
22035,2.638620805343474
22048,3.3714675960742406
22057,2.925778225697734
22067,4.3431709871059
22088,3.002692123200208
22091,3.590991014457598
22092,2.909439522657613
22094,2.8164109165749576
22096,3.3297584897098504
22099,2.6457472492363587
22108,3.0562918697740526
22113,2.7641814572250074
22139,3.1526334271214655
22141,2.925778225697734
22142,3.0371351612477664
22143,3.203395630979305
22144,3.3928153556786746
22152,2.770810515068969
22156,3.152609409897056
22163,2.7164686199363435
22180,2.8711762268726995
22183,3.1868262598807293
22189,3.2386202398296717
22197,2.9518452021207016
22200,3.2576197235806275
22208,3.520473570598985
22209,3.9193264737478417
22216,2.9806407415173477
22217,3.3972625712706623
22234,2.5676119111178384
22235,3.626409018282769
22240,3.928300328703128
22243,2.936319320024002
22245,5.318150255686941
22267,2.879325394893028
22270,3.676071559538349
22271,5.543033387854219
22288,3.658959606080317
22290,4.55072559302573
22294,3.3077046476275136
22300,2.5797568444188923
22308,2.8162389757917423
22309,3.131720909259536
22322,3.4128910766346428
22332,3.125375435804645
22343,2.7191859101132394
22358,3.12720527436118
22361,3.5358268875436725
22362,3.1763726012156583
22365,4.669496737850644
22387,2.779521350925391
22397,3.7358857787295454
22410,3.0596834156737582
22419,2.795693581184745
22427,4.583112213816319
22434,2.96712564357448
22444,2.7887231799141516
22445,2.9559339798771114
22458,3.0681000914895207
22462,3.4462720438537056
22469,3.9444190099595766
22474,2.8176976962999625
22475,2.925778225697734
22478,3.5646439236444465
22481,6.268118880618139
22495,3.8518654235467995
22524,2.8242524672255467
22530,2.6954393291573826
22538,3.593167487120576
22547,4.5912613863354395
22554,2.9581031996286855
22561,2.7426821439792164
22565,2.781497275989417
22568,3.1001167509979113
22569,2.956674801643799
22570,2.8172726112987476
22572,2.982206700755989
22578,3.4559763784573745
22581,3.261921653655872
22586,4.42507363171134
22591,2.3721816070100794
22592,3.0474545159744886
22600,2.979912289146771
22602,4.089396549383671
22605,3.3287468986961413
22609,2.987213687800037
22618,3.3044901226163157
22619,3.1063468051753436
22620,3.7487392958344965
22622,3.0051533269399546
22625,2.9169673656609216
22626,3.503054500313615
22629,2.8537427699310425
22640,3.5376658008345596
22644,2.5728641325088386
22646,2.9993110060359602
22652,2.8663607757902017
22661,3.0461748534208937
22662,3.0531069333601857
22668,3.1849089399415376
22673,4.527108966314086
22677,3.824090402523312
22687,2.848878681001756
22688,2.899399423921208
22689,3.0919028740834547
22695,2.58332032658978
22702,3.876111390087706
22712,2.363439830383861
22713,3.6174250696380144
22719,3.285898231383528
22727,2.990868938113809
22732,4.0789307779953194
22739,3.6339836761596267
22755,5.163530825239231
22760,4.954261584768819
22780,2.988313869229463
22790,3.056706761874061
22795,4.649026136477926
22799,3.7316892425459782
22818,2.9404174609749507
22821,3.795932490637248
22828,2.767577574744741
22835,3.055123424022314
22836,3.2207823609673416
22845,2.7545330878766614
22848,4.374707574620197
22861,5.523415188361036
22867,3.1697596128806578
22872,2.963323510348334
22873,3.6186004755638503
22876,3.6335243737436755
22888,3.951191256416121
22901,2.882299564341141
22908,4.902823909970534
22911,5.421622940836862
22917,2.988313869229463
22927,2.6567142935969796
22928,3.5956945355181857
22929,3.5358295798895694
22936,2.549970975648362
22942,2.9839401216586414
22945,4.923394235890315
22947,2.589397924757378
22948,3.5629311815222513
22957,2.8988437151425255
22960,3.0995876908050684
22965,2.9404174609749507
22974,3.6335295838496204
22982,3.762795314631356
22987,5.3356680328551125
22988,2.9547753510356602
22995,2.7625923023325707
23000,3.5000272381430344
23003,3.5322763102201034
23004,3.0627150818927253
23007,3.104482720241015
23009,5.557886067380356
23016,3.793181387641793
23018,3.0286815288544933
23021,2.8343966306595507
23030,3.0922985186501486
23035,2.85006865179984
23046,4.517690340430548
23057,2.968722080653384
23078,3.164024185061866
23081,3.1474021118616005
23082,3.6521463054715313
23105,2.811957271344263
23106,3.5928617899014346
23114,2.7571278194332884
23120,4.204037336476484
23123,3.052575146686971
23145,2.508835363155003
23146,3.572369455457981
23151,3.685182064506156
23152,3.5451125426969803
23154,3.0457203531030284
23157,3.1526202092853115
23161,3.374777844098711
23168,4.615710362405398
23173,4.125099725028713
23175,4.509112113967706
23186,3.126897015591197
23192,3.232657966332874
23202,3.089870795309637
23209,3.210830510291839
23214,2.761725346332983
23223,2.381950265945698
23225,2.706291615403227
23230,3.0677936243936945
23231,2.882299564341141
23233,5.008187374703809
23238,3.5579771424736597
23240,5.301683176086818
23245,3.1135251133315367
23249,4.447919099794438
23251,3.24293655237965
23254,3.2790967482958475
23259,2.781888956400267
23260,2.970237360764829
23262,4.635582640040671
23265,3.7093184893228486
23273,3.0094559707914152
23276,3.0537703465278945
23278,3.933946148613189
23284,3.0828895436913917
23285,2.443375390522064
23287,4.490187511302362
23290,3.2161944491604286
23291,4.498801692584761
23302,3.878135794007415
23307,3.2057639239216207
23309,3.116607934925027
23310,3.13093222656804
23311,3.4793141437784176
23314,4.535750701267029
23317,3.553934362406683
23320,3.0935665383848545
23323,2.9775491031325556
23328,4.132627999491849
23335,2.5020566943983646
23354,2.2565852931328747
23356,5.699924645421564
23362,2.8433837052279696
23365,3.0305426029868254
23374,3.0402892231700847
23376,2.727475343348056
23377,3.2054204298011584
23401,2.4840901476159467
23407,2.4781753218227154
23410,2.9638990470764277
23414,3.4837197999703164
23417,3.9270336234082577
23424,3.765355182382309
23430,3.056706761874061
23435,3.0218788748909744
23444,4.093059199089445
23451,3.531909745443646
23456,3.009370665126514
23458,3.057876251905954
23468,4.529220064358965
23469,2.5817757360007323
23470,3.7992427346216466
23471,2.5906408710152373
23472,3.0677395690765628
23476,3.018826103284661
23481,4.276929268111733
23485,3.158569919528784
23492,3.1414356950331435
23497,3.2295769021989904
23498,3.630095903241944
23509,2.6329549933315315
23522,3.005733729899443
23527,2.7571856708173472
23528,3.364780297246827
23541,2.8429046693138504
23547,3.330032355715561
23552,2.3988836963265863
23561,2.8591459998858655
23563,3.2269302680197898
23569,3.404696962768692
23573,3.137537768880594
23577,2.3588636125781193
23592,3.5249484968116898
23595,3.614657141724697
23604,2.9191796009356312
23607,2.6221861128224626
23610,3.5512539363932554
23615,2.631680723947045
23617,3.130611742641599
23621,3.1144127967184074
23622,3.294032904454249
23626,3.384969549601659
23640,4.546047350742907
23642,3.5380514282449473
23656,3.029529236738456
23661,5.038094881034446
23664,2.5574727019851697
23669,2.8783080885610843
23671,3.617237470870644
23675,3.364264782519925
23698,3.3003732386463818
23714,3.7349363277662126
23723,3.077614829373771
23724,2.889441944407354
23739,3.0059055862771644
23740,4.525764544950913
23745,4.203607289419192
23753,2.7015942777816817
23756,2.7828763243627455
23760,2.7029807089420803
23761,2.8126241330502624
23765,3.1144477280483347
23769,3.5808931756180753
23782,3.0334903744871045
23788,3.039829812721598
23797,3.429426641633244
23798,3.1263144707068555
23802,3.3512890325066644
23804,3.172398344872722
23806,2.6773839412145315
23808,3.56518887703785
23812,4.903414715019165
23820,3.762795314631356
23835,3.261073545179094
23838,3.263746104221775
23841,2.425895797117645
23842,3.002555138604723
23855,2.7677400047612455
23856,2.9391585531574753
23862,2.980445851178344
23863,3.082782464963912
23870,5.402580764754716
23875,3.065667510586357
23889,3.0722183029589076
23890,3.4884726673701323
23898,4.779206874858915
23903,3.202394310572333
23911,3.092426883432512
23914,3.15813790294967
23927,3.098537446094937
23933,2.3847782102912642
23935,3.6282074605270553
23937,2.724794256291985
23953,2.8863469736666363
23955,3.2364802251749945
23969,3.1761041238664847
23970,3.0040155003000657
23971,2.8636758075545146
23981,2.662915232280824
23986,2.6664295276698855
23993,3.12377958544637
23998,2.6579936273602147
24000,4.591904920144799
24001,3.316141794047139
24003,3.4774862416252303
24008,3.1227132717314565
24009,3.137537768880594
24014,3.5646439236444465
24022,3.5479618540765276
24039,5.694220343054976
24041,3.691243445270068
24044,3.9300286744132844
24048,2.946782732686411
24063,3.163727967394711
24077,3.334346553795518
24080,3.5487682759168386
24083,3.335912977986539
24114,4.107001292357577
24116,4.65085907398107
24121,3.3900343387352434
24124,3.1580454081885994
24129,3.0188668846206737
24139,3.812951890052472
24140,4.320394750054035
24143,4.7721802870887515
24145,2.494858922956861
24148,2.4601145696416817
24175,3.2231440567341116
24176,3.2043541923734598
24181,3.511805358811453
24183,3.583578447463812
24186,3.587791689442114
24196,3.0722634884039257
24208,4.138062974408864
24209,3.163727967394711
24216,4.327201517816453
24217,3.133566530475568
24223,2.7625923023325707
24231,2.8068717748022523
24234,2.4643926299722576
24239,3.7737901553929865
24242,3.058265204386381
24243,3.157720366570619
24247,2.513949110429309
24250,3.0747345568204794
24261,3.144929808220046
24275,3.057774802372948
24277,2.5197677309745483
24288,3.2621401033192297
24292,2.6728957104487163
24301,3.6588766574100275
24304,3.1137016863151823
24307,3.2236893571625282
24309,3.632522742316077
24312,2.761725346332983
24313,3.070440920432613
24318,3.0886593711876627
24332,2.9865347144614613
24341,2.995761377121055
24342,2.971236104711551
24343,3.1993525830829457
24347,2.751363972381469
24349,3.132548888553505
24351,2.8268466082145283
24359,3.489491075517611
24363,2.848878681001756
24374,3.187150188657305
24387,5.048013729705226
24393,4.81545259766115
24399,3.1532969727493274
24405,4.815313722881278
24411,4.365234457516601
24415,2.935795009900507
24426,3.0456243308386877
24428,2.6417202367730446
24434,3.644487532878832
24438,5.139786624560043
24439,3.397864120851988
24442,3.5154677738424747
24456,4.596382729285805
24458,4.550998205003509
24473,4.338859892741057
24474,2.9872705485881954
24482,3.3162795785272885
24504,2.6806842734114023
24509,2.7013846084641497
24518,2.9844503474006907
24521,2.907969344873914
24526,2.618294779774626
24527,4.285894769313087
24528,3.287455073966944
24534,2.8535389893522143
24540,3.382502540562913
24558,2.975918749691931
24563,3.076928004838796
24569,3.3888746944379555
24575,4.537683355067612
24597,2.712378391378981
24602,2.7014893229795747
24606,3.956484069413421
24611,3.5244083113628273
24615,3.307321439811304
24636,3.646403021351122
24670,2.9964242878424607
24673,3.099645008093145
24679,2.7959360141805476
24682,3.231545614948587
24704,2.812269784993599
24724,2.630523702970428
24740,3.311825561371238
24759,3.1202230356519083
24765,4.439456127412955
24771,2.8224693011061
24775,3.243569341351626
24785,3.5732056513746757
24786,3.547776156942996
24791,2.6649213241666296
24793,3.585851421267936
24803,2.88185590461017
24805,3.6848093503698136
24807,2.7401813804038775
24818,4.559112632009052
24820,2.5321672355363347
24823,3.288307248254243
24824,3.8253153917571208
24826,3.0555384297003836
24829,3.2248147076636218
24831,3.2271799037993643
24833,4.333398979772708
24851,3.4442099979082794
24852,3.0941985776079077
24859,3.649536581384325
24863,4.982892768896418
24865,2.3067783195016367
24890,2.9576585922581327
24893,3.0198913118242374
24902,3.4391745280847914
24906,2.995761377121055
24915,2.5985984127927546
24924,2.9745961040242346
24930,4.643651296736347
24938,2.8507971752446633
24947,4.491039273850255
24948,3.9961978641152447
24956,3.2235211244050728
24963,3.1063468051753436
24966,3.558815905516271
24975,3.9941345741278553
24980,3.0927043648412136
24986,3.114308804018799
24988,3.7805794712993808
24993,3.236120868537688
24999,3.7031313700898933
25004,3.2235497673075386
25005,3.0607228643626283
25012,3.1505568246801774
25025,3.141831974414111
25040,3.4306197528815523
25041,4.428553418488221
25044,3.7221948862950875
25046,3.519939890223691
25054,3.009160697979871
25066,3.368664782046991
25091,2.969791390383459
25099,3.0259902951998927
25106,2.817767656280808
25107,2.897896856671773
25110,3.2831646886726995
25112,3.595700393775891
25115,3.203404842566866
25118,3.721766068466195
25119,3.8359539532581515
25127,3.125375435804645
25140,3.642766764456822
25153,3.3794066465415313
25157,3.3439134971735403
25158,2.9461091397834234
25162,3.0224517273273084
25165,2.717449212483608
25169,3.0686573126442984
25172,3.4194650434526737
25181,2.9581031996286855
25183,4.3373347784808
25185,3.000546234189452
25189,3.5144385574491457
25190,3.4529037774986406
25192,3.6619512059918
25216,2.9844503474006907
25230,3.615069277595147
25241,3.368137418916245
25244,3.950281296282622
25247,3.3609736167404436
25263,3.6111473043551303
25273,3.3455084121327308
25278,3.386725998083082
25280,4.718633600132852
25289,2.8486416849502527
25290,2.830627689469482
25293,3.056706761874061
25296,3.127653122376123
25307,3.162769877723601
25315,3.0532517979754425
25320,2.764221047411926
25328,3.0686573126442984
25329,2.8641444416552244
25330,3.0451029938659584
25331,4.374527828125968
25349,2.9369423383229845
25350,3.5175334741846394
25366,2.916414368263736
25377,3.231504595643145
25382,3.8008459801931975
25384,2.7879301590901315
25391,2.605527579383985
25397,4.637877720817033
25399,2.9114415099445194
25400,2.5143012699082714
25420,4.2420374222805854
25431,2.987213687800037
25438,3.0313367347066014
25442,5.215555784381092
25443,3.4446498348219388
25444,4.56397877218348
25446,3.116685890383637
25452,2.969791390383459
25462,3.5782036114899536
25474,4.05596653579463
25479,2.9390030999658405
25495,3.2336906221356974
25506,2.9136128004570137
25512,3.134958282515846
25515,4.56105761895498
25523,3.193414346377325
25535,2.774535884993158
25541,3.3628225355992725
25551,3.900103764432864
25559,3.300739990599018
25564,3.476255044561904
25566,3.802506851900761
25567,3.6371826287903337
25569,3.2139810677107965
25572,2.9043729725174847
25595,3.7375517852696105
25607,3.0461748534208937
25614,2.6540684754909085
25615,3.2032552760953066
25617,2.835243443523624
25621,3.0128339441702785
25628,5.416217394555645
25636,2.6715045479948216
25642,3.7422075299237587
25658,3.0539274968655117
25665,2.949419213082686
25671,3.535211116053948
25675,3.443395558562531
25682,2.475380174287567
25685,4.599346857543482
25686,2.987213687800037
25694,3.2883138637240554
25699,2.800119574574587
25700,3.1686336145600467
25708,2.8815405047507427
25720,3.131720909259536
25734,3.653322934543232
25738,2.300390891942747
25769,2.7289826513880064
25771,4.03852029419087
25775,2.809397425011534
25776,3.095431714711294
25778,2.9696180605220936
25784,3.043376952736608
25796,3.1232501258010625
25802,3.750750162159761
25814,4.608789365404087
25815,2.829420121005284
25817,3.1591996346699385
25820,3.0480043848255707
25822,3.406647815280317
25827,2.7801013549433398
25831,3.1077433700380155
25837,3.639532367255035
25844,3.2583206863586303
25847,4.1888094694742515
25852,3.5814178398466474
25853,3.1019731946693785
25859,2.782511603463331
25874,3.6056386331165706
25876,3.2186738305205815
25878,3.1071887351493737
25883,3.0557900250368633
25888,2.787517481188567
25891,2.7004863474467493
25900,3.135431694007303
25905,3.227029509406703
25909,3.0139762790752567
25918,3.166012303680815
25923,3.0224690393347267
25924,3.2093057430750584
25945,2.9942535019494594
25949,4.643651296736347
25953,2.991099148318236
25956,5.768448780862672
25964,5.096553977922346
25969,3.10830228613609
25975,2.9913025665624766
25976,3.170524356573052
25979,3.800239420298814
25988,4.020079622693305
25996,4.30136905614329
26006,2.8423977475971696
26030,5.090165424830364
26034,3.6911111958727414
26035,4.410853608361043
26041,3.092426883432512
26045,3.154269987148081
26075,2.6173509881748322
26078,3.0055995689772312
26082,3.394836790248822
26085,4.568894004091192
26093,2.9269254151469744
26094,3.2872684711372564
26096,3.0912773194597714
26103,3.0792133744694548
26104,2.920313319104616
26108,3.063395650346424
26109,3.21303632109741
26111,4.614474274045952
26140,3.08455781513449
26147,3.5661983656327854
26159,3.3542052842585033
26169,2.278452892895288
26184,5.649566788056433
26185,2.7269070863424183
26198,4.469718098575776
26199,3.3832740652222673
26206,3.657067352815419
26210,4.626483472786802
26212,3.4003579364611394
26213,3.0792133744694548
26219,3.0218788748909744
26227,3.6006735044227844
26239,3.5529970691154107
26240,2.530902722262542
26242,4.325654708899728
26244,2.893583519600455
26245,3.475237639052824
26251,3.27557565681582
26260,3.731623564133997
26268,3.4685890350566693
26280,3.178255309269186
26281,3.015929033397959
26283,3.3048842309702424
26286,5.233536147166555
26309,2.5725429485600366
26313,2.548887512663609
26321,3.1063468051753436
26323,2.752171330282717
26331,4.591936327415892
26333,3.127653122376123
26337,4.856472669950627
26340,3.2234939065107544
26341,5.247781356074754
26358,2.8023810379205663
26367,3.714465649928491
26389,2.6845039693543673
26400,2.726567881686181
26408,3.361702090719107
26420,3.1929738704799338
26423,3.7447425134599803
26424,3.604034997155326
26432,2.7684075910519574
26435,3.605130429240494
26437,4.6580265393611455
26438,3.0903249515417976
26440,3.039818006385032
26444,5.3038890800430565
26451,3.070455241718456
26456,5.053135711464312
26457,3.4721252812695846
26458,3.2347872099147175
26483,3.5871429624189104
26490,2.7960662433246046
26496,3.605532145926385
26502,2.84907231864415
26517,2.9727063691665
26521,3.0358964325150257
26522,3.224969282486513
26525,3.339439730288556
26531,3.1337279299340133
26533,3.1227132717314565
26555,2.9307395103984253
26557,3.181447950124434
26561,2.824412304878292
26564,3.0224322308792915
26570,3.0686573126442984
26572,2.8006563044327994
26575,3.421303520612555
26581,3.5080385519095265
26593,2.361114060711465
26612,3.9602107601901704
26617,3.224969282486513
26619,4.033402705971222
26634,2.5416079175375685
26640,3.196359478997436
26644,3.0461748534208937
26649,4.569906559407321
26654,4.302033564513094
26655,4.5209494618935375
26658,5.092910968866735
26660,2.8904584371434963
26667,3.308616379080423
26671,2.9354110983888413
26672,3.19615264828274
26676,3.768394178552442
26686,3.073058376523048
26689,3.7543048904166554
26693,3.0128339441702785
26697,3.131720909259536
26711,3.520092982987112
26716,3.0945740375039965
26724,4.494599968218796
26727,3.664117313479375
26732,4.335959463968368
26740,4.224609142398979
26745,2.807057866695452
26751,2.621156407618277
26753,2.7420177126522445
26755,2.835156174210339
26765,3.0946422360599883
26767,3.497601662513459
26771,2.960114818530948
26782,2.9771023114349178
26786,3.1405510326104973
26789,4.167943692559015
26795,3.3830013989107006
26801,2.685830136192349
26808,3.1420651160730113
26811,2.8478064736727533
26812,3.307808232742314
26815,3.0989180707621236
26825,5.111336569177353
26828,2.873144748747346
26834,2.9059268555182998
26838,3.095431714711294
26848,4.335362519238636
26855,2.9773517773791123
26856,3.7472638110294696
26870,4.341277245022259
26875,3.4757860335753046
26884,3.1579851159285584
26903,3.0051533269399546
26939,3.2475507253499782
26945,2.6280976775290674
26953,3.215685983786372
26954,2.929773184249953
26961,4.5399801542750255
26964,3.054703431035035
26966,3.626413035742
26979,2.723885933541912
26981,2.952693293849433
26987,3.676586599149574
27005,4.615486142366998
27006,3.475651871927007
27011,4.4876266499898225
27013,4.623200660787594
27015,3.005359057520729
27018,3.1983366448048733
27023,2.4961199047376477
27031,3.595700393775891
27045,2.9977286459124026
27053,3.0668278777643936
27055,4.919681938095115
27058,4.85348560526052
27059,3.9786064490815516
27070,3.1789847165619136
27074,3.4861458772508436
27080,3.109569839885695
27088,3.9058260194650187
27098,3.4725085629962504
27107,2.7799299241348905
27117,4.614678837874914
27129,4.535061011198014
27132,3.1251088733622874
27134,3.067254600720917
27138,3.2922745604317125
27143,3.11149055497305
27148,3.0940075056219642
27150,3.7110567590619916
27152,2.738315495922139
27156,3.2703147305979465
27166,5.3994169002103485
27167,3.593368240835205
27172,2.776730973525838
27185,3.0650468794858323
27200,2.9893775788759664
27203,2.835731249834132
27204,3.121159467938246
27207,2.9473218464929194
27209,3.075116979336547
27218,2.812528729208135
27235,3.125375435804645
27241,2.331193463860611
27244,3.474308324954836
27245,3.329378091474772
27246,2.3898833462387774
27250,3.3754436271728423
27254,4.618837709899901
27262,2.9855204981666708
27265,3.6181142354686737
27270,3.0555384297003836
27276,3.5088520428020313
27280,2.96712564357448
27282,3.0922985186501486
27287,3.6958099804785896
27291,3.007373059780349
27302,5.378204552921945
27308,2.3057890471036697
27311,3.501480252905277
27312,2.23003912835986
27318,2.67563372446029
27321,4.843740625818353
27323,3.1137016863151823
27328,2.6759054940143754
27329,3.0941985776079077
27334,3.55305523559708
27336,3.0531069333601857
27339,3.7488767881768874
27342,4.156449386936934
27343,2.984635611751076
27344,2.916780752828165
27369,3.1287992515738408
27377,2.9617629925751925
27392,2.4084535836206733
27403,4.523728560285234
27413,3.399757032881308
27418,2.8663607757902017
27420,3.1487947382027315
27422,3.383485809158119
27423,2.698748434185566
27435,2.5970801087064412
27456,3.3265369350742393
27457,2.8948396562490144
27460,3.305401361683339
27480,3.032701023326218
27481,5.150457723167191
27482,3.2765639172018277
27495,3.476751103781866
27502,3.0488867723226694
27511,3.182112360449332
27515,2.9840027804973768
27518,3.64803813498908
27519,2.8452866116380147
27527,4.580375844103637
27547,2.553790894763729
27549,3.796384529364387
27559,2.970143051549587
27563,3.122543153874617
27574,2.8905005248406965
27577,3.0417062578782192
27578,2.8167109275332467
27579,3.4542559832135087
27586,2.9386103776478834
27588,2.846759475982823
27598,2.9855204981666708
27606,5.168999634183342
27617,2.9966528822122482
27629,2.9382622015381346
27634,2.619554057454673
27645,3.5781078878683816
27646,2.9860160783882197
27650,4.599695858932562
27654,3.5080556852994573
27658,2.908821429141045
27676,3.003796921872589
27678,2.8148499319018008
27679,2.8814648747579183
27682,3.318787124977607
27686,2.969791390383459
27695,3.523874944467693
27702,4.483888643999467
27703,2.6622398378646435
27704,5.154745969480393
27707,2.765245566956985
27712,2.5444875678677827
27718,3.795421160247492
27719,2.828223469215085
27727,3.5772726096574368
27744,3.051560173153763
27745,5.455882712609084
27749,3.1492907547342814
27750,2.781888956400267
27758,2.9915338684131294
27759,3.005826707379979
27773,2.9893332191931266
27782,2.6622398378646435
27789,2.8424213522416077
27804,3.0230592513986525
27809,3.179493885291957
27810,4.542689486268913
27812,3.2069567507639514
27813,3.033364155447001
27814,3.5758584036753143
27823,3.5345924246066174
27825,4.078130203144296
27826,3.731018843923894
27830,4.541007275372149
27832,3.4774733397059077
27833,4.984787151781516
27847,3.266674260455808
27848,3.6505556749030887
27849,2.184271261338843
27850,3.155129547640608
27853,3.897150995504122
27861,3.2783425641558877
27869,2.9253429807787024
27872,3.1843561210738764
27874,3.4127903539661606
27881,2.821410582255792
27886,2.749388432240481
27895,4.636986805866415
27907,5.071009896465294
27908,3.1232035269406877
27936,3.3214645830293428
27940,3.6313246203362883
27950,3.436256615184806
27952,4.341943705297798
27965,2.6873193276860334
27973,4.9912776367485225
27978,3.282966541545736
27979,2.480278350707138
27985,5.644675056287388
27987,2.7081265690953495
27989,2.7545330878766614
27992,3.654777940757319
27997,3.1974030621546286
28013,2.6551589679664693
28016,3.6587721924499403
28017,2.6821040671672356
28050,4.643651296736347
28052,2.966946356405814
28070,3.534002836945911
28075,3.0124849489853425
28087,4.883678215243427
28088,3.014598666028821
28090,4.16827293824908
28105,3.430644921484347
28114,3.1972091214478016
28121,2.678695676060607
28123,3.4414165981045057
28134,4.883888678062809
28139,2.8860902931579733
28143,3.942501915667143
28145,4.2309471689863045
28155,3.0457203531030284
28163,4.629763679205371
28164,3.517148186093097
28165,2.683877846034816
28170,3.243569189004585
28176,2.5777606737891814
28179,4.419622537503811
28186,2.8343651807006798
28198,5.2129234773113815
28200,3.543676451036293
28202,2.840881301408034
28211,3.0096525914045107
28216,2.3315744118008883
28224,3.341527801699196
28227,2.9840962898371175
28228,3.7203774987124976
28230,3.0195857642861115
28231,3.024500449754396
28232,3.134910346847821
28234,3.219465295806044
28243,2.9789713776406277
28247,5.76062051071606
28254,3.244609616662062
28256,3.0333436392818243
28257,3.057774802372948
28260,3.0356858011878094
28265,3.1867232879816565
28267,2.867312953814035
28270,3.074899056242096
28274,2.9980067418406704
28282,3.049251934273121
28284,3.231164534393623
28285,3.221090571774655
28290,3.8248180745134093
28291,3.0928755657745657
28298,2.5753277406010566
28302,2.60074070847549
28311,3.094427650357706
28325,4.56837119026552
28327,3.596197028258359
28332,3.636901943596179
28337,3.192151897005692
28345,3.7775944915536295
28369,2.8475380225868068
28370,3.117490814502135
28382,2.742993945736919
28387,3.7866461789582155
28391,4.134326821542735
28398,5.420298919767022
28399,3.6463010171737738
28409,3.0855038536161006
28416,4.295844033982377
28417,2.758525033494017
28418,2.6792895154823357
28420,3.590120462505095
28427,3.2913827982051456
28430,3.014988033540857
28433,2.7998070298687336
28436,3.641266395892909
28441,3.125375435804645
28448,2.5515141990506747
28453,2.7468309597071565
28457,2.5946336614709
28458,2.696227829266932
28467,3.3889528109499363
28471,2.885866208941216
28475,2.3897789494297696
28479,4.489669586230034
28499,2.801892134737917
28508,3.004504968308076
28519,2.805868070660047
28531,5.0117913448007805
28535,4.588227757252463
28539,2.9818308398709283
28541,3.2411707443078446
28547,3.177320895282041
28550,2.8394211763991652
28563,3.4909089690184816
28564,5.083371141712641
28571,2.728710492882355
28589,3.651480569602282
28595,3.355803866500539
28596,3.152738863789158
28601,4.5873824697123915
28603,2.2798456497450648
28623,3.593413153973482
28635,3.15619851726851
28642,2.953304276816774
28655,3.03057755372294
28659,3.1458176181622624
28661,3.4190467264145425
28663,3.228165349680267
28672,2.9451255993627536
28675,3.5136935345848928
28677,3.5261859206568746
28693,6.231975894676518
28699,3.318776188430128
28704,3.86944190910754
28710,2.687967486103757
28711,3.5499573343918276
28713,3.4464861874703527
28714,4.478303126462431
28724,2.3752985487706058
28727,3.0940075056219642
28738,2.925166367072704
28739,3.513464759718638
28745,3.0940476356225504
28748,2.9075526476499247
28755,3.1251088733622874
28762,3.6125392870286746
28767,3.009063399196506
28769,3.466074320071984
28775,3.1122492524417904
28778,4.520363498840819
28781,3.2690571884732385
28787,3.6852077775732477
28799,3.224969282486513
28800,3.470353686908697
28809,5.0484061954208315
28824,3.1946183878685557
28829,2.7430354946405004
28835,2.9727581908102616
28839,3.0657861080709528
28848,2.8207783636353105
28855,3.6006735044227844
28861,5.5801619147381984
28876,3.058265204386381
28877,4.4817704247751315
28884,3.5147195039044687
28891,2.983035784707674
28906,3.0052589122855964
28907,3.1113844324228945
28924,2.3289061597737666
28925,3.5866972060823237
28930,3.6569027568544055
28937,4.645308722737008
28948,4.393677262599629
28976,3.5177978434966324
28989,3.4754576155273726
29003,4.968320008075304
29016,2.8325451957308263
29017,5.113679171703421
29027,4.103511513388445
29031,3.0308665013915497
29035,3.0286841614837594
29036,3.0224363023149494
29044,2.8365141526884283
29047,3.475651871927007
29052,4.5015229528274645
29055,3.6093612351547453
29072,2.9130713190508444
29088,4.577868274174042
29091,3.5015760520473442
29125,3.043498140243975
29137,3.202065944371745
29140,3.1639651416842236
29141,3.6457528930603096
29144,4.8459197040158
29145,5.695589484817251
29146,2.8453801050233007
29162,4.288582885533749
29167,3.5957464760253375
29174,3.1063468051753436
29178,2.6820127180774884
29186,2.8317275308324437
29189,3.3118423348821002
29196,3.800707812463177
29205,2.6728957104487163
29210,3.365245013353759
29212,3.5589313890885474
29213,3.0425922268360743
29215,2.9384657024650047
29230,3.6727396324666843
29240,3.063086643818405
29243,3.092426883432512
29258,3.5907320136724734
29259,3.1363497831318354
29269,2.7549592021651192
29274,3.1063468051753436
29281,4.390405380037171
29283,3.0941575921767566
29296,2.4565598141134157
29297,2.997882561462332
29303,3.0492146720951068
29305,4.544639529393607
29326,2.5792402727142423
29328,3.557467226979387
29336,5.204053474456389
29343,2.8316238533354707
29344,4.58353132835526
29345,3.294211512778759
29348,3.226138294378347
29353,3.2753608568543666
29358,2.1775129883234903
29361,4.955260202250283
29367,3.3708610750186594
29369,4.635308316098801
29370,4.606850759192347
29379,3.137537768880594
29391,3.5626610895436963
29393,2.956119869586259
29396,3.104800074942267
29404,3.3378000489202844
29407,3.048021783994198
29414,5.250709373241794
29431,5.205020945568337
29434,5.31561833164964
29435,3.0136889035378136
29452,3.250696959625422
29453,2.7777969157849296
29454,2.8490716052723126
29455,2.6379381261723083
29456,2.2583361147223453
29460,2.9451255993627536
29468,3.4651826808373807
29474,3.9871591755622244
29475,2.5225646855878026
29478,3.687021436069433
29480,2.9838868773392746
29486,2.96650788026984
29495,3.4354198857975926
29509,5.199315487612321
29514,2.743172944262328
29518,2.682879831145251
29527,3.4124185674668515
29530,3.3635312266045623
29537,4.400832997194244
29544,3.864537553920938
29545,3.0996970392919496
29554,4.385365070392064
29558,3.440785031987687
29560,4.429101316510836
29569,4.544195728729224
29578,2.4743118847835675
29582,3.969123264549289
29585,3.562038348490793
29589,2.9364628775865764
29596,3.740061968851644
29607,2.7164686199363435
29608,3.032701023326218
29609,2.963961544697465
29614,2.5804275273783532
29620,3.553290187321276
29621,2.734570905913321
29634,2.442530720373231
29647,3.153221310775513
29653,3.4606511884350195
29654,2.978323016844409
29657,2.8528336874910813
29659,2.9860069539300094
29667,4.535556660830349
29671,3.4475368708487237
29682,2.7164686199363435
29691,2.7651879681753706
29695,4.984405021358846
29699,3.4759354127664204
29703,3.3359286962211594
29709,3.105602165163763
29717,3.225296700405661
29728,3.1058355536108464
29732,4.02750986085146
29733,3.6154217517076574
29748,3.183973380163589
29754,3.6273908872644705
29761,3.4821845902640796
29763,2.700595708714811
29773,3.685106644203228
29784,2.870687362912926
29789,3.082359923935811
29795,5.485416310526506
29796,2.9627966494324234
29802,2.402603815446161
29814,4.865903073604949
29831,3.309816394862701
29839,2.4713275936111376
29840,3.134958282515846
29842,3.7951363839589565
29855,3.1122492524417904
29857,2.730850296687744
29858,3.2194287462487825
29861,3.0094559707914152
29864,2.7595192538454927
29866,3.801125801729439
29869,3.2215206004914823
29870,3.0789255081373463
29877,3.163727967394711
29880,3.220874299364239
29882,2.9771023114349178
29883,3.181963379407026
29888,3.5321062039844624
29892,2.9884043576901353
29905,2.9558665653819425
29919,3.004620993951012
29921,2.654994396014726
29936,4.307013466435424
29937,2.8261305429103842
29947,3.395560487744556
29949,2.9161557133525333
29950,2.77733039495767
29956,4.967309844200909
29958,3.516176606616547
29978,4.51974876746528
29985,3.26504940918613
29993,3.0196632058040227
29994,3.094427650357706
30002,3.424895801909023
30017,2.970237360764829
30019,3.5513645200138675
30022,3.6420430221209825
30029,3.7212861327026543
30034,3.639532367255035
30041,3.228362554868901
30044,4.93709304984893
30052,3.56299544111187
30053,3.131720909259536
30063,3.0428528792205007
30064,3.601904504094389
30068,3.729111939380555
30083,3.0188668846206737
30085,4.5357556995036115
30089,2.8475380225868068
30112,3.6642594289275823
30114,3.4568553156649604
30117,4.494696106013766
30122,2.950213580211555
30134,2.763603097950882
30137,4.272373303472181
30138,2.7807040106817724
30142,3.01226687522295
30146,3.5224825610498507
30154,3.614097228865621
30161,2.934627023771594
30164,2.5258099119834356
30177,3.0647169613720546
30189,2.7166400950247898
30192,3.0288196598721218
30195,3.004140250563744
30199,3.3145210965916267
30200,3.5181646690001873
30202,3.031617013179577
30203,3.015568940978229
30208,2.698748434185566
30213,2.696227829266932
30217,4.898552586103802
30220,2.882299564341141
30226,2.9927256822782797
30228,3.6579102018045067
30234,2.660464200731594
30237,2.41020273471546
30238,2.7898635680919215
30242,3.1185863074085427
30243,3.1744433031905643
30259,2.729621728332509
30264,2.699597089906042
30273,3.5174238705019847
30280,3.2884966157855104
30292,5.355084984562831
30296,5.140591660759653
30300,2.8914916609800283
30305,2.9778171205671518
30313,3.0050743814757555
30346,4.159958040263136
30348,3.0668278777643936
30353,3.1411314581202388
30363,2.8433837052279696
30369,3.015929033397959
30371,5.264136185738549
30372,2.6583581917648402
30375,2.9657205942247957
30383,2.982034495527441
30384,3.74604651675506
30387,2.8051995506981333
30393,4.626006177773183
30394,3.335554154517391
30410,3.764467135308755
30415,4.496595645939167
30416,2.5108065223835614
30423,2.2719347577443516
30430,3.286306801161317
30447,3.4929018800317424
30448,2.864979683511047
30449,3.0791475035549336
30451,3.4880088116839247
30455,3.5184685330257897
30457,3.7728731405680973
30463,3.1238580393806945
30475,2.9022256114562874
30476,2.896340325010576
30477,3.8287851722923456
30479,3.263812014994904
30482,2.9914484077346306
30483,2.85006865179984
30490,3.0627087066153966
30494,4.537795221057733
30495,3.2255100939842545
30502,3.172881507850583
30516,3.542366350673184
30526,3.707898060605424
30535,3.442180284256287
30537,2.7543599861561443
30539,3.092166869960156
30544,2.726089730896131
30547,3.028595062754766
30556,2.9993416671648157
30557,3.34381026242959
30560,3.093877202533769
30570,2.774755966075093
30573,3.4759062970506633
30575,3.292168507570101
30578,3.6886515460232285
30587,4.570385204917528
30588,2.973855695077387
30591,3.051860498569893
30593,3.636913182041887
30594,4.416392408453174
30597,3.135863658911995
30617,6.229834948383458
30621,3.795421160247492
30623,3.556684093410532
30637,2.9175621837567327
30638,2.925166367072704
30647,4.6427378927679985
30658,3.155938784908524
30663,3.137537768880594
30669,3.0864606739423213
30681,3.524601441071728
30689,3.209663294286598
30690,5.076640813532238
30699,3.1063468051753436
30711,3.878645409974064
30719,4.733513662884572
30726,2.925778225697734
30728,3.1078528625451978
30731,5.116073547641971
30733,2.907969344873914
30736,3.0105650964849575
30737,3.7284264808918346
30738,3.5695340871516175
30749,3.114688144306375
30751,4.210617336633083
30753,3.2401045427369013
30759,2.99084252334033
30762,3.027402061247514
30767,3.2934275761683303
30771,2.9844503474006907
30783,3.1477321554317927
30789,4.502465639498568
30792,3.1137596018822062
30793,3.0395972066115706
30798,2.662371274142733
30803,3.0321424750704655
30804,2.732967175142803
30807,3.2510707017614853
30820,3.22940721908948
30827,5.258201258555113
30829,2.8982635062733184
30832,4.61587915029749
30833,3.644893226650894
30838,3.7795578366233373
30850,3.0789255081373463
30854,3.128961637432355
30856,4.806958427155799
30864,3.0359833129794733
30870,3.549033424435009
30873,4.800457263971353
30906,3.067599503680163
30910,3.055110682101071
30911,3.055123424022314
30912,3.548491713772548
30920,2.709598792032507
30921,2.9840027804973768
30927,5.092910968866735
30935,2.798287425226254
30940,2.9842088892292384
30943,2.729621728332509
30951,5.060127187892953
30960,2.8041138768499594
30961,3.0505130765057014
30963,4.573416548803946
30967,3.2625872083116376
30969,3.0562918697740526
30995,5.488463590016079
31004,4.460526479510392
31009,3.02031684697153
31012,3.378839452111523
31013,2.811354334592686
31016,3.064666443753568
31018,3.0668278777643936
31020,2.7012733777524742
31021,3.061548674730359
31023,3.5443269229454524
31025,3.726033056105362
31038,4.974601436360361
31041,2.7601286879875038
31042,2.988044044444432
31055,3.0076423344116803
31057,3.0728730870318333
31060,3.5638580931532653
31067,3.543472967504674
31076,3.4529706272728014
31077,5.476757886131006
31078,3.5077833627942017
31087,3.2832666972252165
31097,3.215325587726629
31100,4.576385444835603
31101,4.609125946321232
31109,3.057774802372948
31114,3.5097037695636963
31115,3.7756335310757634
31116,4.648492638481383
31119,3.2689528062356965
31136,2.95424290019201
31149,3.313233502193883
31151,4.599923197703038
31152,3.6327861141766498
31158,5.083371141712641
31161,4.480872376754236
31164,3.0215378223054215
31177,2.9825318552250346
31190,5.508242476065921
31202,2.35567142207672
31203,3.204230626617997
31215,2.8366477071769993
31224,3.04416451858443
31235,3.240658345160481
31247,2.5599674414819087
31249,3.1611614821642795
31254,4.676187766985192
31257,2.8799713550557993
31264,2.866074342383257
31272,3.4670652636837085
31276,3.094427650357706
31284,3.3147668916891657
31290,3.8085102333252547
31299,2.830479622632417
31312,2.7133841233791607
31320,3.651597497404639
31333,3.0227488106505636
31351,3.0300942432151516
31355,3.4628806698533268
31360,3.6329917279657877
31365,4.33973427926651
31374,4.372114917892219
31375,3.593284586501162
31385,4.650442513314697
31391,2.8132302423096047
31407,2.9026429407328145
31410,4.5681351540691715
31415,2.932353616355496
31420,4.488769612964871
31423,3.802370660169294
31431,2.7463084234410102
31434,3.7751880799164415
31438,3.626409018282769
31439,3.569320713024254
31448,2.840768476149545
31457,4.990074179773616
31485,3.1237917033824183
31491,4.382930126038568
31498,2.507772106110627
31501,3.305401361683339
31510,2.5338162779150646
31518,2.9760156909153417
31520,2.8025003158738695
31539,3.6590345398814232
31545,3.5436653594251224
31547,5.636342075249701
31561,3.0927043648412136
31565,4.615235839952182
31585,3.0891016615068434
31596,3.685691177557759
31610,3.1053643877973665
31612,3.391325797740074
31621,3.3940407875547356
31661,3.6524548910499552
31667,4.422721625658958
31668,3.9024107707075433
31673,3.5459270662795204
31677,4.354935217677375
31680,2.6792895154823357
31687,3.8266130019905145
31691,4.089309307331896
31709,2.9935159115753844
31716,3.5375164156454315
31723,4.6152321328830475
31724,3.131720909259536
31726,3.4410832425395528
31736,3.5383321664217204
31755,3.0952204262529444
31778,4.483977165392817
31785,3.184516094286413
31786,3.0763194972144587
31798,2.9836570279357097
31802,4.655757811893839
31805,3.0511187096621373
31817,2.9729184200960748
31822,3.0009819509165583
31823,3.137537768880594
31824,3.102405504080833
31842,3.254217769884508
31844,3.7089817090607986
31845,2.938807801302896
31848,2.7419917711713087
31851,3.5825302271667754
31864,2.6237770046249476
31867,2.9903087126175447
31871,3.210304590116208
31885,4.605597064206897
31886,3.0657861080709528
31897,4.3111468790645935
31900,3.032701023326218
31908,3.4554789070675755
31915,3.1702820777124914
31917,5.105506447397253
31919,2.904722788819007
31924,2.7354572615709847
31929,3.13832695250418
31935,2.6558306740490885
31936,3.0378161938805146
31941,3.3179186493120465
31954,3.5226763007964563
31955,3.0105348042195876
31968,3.198607954102902
31971,3.1196877032717154
31974,3.5191901418319507
31988,2.4037118481641064
31993,2.6784248990977675
32002,3.677231102721578
32003,4.559282363327311
32005,3.0505130765057014
32007,2.6404868886327364
32011,4.647017234200508
32023,3.534002836945911
32024,3.056706761874061
32035,3.113573858027423
32045,3.048021783994198
32057,3.7472780579613203
32067,2.9269842057850726
32073,2.7627751974455768
32078,3.639532367255035
32079,5.12428908439845
32081,2.6773839412145315
32092,2.783678425681746
32093,2.9701028019930145
32104,4.618837709899901
32116,3.6966448908793166
32117,4.609381132087824
32122,3.22206415547345
32126,3.096122092964295
32132,3.6134175007398026
32135,3.137537768880594
32140,3.569296297004799
32152,3.250510590866942
32157,2.8025003158738695
32158,3.099645008093145
32160,2.9426660695024314
32161,3.5086675097044724
32163,3.2854030834391175
32171,3.5981992069027733
32175,2.833706265803869
32182,2.9879130849268183
32184,2.8798686254321852
32192,4.556723195102855
32200,2.5578396462607342
32207,3.0115199078345354
32213,3.1070022001702657
32222,3.370944867480014
32223,4.728104350030124
32239,4.4565865378811385
32269,2.9335972057482325
32271,3.1373496299648425
32280,2.821180998373416
32295,3.791378121604602
32296,3.0828895436913917
32297,3.175344971952776
32299,3.3573457866756864
32301,3.410528361684114
32304,4.072805419630076
32325,3.5198369348314205
32333,3.048021783994198
32350,3.057737385301876
32353,3.2503202567923535
32366,3.0981151042797266
32369,3.1274392875213457
32371,3.604031282746825
32374,3.5011082314797
32378,2.7625923023325707
32387,4.558414682090168
32389,2.476641936258816
32392,2.438211092179934
32395,3.246522183484672
32404,3.224969282486513
32407,2.6842029942804952
32412,2.525680412166006
32415,2.7463070175073163
32422,2.6773839412145315
32427,2.5999049857339367
32429,3.9564237894507737
32435,4.383969126925116
32440,3.054703431035035
32446,2.7547708211966735
32451,3.66726465874672
32470,3.4686642347097907
32476,3.4084393418228
32479,3.39234174343757
32484,2.9382622015381346
32504,2.675857393109272
32517,3.54640736410794
32525,3.157786694364967
32534,3.0378161938805146
32536,3.093877202533769
32541,2.970237360764829
32551,4.927731982792833
32554,3.0635107996315596
32561,3.623447291736526
32567,2.840405991299872
32569,4.373854570163621
32576,2.826810854596543
32582,3.716865152504133
32607,2.640448184145408
32623,2.3899835665453604
32626,3.2719315711530226
32627,2.913779595647786
32630,4.604195691098097
32634,2.9467885923663277
32637,2.8227234975772193
32654,3.8888269277183785
32671,3.519939890223691
32680,4.132830813321637
32682,4.285614097128175
32691,5.00261698988961
32694,2.678689338304341
32698,2.4512249950960205
32699,4.18997081003466
32705,3.229109200144482
32722,5.029113139484003
32723,3.2042315631336065
32742,5.029639869695594
32762,2.750450335690739
32774,2.9569166514482887
32778,3.0188668846206737
32780,2.9936078305972664
32821,3.058030788534083
32827,3.93368421147349
32830,3.6258139370440556
32832,3.1588652823557215
32833,3.5534967055235582
32839,3.024908038611876
32843,2.9581031996286855
32851,2.794697138691402
32853,3.558849159142783
32854,3.0650468794858323
32861,3.018438329205741
32864,2.934627023771594
32869,2.550961757748344
32870,2.9690402941923253
32887,3.51535402196692
32895,3.6943444694778353
32899,3.688941520529714
32904,4.59160724744002
32906,4.01591927013725
32909,2.9256107980743535
32911,3.0224363023149494
32920,3.175276381396278
32933,4.3793039009198935
32939,3.61119629550541
32943,3.7669381766038703
32945,3.493976086752854
32946,2.761805029634064
32950,3.839402808986741
32968,3.0303696751060523
32969,3.1808557511409434
32971,3.268185941589444
32973,3.033456593611803
32979,2.584742399192003
32980,2.3742015916365293
32989,3.363421186390975
32990,2.7682680457297644
32991,3.5285203040869204
32992,2.468327675209093
32996,3.048021783994198
33003,2.7278466494883467
33014,3.1264224668888847
33015,2.825506896647136
33024,2.6833878814234113
33030,2.6450079045662256
33049,2.5365084980257024
33056,2.748799716655458
33062,3.5389489215430134
33066,2.938378258814556
33069,4.4612410982744946
33072,2.547764820157595
33073,2.7671334178159346
33075,3.5005251678863867
33079,4.198801258723281
33084,2.700856892051888
33099,3.8078479191190024
33109,3.1884297819236425
33119,2.998549726308511
33127,2.9913025665624766
33129,3.795421160247492
33132,3.7907505207407968
33135,2.95835065846276
33141,2.8331167661064374
33145,2.7809853168625454
33146,2.7539788404122585
33153,2.6314719507789284
33164,3.223202019459082
33172,3.056706761874061
33174,3.4732038594947183
33181,4.10832716271639
33183,3.578326072565699
33191,3.0367384871957763
33192,3.1024734812266748
33193,4.74784934533772
33195,4.070340779467814
33196,2.8444223617170232
33205,2.835731249834132
33213,2.895036957346796
33217,2.9451255993627536
33221,3.223717892468864
33222,2.795692815086081
33224,2.8859694730505674
33228,2.6986347354898106
33231,3.4837197999703164
33233,3.348917386198063
33236,3.5394029157535694
33240,3.0975132417817557
33243,3.2576441388343524
33262,2.74338800222198
33270,3.198079534956528
33271,2.344817721024349
33277,3.048021783994198
33280,2.765790511137043
33281,4.601312635375487
33291,2.8058775643122065
33299,3.4209041175773405
33310,3.6679764776939683
33323,2.5911025553517995
33331,3.015929033397959
33336,3.1255596477974925
33339,4.050595698581374
33345,3.298445486287059
33348,3.711706048157749
33349,2.758525033494017
33356,2.79890107975336
33369,3.6181142354686737
33371,3.258443470144352
33373,3.406841735279885
33381,3.4249605279813458
33386,3.196246789433306
33393,2.9745961040242346
33397,2.8893499093695483
33400,4.083949610205312
33401,2.825506896647136
33406,2.729621728332509
33412,4.578665468610476
33415,3.8047738148043027
33419,3.094344684024019
33423,3.4477508824861203
33428,3.12377958544637
33429,3.6516200159774805
33433,3.6104411079777083
33434,2.4959768667940723
33435,4.555604770297217
33438,3.55016142666137
33448,2.882299564341141
33455,3.0192887357422666
33463,2.75417438265289
33467,3.488622506993958
33470,2.9860885188792445
33471,5.876765045993559
33482,3.6371991256394547
33483,3.5206840467565175
33485,2.969791390383459
33490,3.224969282486513
33491,3.19994269927404
33495,4.583078257943642
33498,3.104018067337604
33499,2.7796332442035925
33504,3.142305069900673
33506,3.4453221936320118
33507,2.8720560878308077
33515,3.1699049671940993
33528,2.925778225697734
33529,2.253832871691527
33532,4.308508285211467
33541,2.9862156431967812
33546,2.9855204981666708
33565,3.1297046206920256
33568,4.568227396340085
33570,3.400311085652441
33576,2.617019648118193
33590,2.724794256291985
33591,3.1265965986924478
33592,2.7657316472231117
33595,2.9666827543248453
33596,3.6939675079118874
33598,3.5807956132167615
33600,3.8120763374116566
33606,2.6754911175979403
33607,2.987213687800037
33608,3.7474870989841573
33609,3.8361960521733662
33616,2.711043368703513
33620,3.0277646386233847
33629,4.49984539858101
33649,3.5827886633205646
33650,4.661441312700279
33658,2.8645841130153222
33664,3.0747067518635274
33666,5.27453976597916
33670,4.685561485447537
33677,2.6216253364973743
33685,3.0503241967274466
33695,3.1063468051753436
33697,4.801300603443159
33700,4.235172395773803
33701,3.2586140411375197
33710,5.028492418768567
33720,3.473761890545063
33724,3.582662779345535
33725,4.768658504461503
33733,3.7566634909790855
33737,5.120294114880565
33739,2.884142529421594
33741,2.9305089089012957
33742,2.8138259344719603
33744,3.251779388362221
33750,3.7929623297311537
33761,3.2940909102055023
33766,2.508966119255684
33770,2.946018259847315
33773,2.5623730751725002
33774,4.629050481900513
33776,3.0461748534208937
33780,2.531774175531294
33792,3.8590023996063114
33800,2.9776426949761765
33801,3.0552450430429756
33810,3.59460859858751
33812,2.6965184462312073
33817,2.911951798238615
33818,2.9275115967914966
33819,2.4998832632130776
33826,3.766407298664147
33838,4.580116747867171
33841,2.728710492882355
33860,3.1311884332932727
33868,3.939699306152094
33874,3.7760254133774236
33877,3.5339628120769624
33888,3.6367986759673876
33901,4.086220116172744
33916,2.940076978450983
33918,4.854308370606823
33924,3.5224111633467285
33929,2.700856892051888
33930,3.068249385770672
33937,2.9749927950185286
33938,3.1759138417878563
33944,4.741578633677085
33948,2.5039016461151093
33949,2.834384468896064
33954,3.6535904746192718
33962,3.4506825803133387
33963,2.9839401216586414
33967,4.485298563610497
33968,2.681056867327819
33969,3.090414643319697
33977,4.5900088173294975
33978,3.3795672314340632
33987,3.195590425275757
33989,3.0176894993578043
33999,2.5428286072560224
34002,3.2882213194651957
34004,4.535340048650914
34011,3.210072229745016
34012,3.6696395158308164
34022,4.892240216073087
34032,2.8486416849502527
34034,3.261971424445866
34042,3.7890782940636427
34045,3.6090696606429415
34053,3.214032460668801
34055,3.8511917329872443
34062,2.814812292992127
34066,2.9998825860496696
34074,4.457958028931042
34079,4.654136563596378
34081,3.5435499643610777
34085,3.409584333514554
34088,2.9837393417418676
34089,3.487718987493022
34092,4.613956358512926
34101,3.1234630819190494
34103,4.043120946612429
34104,3.2109727434543602
34107,2.318075105360788
34117,3.1986246775800407
34124,2.3782665187228833
34133,3.761167489453253
34141,3.8150114963130854
34142,2.856651218939403
34163,3.458041037908039
34165,2.625772983805911
34168,2.7970484227757724
34169,2.5085991218513133
34172,3.4415747212150403
34177,2.54001011674005
34192,5.1075620321011135
34198,3.0071864620455417
34205,3.4655274765989805
34208,3.137537768880594
34211,4.668797228970269
34220,3.388063250620852
34222,3.115244099187095
34233,2.717449212483608
34236,3.114367221970664
34241,3.091733347409078
34245,2.906155518951784
34252,3.153328306866341
34257,4.654193869696592
34264,2.811957271344263
34274,3.554720726110662
34288,2.476233966697343
34289,3.08012095905374
34295,3.15701714851606
34297,3.0228861302216288
34301,2.73581557434572
34306,4.56312438243064
34313,4.4091667267058146
34314,2.8271380176833025
34321,3.149558519474248
34329,3.0531069333601857
34332,3.561203729330408
34333,3.130794003858644
34345,3.434970385508458
34353,3.2485942760211794
34359,2.543093733535198
34360,2.373575865967038
34367,2.8180566473690445
34369,3.2105282818519596
34376,3.2269792545406717
34379,4.62482520285009
34387,2.9431818149944466
34390,3.0002599958218843
34391,2.6673482014914267
34392,4.301999078067932
34397,3.0599999500943635
34399,3.6060700672004855
34402,3.6426833891890453
34405,3.3492138163067833
34421,3.052758958425473
34422,3.055110682101071
34441,2.8338301956248
34443,2.6032052258776384
34449,3.1613935266242374
34461,2.6690305093048012
34467,2.676493735614459
34469,2.840139843250419
34471,3.6146962644638867
34479,4.5824238967317275
34482,3.125674881840716
34483,3.6621321823030386
34495,3.045103129265769
34501,3.1436800240293143
34505,4.8969257225309875
34523,2.9840027804973768
34527,3.4453841743205693
34528,2.7697048130810518
34545,3.1790254129861175
34552,3.3387185990039
34553,2.7609158724229586
34557,3.7634353779042913
34559,3.3041436564012616
34566,3.0453830487786275
34570,3.122543153874617
34580,3.0486758775592877
34588,3.450225025454956
34592,3.0284180097068996
34611,3.0975132417817557
34612,2.9135560124564566
34623,3.2345580157215057
34624,4.348881194843685
34635,3.0147680145740257
34649,3.626328430831769
34654,2.9844503474006907
34668,2.7409242014585504
34673,2.7151074593584252
34677,3.06029513856087
34695,2.9935159115753844
34701,2.9102711076880925
34703,3.312475302055668
34708,2.6594545765869064
34709,4.583172336120513
34710,2.8327427040984823
34711,3.065667510586357
34718,2.846759475982823
34720,3.4311498089072314
34723,3.5655606305891308
34734,3.405226055210059
34744,2.74671950640694
34754,3.2429231676645034
34755,3.0461748534208937
34771,4.097907420695687
34777,3.6201320502193477
34782,2.790280640496989
34789,3.80336727735005
34795,3.901854947597219
34797,2.751966928533511
34801,3.057774802372948
34806,2.917751543420573
34809,2.9150367664758376
34815,3.192210018431895
34819,2.357624200746913
34822,2.3842625225323966
34826,3.3285988647883253
34827,4.02905184662293
34835,3.0552450430429756
34836,3.666427738245336
34845,2.886097125310752
34854,2.9913821931348865
34857,4.560024826487995
34859,3.157305993785827
34865,3.372627497595691
34867,2.9286606965499056
34868,3.1227132717314565
34884,3.0935860457884448
34887,3.7189851805521434
34888,3.293598792803477
34891,2.610267668493092
34893,2.6253266863640987
34897,4.618837709899901
34906,4.054523326330591
34908,4.549392520245242
34909,2.8023810379205663
34913,3.4984595521014668
34914,3.131720909259536
34917,5.401485632792366
34922,3.089063282933591
34925,2.5926473346982326
34927,2.629433460416595
34936,3.5433806930647953
34939,4.34828367382414
34952,3.0255782997221634
34955,3.3484609522843796
34969,2.766659121634862
34977,2.8930663387576585
34984,2.800119574574587
34993,2.972566823167661
35004,3.08896153524881
35005,3.2214878434416714
35008,3.3679399705836737
35023,2.9387458785767615
35031,3.0457203531030284
35042,4.566528355582084
35043,5.432898435810066
35045,4.963548500559424
35050,3.929008342504836
35054,3.0541595212507815
35058,2.9668249687483907
35061,2.835731249834132
35066,3.2763245652262976
35069,3.0277646386233847
35080,3.2193642525201684
35084,3.246694461549968
35085,3.9739411921007273
35090,2.7573437210888243
35094,3.0402892231700847
35097,3.221504426107371
35101,3.2434223958698385
35105,4.153528037812729
35109,3.1466073900574747
35110,2.664806772549811
35118,3.416120450946975
35120,2.669199662690859
35124,3.04264252260075
35135,3.6176865597213395
35136,3.0494008898155243
35141,3.173364348548149
35146,2.673247703076423
35154,2.9578336293436363
35160,3.616383377896448
35169,3.686095419626507
35171,3.347368137596744
35179,3.074280761682027
35184,2.845302224612666
35189,3.7638455789299226
35195,2.892253487847329
35210,4.619138884648159
35219,2.8863469736666363
35237,3.3396616814803877
35242,3.136681726449257
35244,2.9013158867387787
35246,2.412142433201827
35270,2.8562316286566523
35271,3.1078528625451978
35276,2.747031707600523
35278,2.684737010023003
35286,3.065667510586357
35291,3.0312400867521037
35298,3.132770658777015
35299,3.521007758368907
35304,4.4462783106874095
35305,2.89025330068228
35306,3.0402892231700847
35307,5.329285105151027
35320,3.04387965297837
35326,3.4052936691211015
35339,3.595700393775891
35341,4.622980858366539
35346,3.836241958697086
35355,4.246318513911804
35360,3.39917739758919
35366,4.712352347852391
35372,2.8319530538010005
35385,5.051666897262643
35391,2.4225097595881318
35394,2.8155967078214994
35398,3.284135021806243
35406,3.6718114425968538
35408,2.812528729208135
35413,3.1838679482945538
35420,3.749292655876571
35430,2.6773839412145315
35431,3.0425922268360743
35434,3.0974987277667996
35444,3.0326733262529095
35445,3.8417205713504345
35446,3.2224922250404444
35484,2.9752890587089764
35487,2.811957271344263
35488,3.170633638706954
35498,2.6871228004161773
35509,3.169017297122594
35511,3.1245723768072944
35519,3.055110682101071
35530,3.137704262253108
35538,2.6792895154823357
35541,3.2222702720158933
35551,3.1884911301256844
35579,2.973976607506531
35583,2.9971368793987203
35589,3.557410486610174
35591,3.017625017844851
35608,2.867182878072425
35612,3.299233817406127
35621,3.078558589120236
35624,3.1608368760202623
35634,3.1063468051753436
35647,3.6181142354686737
35651,3.509637201349633
35656,3.1227132717314565
35680,4.449431463296918
35684,3.5450589430338533
35689,3.870003359100923
35698,4.613009907248907
35716,3.0856718666893332
35717,2.9380341693770093
35719,2.938378258814556
35723,2.80190421104624
35728,3.8057096316071757
35733,3.2578077093217503
35734,4.589027398956399
35737,3.5719626590569145
35744,4.628319955083354
35770,5.9098312501631
35775,3.136544413343056
35776,3.0135968853894446
35777,3.1122492524417904
35779,3.1104389440338327
35786,2.9740327656189005
35787,2.84724038840024
35789,3.469509763337531
35799,3.0221389219828376
35803,4.261673283242576
35805,4.0972112785463715
35820,3.8885908942708123
35822,3.0224363023149494
35825,2.8034703167038537
35836,4.086486441386733
35839,3.1066865483462025
35851,3.722028435002546
35856,3.790935938210815
35858,3.0579246035374235
35861,2.499738481818138
35867,2.934627023771594
35896,3.2020136489882063
35898,2.9839401216586414
35911,4.418075337416995
35928,2.753983051379234
35931,3.850916842672424
35935,3.134322265260715
35941,2.6110577630329517
35948,3.3342714516232315
35954,2.948579226667983
35962,3.44483878426386
35991,4.274989516113321
36013,3.5207209126137027
36014,4.2968325170806745
36017,3.195590425275757
36018,3.2214560204913125
36021,3.744021849346238
36025,4.603642267587126
36046,3.174722864192709
36063,4.004649440152706
36067,2.958921113378267
36069,2.721844308281473
36075,3.744717588829958
36089,3.3738061058870437
36109,3.646861767882388
36112,2.9070024428570282
36115,4.9732578982234745
36137,2.8515506610364505
36140,3.546378761657733
36143,3.5098850836673723
36147,3.1288494285082464
36149,3.6006735044227844
36173,2.925926213511282
36176,3.173758798258812
36178,3.0164670151997646
36185,3.0402325899602713
36189,3.4668910917033617
36191,2.7245575177418226
36201,5.247287106028633
36204,3.8887987513131854
36208,3.0353075628380646
36211,2.7081265690953495
36217,3.13013246757802
36219,3.397099768426777
36225,3.360043994292928
36226,2.6873193276860334
36254,2.6582107690266534
36266,4.646184762300077
36282,2.906155518951784
36284,3.3698087212691408
36292,2.4299997605903383
36300,2.672720108404314
36317,2.669291102134401
36325,4.808803335006358
36333,2.8098363221801548
36335,2.669291102134401
36339,3.380953685743706
36346,3.231797402982309
36348,4.603830220802484
36356,3.3580405755056493
36363,2.37845901511115
36365,3.504459472770772
36367,3.0535602438729956
36389,3.5554672580162805
36391,3.508549318728914
36392,3.388254305178837
36394,2.6836443363420486
36402,3.6441638452781464
36415,3.654360919321789
36418,2.557701389195758
36429,4.564321626969976
36433,3.365429485274285
36439,3.2887726095337158
36440,3.3009678780098786
36441,3.0064277919609705
36450,4.4480080905347075
36452,5.486190191634021
36457,3.580663157400866
36459,3.7594477983049144
36468,2.80157664953453
36474,2.727694141623432
36478,3.485088599738767
36482,2.975658573733686
36483,3.8856916617650468
36490,3.0974987277667996
36504,2.882299564341141
36509,3.3641587826784773
36511,3.9672227558500923
36527,4.611925920041688
36532,2.952864247909729
36536,2.8517821071746368
36538,3.1156551867125595
36544,2.5497446248723823
36557,3.4310448048182733
36559,3.1232501258010625
36563,2.7430354946405004
36577,3.118789244157442
36590,4.90024857922281
36595,3.513958756578045
36600,2.8230798878350076
36604,3.451732658658598
36606,5.948130317160198
36607,3.015929033397959
36610,3.137537768880594
36617,2.7023643168641036
36618,3.1709498050457943
36629,3.1701571784905282
36632,3.5185089070213
36634,3.0986826527497255
36659,3.0519058685216462
36660,3.4670652636837085
36670,3.046270384594817
36686,3.343444631487861
36688,3.1492907547342814
36689,5.518776926322925
36696,3.4362682086712937
36705,4.531574651360245
36711,3.0413535937777842
36719,2.944531348146736
36721,3.020861325838938
36729,2.707953716952531
36731,2.9855204981666708
36734,3.3798807476612023
36735,4.635998920897868
36743,2.7696274898285727
36747,3.520790509014023
36748,2.8202918981299008
36749,3.557956290262754
36760,6.212695041919594
36763,3.028041912642874
36778,2.7026278788976184
36787,3.201119089283762
36789,2.918096415031477
36793,3.3941297580160126
36794,2.9998912790269543
36798,3.102405504080833
36812,3.795421160247492
36815,3.153493256667305
36825,3.5105263803921707
36832,3.5900914009770686
36835,3.08850796764001
36840,4.474263697164474
36845,4.449809158818796
36848,4.08697100738069
36849,3.859670075207232
36869,3.2235497673075386
36873,2.8871364653441964
36879,3.1120164424078456
36889,3.3835502456809294
36894,3.8733823045339006
36914,3.525741718280561
36918,2.831124297870209
36919,4.560201538148532
36929,3.621731153392544
36931,3.552592857584364
36933,3.2236893571625282
36938,3.015929033397959
36943,4.212875908109931
36946,2.607758295679392
36953,3.0607228643626283
36958,3.213760897495348
36962,2.834688199387043
36963,3.1253006121119693
36968,4.033299108839419
36970,3.002811483804444
36972,2.6067394898511056
36977,3.458677161708146
36978,2.9935159115753844
36985,3.2113156477420794
36988,3.427297157292374
36990,2.4876825947731485
36994,3.1425224779541674
37005,3.8225418943011595
37027,2.9563299195217114
37038,3.183103820088431
37072,3.3981511490302316
37078,4.586240134970897
37080,2.9954400455356724
37094,2.4996045942858576
37095,2.982573402443551
37097,4.703963970794616
37120,3.565924224827575
37145,3.0919028740834547
37148,3.410577419114669
37170,3.2436796539785093
37182,3.9200764804426154
37193,3.5410096734048695
37194,3.260139345119382
37200,2.7812442360377734
37201,3.0618929235405425
37222,2.753983051379234
37231,2.4043740180293605
37232,3.1088082584110817
37233,3.6727900548513355
37245,3.525528740152574
37250,3.0941575921767566
37256,2.88289199014371
37258,3.174734228074196
37273,2.9087247024683296
37282,4.664724161229558
37286,2.637793566597818
37289,2.7394822100891223
37294,2.623756024739908
37299,2.7952084130901125
37300,2.7303624902816948
37308,2.2784603342661383
37309,3.088527324351916
37310,5.748042703503701
37316,2.7958541464346585
37326,3.773701565290244
37330,2.960209441264057
37331,3.3043250032958316
37333,4.619514977337091
37337,2.6539959138256055
37342,3.5299179445491893
37359,4.624013196015887
37360,3.7032781347119528
37372,3.068945677113329
37377,4.596664712742495
37378,3.5812396811092913
37381,5.296238446874604
37386,3.2022130509413587
37392,4.227842831039924
37395,4.030151109924173
37396,2.724794256291985
37404,3.5951745962409714
37406,3.1363926469141643
37429,3.9935290370884258
37433,3.4268483330587327
37435,3.79696119843949
37437,2.906155518951784
37449,3.1446334182194473
37456,5.063969828160845
37461,3.5622391217602836
37471,4.371457546846508
37477,3.357136042593589
37486,3.089118499470765
37512,2.8388025471054448
37514,2.896720364440062
37515,2.9844503474006907
37520,3.171664318958425
37522,3.5227541715643524
37531,3.191033331729725
37533,4.638948636046061
37537,2.812975657204267
37538,3.289844145241751
37546,3.484483643724549
37550,2.8391819547390793
37560,2.732802513271688
37569,3.1083096319002044
37574,2.9809021894821512
37584,2.5638224954687
37598,2.7797748271948004
37604,3.752484110277072
37611,3.1755106704314797
37617,2.9628665000036016
37620,3.155545908628728
37622,3.4538017407080184
37627,3.175274476373789
37639,2.729621728332509
37656,2.5135715974083066
37664,3.3193389451491555
37666,3.4702701760792145
37679,3.1022908784079486
37681,2.894776434160936
37682,3.0295634237280806
37694,3.077073622371814
37696,2.913484354763297
37702,5.336937544049
37710,2.96650788026984
37712,3.265790645152575
37713,2.9767054420185968
37720,2.8240760284135367
37743,3.7845519385294994
37746,3.7708619865466564
37753,3.0309405408008168
37756,5.027573770930585
37760,3.07226436864436
37762,3.125375435804645
37767,3.1122492524417904
37784,2.9451255993627536
37794,3.20209047941162
37797,2.7606479227067524
37798,3.4472138788338555
37802,2.6349003971336757
37809,3.073058376523048
37811,3.0555384297003836
37826,3.054703431035035
37835,3.1064251784462362
37839,3.712618573182957
37841,2.7474337990677675
37842,2.5165430892853076
37845,3.279511172887869
37847,3.0456243308386877
37849,3.1809947763352397
37853,2.9669267311159295
37862,3.1855085538649437
37863,2.657780619835196
37872,3.163366204225414
37876,2.7101596787912863
37879,3.581571595932875
37884,3.8901167698510877
37897,3.0650468794858323
37909,2.8023810379205663
37916,2.8343651807006798
37921,3.1011651934505564
37923,3.3738420494108023
37925,3.558244011778322
37931,2.568349624187391
37938,2.8067053045509
37951,3.2012831827309376
37953,3.738811372973708
37962,3.084966937135535
37963,3.7185524877298426
37974,3.4802462590122913
37975,3.1405510326104973
37979,3.261921653655872
37986,5.073739116124273
37990,3.308616379080423
38007,3.6771256023379566
38008,3.5949632319860347
38032,3.0828895436913917
38033,3.1948547716229685
38041,4.52774767046072
38043,2.9592060454079765
38046,2.6676660898660653
38048,3.837759357173137
38055,2.835709130664738
38066,3.8365495469957867
38073,3.630039832344658
38079,4.229370663822545
38080,3.175276381396278
38098,3.795421160247492
38100,2.4951939505510112
38105,3.173924072241895
38117,3.633862293383556
38120,3.195590425275757
38123,3.0241852215182163
38127,3.034426361328601
38130,2.9608464948053186
38144,3.0096525914045107
38163,3.0461748534208937
38167,5.287113654815391
38183,2.9759581732712546
38191,3.8934703124123105
38194,4.5300327142636
38196,3.056706761874061
38200,3.2553247436736714
38209,3.1685363924237246
38212,3.1263144707068555
38220,2.3741263982675958
38226,2.9078561559979423
38231,3.18587415695385
38239,4.464623218097879
38240,3.123140175904525
38245,2.641753802754129
38247,2.8498750582921217
38250,3.291122150076517
38251,2.929035182886493
38256,4.61060909117868
38260,3.3889528109499363
38267,3.0060560493748314
38268,2.9918305890488828
38270,3.5978675262629105
38274,2.766212360567312
38278,3.428722568780753
38279,2.805759616138363
38281,2.8926980288854995
38295,2.9044550252771737
38298,3.222011776177402
38299,3.6591340694222834
38307,3.096305700246241
38315,3.1037867643528663
38318,4.838122049634913
38321,3.2373990206168064
38325,3.1086046945267602
38326,3.066151740119942
38334,3.898371618878357
38335,4.577404075889433
38338,3.458990174986588
38347,2.724017124889741
38363,4.630348677154107
38368,4.83187664499515
38380,3.5969280654225555
38389,3.174497369652134
38392,4.327474136227515
38394,2.84873120061911
38405,3.030239593381978
38407,3.095537159801627
38408,3.165529681958706
38412,2.5410489249541732
38418,3.454184576599221
38421,3.223206362476071
38427,4.6151866261094145
38430,3.0531069333601857
38432,4.8199804573509
38452,3.0457203531030284
38463,3.0686573126442984
38467,2.7101596787912863
38468,2.7420252394553732
38485,2.6622398378646435
38489,3.825566211709973
38496,3.2089779259489264
38497,3.0531069333601857
38506,4.326349578461272
38512,4.244854531400028
38514,3.329842429697039
38518,4.571120024860477
38523,4.190774085439378
38524,2.7272321040716476
38529,3.2294123811508015
38532,3.05830867963535
38537,4.844425508136183
38543,4.5490220181362515
38564,4.125933957659723
38568,3.7322426032124727
38570,3.0693375410202903
38573,3.215108548220427
38577,2.7022974512768116
38585,2.9681400925956103
38587,4.652799638790959
38596,4.520395569118493
38598,3.713043817686744
38603,4.617191862680389
38612,2.4271276539510462
38613,2.8496928789956297
38618,2.7545330878766614
38629,3.585434351553981
38634,3.650956261129771
38636,2.6260869300261844
38637,2.684417615442343
38643,2.724794256291985
38674,3.373099012219236
38680,3.2243246844289075
38685,2.8023810379205663
38689,2.6832483813441814
38693,3.1365668043389916
38698,3.604313429504408
38707,4.528335854826166
38709,3.2278658751274643
38713,4.019589508493203
38718,3.094427650357706
38719,2.963323510348334
38721,2.7145216297590973
38724,3.10884690470961
38725,3.2136469873268902
38743,3.474050247077733
38750,3.0314051243318754
38751,3.2193642525201684
38757,3.099645008093145
38764,3.5805279680768507
38765,3.1901274464648317
38766,3.2164602809695166
38781,2.6379403408377557
38794,4.629254846386321
38805,3.057774802372948
38809,3.0834285494980773
38817,3.4000255927041003
38827,3.028041912642874
38835,3.054703431035035
38846,2.7828763243627455
38852,2.7545330878766614
38854,2.7694584535857754
38858,4.308495083179187
38861,3.067528538875018
38862,4.909428143002627
38864,3.1599072906981314
38872,2.7702332914867993
38878,4.309234030915683
38879,3.2442145412529952
38882,3.1166196587662043
38886,3.13419795812263
38895,2.907969344873914
38898,3.0498450920746762
38900,3.035315547493383
38910,3.026314655881083
38917,4.763039632114599
38920,4.635308316098801
38931,3.6176336961561475
38932,3.634435522544509
38941,2.872526672700824
38952,2.423675699333051
38958,2.5325208157316226
38964,3.3356784381922724
38968,4.074513630751975
38971,2.8144190353024223
38977,3.592115940554641
38983,2.4952405478499675
38984,2.5646011280180017
38994,3.1825136539244725
38995,3.0940476356225504
38997,2.9517408106553895
39007,2.3774992663880137
39009,4.6471432574333775
39011,3.1090934301106614
39048,3.014038202151056
39049,3.159968188920447
39054,3.2043020410285203
39058,3.270161784857589
39062,4.533239302435344
39066,2.834257587646763
39070,3.0925280508486246
39071,3.223028015456523
39074,3.2377219446402834
39080,2.8058775643122065
39081,2.7238382332819016
39082,2.7871533027705735
39085,3.4129759955469137
39092,3.4712828005054215
39096,4.56837119026552
39099,4.084276675850371
39116,2.4631199239510297
39118,4.581386707883617
39121,3.0286486360261073
39129,3.0981384140203265
39137,2.799015248094846
39142,3.099645008093145
39147,2.9400587504187783
39150,3.5207209126137027
39163,3.418471909276896
39165,3.2654668493834142
39173,2.946353881861584
39177,3.099670644226629
39185,3.629751181149671
39189,3.7218123360937314
39203,5.108348657907056
39208,2.9839401216586414
39209,2.438271336649676
39213,2.8025003158738695
39216,2.6820127180774884
39234,3.575958103956437
39236,3.5845399611053073
39242,3.549436943307862
39243,3.5187491199815475
39250,2.8043183022024825
39253,3.6619571504137483
39255,2.6854018006880924
39256,2.584093327752417
39257,3.1232035269406877
39260,4.414834724650308
39263,3.5256218865948403
39268,2.7026278788976184
39275,4.290097343885853
39280,3.4347979235439405
39281,3.6547080622529617
39290,3.0266219446187046
39296,2.678806460190553
39302,2.7561758032860153
39305,2.7798206500713887
39312,2.727694141623432
39327,3.101726737491275
39328,3.2361611428423855
39331,3.1124341316333473
39333,2.6498870445451495
39336,3.4735699502959303
39342,4.567577248612088
39346,3.888006315191784
39353,3.0420721089904124
39386,4.642978526458549
39389,3.6728143067028785
39390,3.2436796539785093
39402,3.365706437382101
39410,3.126741123983565
39418,2.8814597475539716
39419,3.3181300354944216
39421,2.9693378378001327
39426,3.625362161925651
39438,2.8208202350351677
39446,3.6201422023219747
39449,4.137749582635979
39453,3.064913072638796
39463,3.570340219018841
39469,5.272356550338149
39482,2.8799713550557993
39495,3.8966637768132713
39502,4.499142058340987
39509,2.575556772240098
39513,3.0828895436913917
39518,3.1206730335598274
39519,4.069230384604639
39522,2.8020232404662075
39526,3.15701714851606
39530,3.1125781611489245
39533,2.786308176564331
39542,3.486973878416692
39548,4.340854877797982
39558,3.210580222640349
39565,3.214408423881653
39571,3.2241850569545814
39578,4.681272668567125
39585,3.0531069333601857
39592,3.0785605270558656
39593,2.726567881686181
39595,2.449096247874328
39597,3.4837197999703164
39604,2.734664277097519
39605,2.872438076890757
39618,3.13805921244946
39622,3.9154293706752012
39629,3.220846876371994
39643,3.1501316341259558
39646,2.4650146139015954
39655,3.7386429214846273
39656,5.335039397752407
39660,3.084226861000427
39661,4.607165368644309
39662,3.2153054584716125
39664,3.723254178286317
39665,3.034701129654457
39668,4.58280198057568
39671,2.768599657508887
39672,3.160807435390076
39687,3.125375435804645
39689,2.3115087357886113
39690,4.6776373236215045
39693,5.651898394432587
39702,2.6352522147365245
39715,2.9092983842187707
39718,2.701560796498311
39723,3.082886217103035
39724,5.003946261333617
39731,2.9174111189503114
39733,4.530417102225545
39740,3.7531896495964747
39741,3.4675385146613213
39754,2.9902771989667047
39755,3.562151532291893
39763,3.5111090807280685
39765,2.873144748747346
39775,3.022180443672143
39776,3.1064251784462362
39778,2.851000334995629
39811,3.1070022001702657
39816,3.5409691389815543
39820,4.276286069371686
39824,3.815957479771632
39830,2.6830689016720037
39835,3.902210590754691
39840,3.116685890383637
39841,3.053619354389258
39844,2.9844503474006907
39853,3.1080318513858103
39861,4.158013610531159
39866,3.2516789777170225
39883,3.4220063073832265
39890,3.720010096933988
39893,4.613956358512926
39897,2.794697138691402
39899,3.4108634689278197
39900,3.0531069333601857
39901,3.096083013179028
39914,4.950336928819274
39918,3.1232501258010625
39919,3.6233730630670564
39925,2.9558665653819425
39933,2.4044845190886277
39934,3.1063468051753436
39937,4.791591862301958
39945,3.323533153606338
39951,3.945371095541753
39955,3.1090724214868732
39956,3.094571700641855
39968,4.063775080514033
39970,4.623377191677426
39973,4.508557693506236
39986,2.9873521214474983
39989,3.0347479892571276
39990,4.542440919241738
39995,2.7389328451357207
39996,3.006803462515045
39997,2.3598952726942777
40001,2.973128783854252
40002,3.224969282486513
40005,5.643669410195012
40006,3.1809238570487897
40016,2.9943103183536346
40024,3.0506287302631643
40028,2.6425565296296765
40034,3.2719155672755513
40038,2.8741738870977818
40042,2.7777969157849296
40044,2.6770200929730033
40045,3.084058789277832
40046,2.9770253892240084
40050,3.25935836974639
40051,2.817462692261809
40052,2.678695676060607
40053,4.606819282209768
40058,3.127653122376123
40059,2.423675699333051
40075,3.3178425801064426
40082,3.102405504080833
40085,2.961616379551802
40093,3.431880389107564
40097,2.7921064678978804
40110,3.0927043648412136
40118,3.221362910715645
40134,3.629914110378243
40138,3.0919028740834547
40140,3.7858035013287705
40142,2.6615390664686887
40149,3.1196877032717154
40154,4.118886511074289
40173,3.694793121557851
40175,3.0042467124697723
40179,4.9412982172027995
40183,4.80179002920975
40185,3.0540764376078324
40190,3.0562918697740526
40195,2.9632729386578998
40201,3.525794338980071
40221,4.459783052368183
40222,2.3741202403119197
40229,3.453704917011092
40231,3.172635829259917
40246,3.4938072088874113
40278,3.3573457866756864
40287,3.0895247952489164
40288,2.8834019518064595
40293,2.84689101015701
40298,2.6616250979376415
40306,3.722311426956094
40321,3.7141898761321634
40322,2.740868165131748
40335,2.83755769980208
40342,3.077614829373771
40347,3.4471290245272024
40352,3.262191902821217
40354,2.625772983805911
40358,2.278452892895288
40359,5.825672147355969
40361,3.6181142354686737
40363,2.9354888490191864
40364,5.391165068273379
40374,3.131903162065427
40375,3.245903641903361
40382,2.741791374289297
40384,2.9549755073907256
40401,3.2898331413081943
40416,3.2783425641558877
40423,2.729621728332509
40429,3.116685890383637
40430,2.9504910721891857
40435,4.0789307779953194
40451,3.2356447126262164
40462,3.023805658386029
40466,4.7349474214333025
40470,4.430297428884743
40471,2.781497275989417
40476,3.0531069333601857
40478,3.5501772391877577
40483,2.8041885589022075
40487,3.8248520731523676
40490,4.185773291835266
40491,2.839073891231786
40496,2.899849207944678
40505,2.762155471015521
40508,3.1022908784079486
40523,2.7449669373646137
40524,3.3064757637353255
40525,3.272233102014932
40526,2.522023004251229
40533,2.4734777308833076
40535,3.596068552637561
40547,4.747058384805527
40549,3.2023215842798547
40550,2.9946960581062445
40552,3.125375435804645
40554,3.0505840802489192
40562,3.0517433119251085
40570,3.539313072692992
40572,3.4466394563675524
40573,3.605402421222004
40586,2.5614644066657295
40587,3.123072830622734
40596,5.2859941631666665
40598,2.927477774306536
40601,3.1692050995591035
40604,3.165965297794539
40624,3.1206730335598274
40628,2.438062777427281
40631,3.7846093632358415
40635,2.522808539729732
40640,2.9804376729522115
40652,2.950433270697681
40660,5.092910968866735
40669,3.318928463091974
40673,3.6927448442066653
40681,3.1588148412107566
40682,2.657367110153581
40691,3.7287922856467186
40704,2.66213075122105
40718,2.994622362307263
40720,3.10968553182638
40723,3.0133633359928025
40727,3.220471762419045
40731,3.619418188026782
40740,5.046556259913782
40741,3.4822645413204927
40742,3.40152559687908
40743,3.264874001926861
40744,3.6418488171832073
40759,3.4859575904378484
40763,2.7272321040716476
40765,3.270408997814373
40771,2.8460431981253964
40796,3.4056321378294347
40803,3.224969282486513
40810,3.0076423344116803
40815,3.5452151565208343
40845,2.8176700092527716
40847,3.9313643459744014
40850,3.0941575921767566
40852,3.496353008205552
40857,3.08284814483201
40871,3.3096813117357553
40873,2.523237449089366
40898,3.065673964014324
40902,2.9829924208845164
40905,2.5625962445114294
40907,3.0410330005878405
40920,2.615101822360517
40926,3.0794364182978025
40928,2.8437105348694494
40930,3.0117832964491145
40931,2.60870983686122
40934,3.958900170224473
40943,4.608472764812123
40957,2.8023810379205663
40965,3.0531069333601857
40981,4.431894846549838
40983,5.159402720493637
40990,4.602971575800563
40993,3.1199730156795082
40996,3.087731660000715
40998,5.081370997715286
40999,3.036107363191945
41028,3.1306279631843927
41029,3.422510018883472
41030,5.011245729532085
41038,3.094949624525863
41043,3.0517865419561496
41044,2.9855204981666708
41049,3.708605459151781
41051,5.030375742860725
41053,3.095431714711294
41054,3.419085936682202
41067,3.1122492524417904
41076,2.7904994965938976
41082,4.81621587121894
41110,3.1324140350420833
41125,3.373557658133702
41129,3.598731417376716
41135,4.755938193386135
41136,3.63647808118085
41143,5.020990790076583
41145,4.001964706491437
41159,4.819927960587827
41160,3.0245056693461723
41164,3.8888102285529897
41173,2.9935159115753844
41185,3.5321827390723803
41187,3.450752556935829
41193,2.5937773588103674
41196,3.256449520056316
41199,4.552397706521343
41200,2.314787128000364
41204,3.643550265404354
41207,3.1087770965513606
41231,3.2413945582853176
41238,3.0693375410202903
41239,5.745099401907266
41252,3.6642594289275823
41253,3.1345448671959564
41255,2.370180522351095
41257,3.053352305447138
41262,4.544465513746282
41267,3.175276381396278
41269,3.3712967633868822
41270,2.991416518363461
41285,3.216106010982407
41291,3.062355224570114
41292,3.661067780713423
41293,3.3230684484114863
41299,3.0969015943713316
41301,2.9307116053971733
41304,3.186820192247027
41306,3.112974248542945
41313,4.584603727892617
41319,3.135719865732109
41322,3.2139810677107965
41325,4.728458349019325
41335,5.398206959670558
41336,3.092426883432512
41339,2.735930155968913
41341,4.637390219362915
41347,3.733760577606731
41353,3.2018489299011845
41355,4.04084735853393
41358,4.54722970276676
41359,2.9355498650926024
41360,2.562313117934339
41361,3.091697613490295
41363,2.904396075453325
41377,3.162637362083289
41381,2.6811981532553437
41384,2.9855204981666708
41389,3.4336828370407204
41390,3.899065050961312
41392,3.618564538642997
41412,3.3364703598616616
41416,3.207726677119473
41424,2.7077689218366996
41427,3.173507757534349
41428,3.491111248212013
41439,3.114027896187534
41441,3.0453502241559076
41454,3.054703431035035
41460,3.621590026986225
41462,2.9250543619075637
41473,3.0789255081373463
41474,3.352365746142382
41478,3.134958282515846
41484,2.6213089657142157
41494,2.7684075910519574
41499,3.3231552892161744
41500,3.6618137914697053
41502,2.834688199387043
41503,3.0627150818927253
41506,3.639532367255035
41526,3.2550633871674264
41527,3.356329050363173
41528,3.0461748534208937
41531,4.655488229832841
41536,2.6464186457939114
41538,3.0402892231700847
41570,2.942306113305745
41581,3.971626983901053
41583,3.090138246413339
41598,3.7776663325445545
41613,2.9923321035168042
41614,3.229317504769546
41615,3.3537962911708137
41619,2.787289606915301
41628,3.2439720134269763
41635,3.3038223044253523
41651,2.8781630396496443
41662,2.8517821071746368
41667,3.5216767959383892
41676,2.979610037741197
41680,4.7508240637108266
41685,2.7557708252033595
41687,3.4609058529302015
41693,3.3213273461011803
41697,2.96323902610351
41699,3.260287358361021
41700,3.120193100494058
41702,3.240219633544783
41707,3.352354604505735
41724,3.0333318381144188
41726,3.028595062754766
41727,3.689089308035702
41728,2.8742424200355394
41742,3.002692123200208
41748,3.2903001559639553
41773,3.518006066892398
41785,3.020591901861608
41789,3.2089330773904745
41793,3.849428964053378
41802,3.0461748534208937
41803,2.9558665653819425
41804,3.1762065036820384
41806,2.8959351560599216
41809,4.592448168653066
41812,3.7022162277159856
41825,2.9404174609749507
41827,3.1794493483597837
41829,3.838162084358531
41831,2.439227324168203
41838,4.568388384975877
41843,3.580381492456403
41847,3.0303696751060523
41853,3.0049594598289526
41867,3.4171222627428803
41869,3.113120055785612
41870,4.588254069139912
41872,2.70737863847706
41881,4.4387941970623555
41882,2.650028522449109
41888,2.5471376888861235
41891,2.978847024630811
41897,3.5541036074363235
41899,2.952734094839464
41904,3.244570293439191
41907,3.5148215905609788
41911,3.758305863658549
41916,2.7805660915638546
41926,3.9895477129424766
41937,3.4108806972834906
41939,3.2519288834948767
41945,3.365564670620229
41948,3.5424825991718065
41950,2.9300912199427382
41958,2.896540065817957
41962,2.8660306635592825
41967,3.5406814012171313
41968,2.8417344052687263
41970,3.051679867055799
41977,3.1916631687090207
41978,3.8375634506113974
41982,4.613362041698378
41984,4.554828834339338
41993,2.6512926161417987
41995,4.625480122776079
42005,4.799861041519173
42009,4.177590341698953
42023,2.3790622483335104
42027,3.177263845006098
42035,3.1359792900035646
42041,2.855281325403333
42043,3.335912977986539
42053,3.4253253179572463
42054,5.88107915104466
42059,3.0461748534208937
42063,3.958663043832251
42076,2.8304840684255232
42093,4.024379588281187
42103,2.95424290019201
42110,3.305401361683339
42122,3.073058376523048
42148,2.515407600450194
42149,3.0461748534208937
42151,4.1217667282087875
42152,3.1017803686532828
42160,3.0589036867873496
42165,3.0082686620600705
42167,3.545512853645731
42169,3.1104544543637465
42172,4.789436757688874
42198,3.3373581840044713
42206,3.624691165914226
42209,3.024800914926431
42211,3.1189777146936417
42212,3.419927902018485
42214,3.054703431035035
42215,3.755857617010604
42217,3.0884497465411735
42221,3.6462299512032526
42225,3.477079956009435
42230,3.296187384588455
42243,2.9935199096053196
42245,3.10968553182638
42255,3.8257896709657064
42270,3.5713335285886014
42272,3.762648758889429
42275,3.2700884692702235
42282,3.9724231475621794
42286,3.068249385770672
42292,2.72287781237664
42297,2.9942473403187146
42302,2.6373359681791912
42312,3.5843274404512737
42318,5.692935155050801
42327,3.091383935345964
42330,4.591535813658719
42338,3.1592067318157264
42348,3.0595410140897705
42367,3.0096525914045107
42371,3.220846876371994
42373,2.8198774799782385
42385,3.1865910995755433
42393,2.9089136417893373
42400,4.6104761494197986
42402,3.0181319838121805
42404,3.0095957226074304
42408,4.5117952317481445
42423,2.8263963496620184
42428,5.258349238025156
42437,2.781888956400267
42441,2.5775915336072535
42448,3.3144214504594434
42452,3.0975132417817557
42454,3.881905632718339
42456,3.281602913463193
42464,4.556053654287994
42465,5.5110277831397445
42466,2.9466480655456833
42469,2.9765964398893
42470,2.721648749139032
42471,3.552271415568565
42474,2.8334655872939956
42477,3.065667510586357
42479,3.9717702371331605
42493,2.75373559883786
42494,4.392084383896902
42496,3.218589022598068
42500,3.4881524138596043
42505,4.3491921062204675
42507,4.372950390482224
42508,3.385132816051016
42528,4.875895618208432
42533,3.0520026591986955
42538,3.111234397701632
42545,3.323324055986101
42548,3.727994082264749
42549,3.131720909259536
42550,4.643651296736347
42551,3.6399148142357243
42553,5.014955603853914
42559,3.2379791608122765
42560,3.19994269927404
42566,3.8784196701335123
42569,3.2022564505724507
42586,3.1131189425511736
42587,2.617485866936068
42592,3.3276670039678726
42595,3.120172067598031
42606,2.7468309597071565
42608,3.726728196573317
42611,2.829703036385183
42614,4.493037387964742
42631,3.248587226975816
42640,3.038367425303628
42648,4.631632315761016
42660,2.988481636212056
42661,4.481886832530257
42670,4.445095125319339
42673,3.0967316553730946
42686,3.1124341316333473
42694,2.9861688090801097
42697,3.2280453347485114
42698,3.5813501280154894
42699,3.034701129654457
42700,3.0289543524870455
42704,2.729621728332509
42705,3.533352914011754
42706,3.082493171214567
42712,3.021092853481402
42719,3.16178606108244
42732,3.612907931712866
42739,3.0583364898433585
42754,3.1949567505651904
42760,2.9191034413293826
42768,2.870934501499496
42779,2.853032965232323
42780,4.602682499798671
42782,5.504151980398975
42784,3.367240001400282
42786,3.5356401249740754
42793,4.448365865380762
42802,2.977393058485916
42806,3.499019871731865
42813,3.113423883520579
42814,4.366120370783816
42818,4.351777543536867
42827,3.6788573894319687
42833,3.0461602015497258
42835,3.094427650357706
42836,3.4911864210913093
42837,4.903271682697529
42848,2.9150367664758376
42849,3.186289979410481
42858,3.268171616098153
42863,3.087389236085512
42864,3.025535949882643
42873,3.0455843256086608
42876,4.810462594868069
42878,3.073045662106516
42884,3.0885200262012265
42898,3.14842456111946
42905,3.184123186267975
42907,3.4774721481516933
42908,3.64186337117481
42927,2.555173364512672
42928,4.579406610136441
42937,3.0418104286968806
42938,2.7839987639534653
42939,3.0897427977201253
42947,3.125375435804645
42956,4.766065825316215
42971,3.0929964164542705
42974,3.0169809544618227
42986,2.9844503474006907
42987,5.154444484763079
42992,3.8638805718625204
42994,2.938807801302896
43000,3.150259885177379
43010,3.03750356096828
43018,2.60074070847549
43030,3.0457203531030284
43033,4.559450485754375
43054,2.9399137557868666
43062,4.380805212223432
43065,4.363919507813276
43072,2.7079102837717897
43079,2.9981613121603052
43080,2.8028964467220057
43092,3.2921066079500143
43097,3.5715146494893095
43107,3.243617857151896
43117,3.6455382397695875
43138,3.125375435804645
43141,3.1086046945267602
43143,3.0118286667819283
43158,3.0531069333601857
43166,4.603491813971298
43177,3.2150763630500894
43188,3.5136935345848928
43190,3.180985904021138
43202,4.868718859619214
43203,3.0306770344093126
43205,3.4892062892558573
43207,3.0555384297003836
43215,2.7384095217675912
43222,3.0069132520647286
43224,2.9112120405874835
43226,4.468518357045855
43233,3.374716387694871
43234,2.5380281293621776
43245,3.175276381396278
43255,2.8832183324839917
43256,4.906461523727848
43280,2.789055313260547
43283,4.647707593174021
43285,3.326911750537132
43306,3.1037867643528663
43307,3.6039916839391033
43310,3.2048024805158164
43317,2.6975584293251313
43320,3.1092533553316017
43336,2.980445851178344
43337,3.0540764376078324
43349,3.7060888829332583
43350,3.56388967160538
43357,4.901070023910155
43360,4.544501985138261
43361,3.3723851224079437
43364,3.9390373868763486
43377,4.5875824219171655
43379,3.1114039241880658
43389,5.538680657769122
43393,3.052071224470968
43421,2.7625923023325707
43442,3.094427650357706
43448,4.4677952099881315
43450,2.3363808328014217
43466,3.0668278777643936
43468,4.029193430724545
43470,3.4415057919341163
43489,3.125375435804645
43507,2.840392920286997
43515,2.9788038359392774
43521,4.053857881076284
43543,3.205273579316845
43546,2.9752890587089764
43548,3.469016330763095
43556,4.56837119026552
43557,3.094427650357706
43558,3.056246367668423
43563,2.6029858306444
43564,3.2535379332074346
43586,5.258529563881679
43587,3.3353264179472917
43594,5.085619475918241
43613,3.5554672580162805
43614,2.904886131578892
43621,2.8208202350351677
43622,5.344843315892817
43648,3.0045670179764867
43655,2.8406597733528565
43656,3.8086785824507907
43659,3.72775944771431
43663,3.9862177569861963
43687,5.49694407236097
43695,3.593709117394057
43712,3.2541619499830836
43713,3.087731660000715
43716,4.44639189379467
43730,2.392590091086466
43733,2.6773839412145315
43735,3.323782961221
43736,3.707845581139436
43750,3.1019042214049084
43755,2.937046689382894
43758,3.0792133744694548
43759,2.7132582466018094
43774,3.0913281184361243
43778,2.6982620315074186
43782,3.118989739525747
43784,3.7992427346216466
43793,2.653774457224509
43796,3.518847185589298
43800,2.675901641458684
43816,4.74933720424486
43818,3.478981615757764
43821,3.3220362841538305
43822,4.634570958712688
43843,3.0724782545729092
43844,2.9836570279357097
43855,3.0003252136984266
43863,3.0786604457362228
43874,3.537098607062134
43888,3.0789255081373463
43894,2.9141804762511665
43895,4.512982045796647
43900,4.165743934352239
43909,3.0277646386233847
43912,2.8433837052279696
43916,2.716158581764802
43925,2.9952929485319815
43933,3.072703904075483
43942,2.920643078948053
43954,2.6426619324805296
43961,2.658542680405673
43965,2.9775491031325556
43967,5.074075106275962
43969,4.619514977337091
43973,3.0930725490780966
43985,4.620178017170413
43999,4.583078257943642
44000,2.725864461724769
44007,3.0076423344116803
44013,3.3073021535013893
44017,4.426880793459017
44024,2.711212830765697
44031,3.1542315757811576
44039,4.441677272752013
44049,2.4865077704444367
44057,3.5135051023024286
44062,2.9657205942247957
44064,3.088561282061511
44071,3.1888553477607395
44079,3.0828895436913917
44083,3.196241923895874
44092,4.082420663507144
44103,3.1008223219508877
44105,3.9490692050154697
44106,3.10968553182638
44112,3.328397571452789
44113,2.278907456236226
44116,2.981950544513805
44120,3.1078528625451978
44124,3.288704494253035
44143,2.9810274176395857
44145,3.242490480840285
44167,2.9425166537707863
44188,3.977005070902311
44192,3.595700393775891
44196,4.121606550650206
44197,3.6796175082643927
44201,3.6542352496083574
44217,2.8239441779155077
44218,3.5809110120043517
44224,3.32625401523429
44234,2.9689070240922595
44240,3.0431075342999194
44244,2.7469601813844364
44266,2.6942111000349107
44296,3.701484071457538
44297,3.5865647648234313
44308,3.104413411688319
44309,3.010692172855828
44313,3.0188668846206737
44316,3.8921598382430576
44317,3.590753538868258
44330,3.4376514766901187
44341,2.680260298299862
44351,3.0087407437026004
44352,3.1258091065000566
44358,4.768644797564333
44362,3.3585744910605433
44364,2.7401813804038775
44367,4.986123850056542
44369,3.2407854562599576
44386,3.093457939802194
44391,4.1528013709832035
44402,3.1238616123588985
44405,2.780760265691737
44407,3.1122492524417904
44409,3.048021783994198
44412,3.1263144707068555
44415,2.9861719481170894
44418,2.8989015605456463
44442,3.6273908872644705
44447,5.000796642512049
44449,4.851135435620919
44454,4.236683703056922
44455,4.67102739887512
44456,3.0212578713394675
44458,3.5724428922935405
44466,5.012916342148465
44471,3.1299849738678938
44485,4.7098410347693225
44489,3.653322934543232
44490,3.2193642525201684
44496,2.9940058342908755
44505,3.511326823537532
44507,3.0857602953226064
44512,3.6868492431298767
44522,2.8051995506981333
44524,2.802869548522007
44528,3.1785474238428084
44545,3.058239455328201
44547,2.886961856458763
44565,3.0488365038667293
44569,2.811957271344263
44572,3.81118759776099
44573,3.094427650357706
44577,2.6773839412145315
44591,4.501554800847303
44596,3.6460065170950173
44597,2.8008917842293837
44598,2.724794256291985
44616,2.804993091723512
44619,3.2207752367927944
44626,4.394897417348079
44633,3.1056866686372193
44634,3.363421186390975
44637,4.290509789412957
44646,3.709493360880299
44649,3.115485912860715
44652,5.082642193758673
44656,3.5013207855351585
44660,3.5902301281978124
44662,4.708118748659292
44664,4.082919656169151
44675,3.0076423344116803
44686,3.048164095173538
44703,2.6804473508162148
44704,3.626862655286886
44708,2.9246384816057884
44710,3.330897938382589
44711,4.517302879740677
44714,3.0117354525798894
44718,4.601353180944889
44719,3.5619509493843906
44720,3.5663244551883038
44728,2.9851359890916953
44744,3.2857656999443927
44746,2.539059638028306
44755,3.1456973237662775
44760,2.925778225697734
44761,3.1789847165619136
44766,2.7890861615274734
44776,2.9844503474006907
44777,3.379417066791197
44782,3.288304090844677
44790,3.0613784700265874
44809,4.514969710887794
44819,3.569320713024254
44821,4.221685595256991
44834,3.00587006499159
44841,3.1427560321998387
44854,3.3570053316370325
44865,4.672092883057966
44866,3.750614927097587
44873,3.9176248532600706
44880,2.72430049018862
44881,3.3352687630859923
44883,3.8542660056145674
44885,3.129613076165403
44891,4.641477006131352
44896,2.6784248990977675
44897,2.8876178838446385
44899,2.910082286772368
44910,3.324336978617149
44911,2.6718693836049887
44923,2.8433837052279696
44933,3.447720836214741
44936,2.9210626779163564
44940,3.705811827274997
44954,2.9026753092258417
44964,2.932700764696994
44967,2.7798910685877796
44975,2.9409511839861877
44976,4.588312309657785
44977,2.7969946936205847
44988,2.9307395103984253
44992,3.21447284185955
44994,2.6112756780319124
44995,3.1512038603322328
45004,3.394483317361628
45007,5.306961402405162
45009,2.5738756802590106
45020,3.149956263035729
45030,3.224969282486513
45031,2.9935159115753844
45033,2.7891286529020936
45034,4.19779379041669
45037,3.6499325250306653
45043,3.4018983977443313
45055,3.1196037265046037
45058,3.183292428149579
45062,3.0488365038667293
45063,2.9993416671648157
45067,2.808229671036079
45074,3.631785036503409
45077,2.6888104477286854
45080,2.8058775643122065
45097,3.5439970654573933
45105,3.218193394643845
45108,3.225539594315314
45118,3.0415888149261856
45134,5.57748712874972
45139,2.9732708340044542
45140,3.233317041019828
45144,3.120172067598031
45147,3.0650468794858323
45156,3.12720527436118
45159,3.0466169437714186
45173,3.881471057766327
45176,3.0650468794858323
45179,3.559797905880903
45182,5.649619772788851
45185,3.038072649041672
45193,3.9161006839330583
45210,3.8774816809636805
45226,2.9425166537707863
45231,3.3324629860532378
45242,3.8793683784376176
45247,3.39342099379425
45248,2.825506896647136
45253,4.544625681198032
45254,3.091475603536128
45257,2.8464226928826717
45273,3.8609161618565686
45277,3.620542257755857
45283,3.2857656999443927
45288,4.13890256297165
45290,2.558550936264993
45299,2.67615669387631
45303,2.919031473849585
45306,2.918444966162268
45317,2.8327991922188493
45323,3.5157203904990455
45336,3.606374877025843
45343,2.872526672700824
45345,3.640304972245975
45346,3.1631436100415513
45352,2.652380914308087
45354,3.5211983751449796
45361,3.121945691605355
45362,3.388320356522786
45371,3.566523552985158
45373,4.311569301756472
45378,4.5770726788940115
45383,3.0378161938805146
45387,2.68152037446017
45414,2.950063891591749
45417,4.585666514471718
45420,4.697524409780735
45427,4.312389452160492
45428,3.544619590945973
45431,2.9059268555182998
45432,3.176408816805314
45437,4.336248513313285
45442,5.249979455935257
45450,2.638620805343474
45455,2.8051995506981333
45467,2.913173779734878
45470,3.090919516891015
45480,3.903105105981341
45482,3.112693663356585
45483,3.131720909259536
45488,3.5269210162084557
45493,2.623831354998935
45495,2.8321481286697643
45503,3.022909887769466
45507,2.9783383386001288
45513,5.10930671056534
45517,3.574109109886974
45522,2.6165980938164086
45528,2.548370144615274
45536,2.9775491031325556
45561,3.4877678101631524
45565,3.056706761874061
45567,4.6306371049118695
45571,3.3334900945680928
45582,4.9998992866783425
45586,5.0943345024058075
45591,3.7404151039520563
45592,5.030712101415354
45593,3.6465522886879733
45598,4.6165745762145605
45604,4.2388373920564595
45609,3.2096529039987525
45614,4.086486441386733
45631,2.85006865179984
45637,3.4389789069433574
45640,4.352437335116946
45643,2.6540264671750617
45644,3.6012449903442088
45651,3.25940921412732
45655,3.5884063434087325
45656,2.9457610793912488
45657,2.6760498420173917
45670,2.773926414652082
45681,3.1264655472749694
45683,2.6683050368563443
45688,3.198607954102902
45691,2.7737819655789577
45693,3.005618225496723
45696,3.684252763190739
45700,3.475651871927007
45701,2.837323117176795
45706,2.8577095730800885
45708,3.057774802372948
45714,3.6120274788195355
45721,3.443395558562531
45722,3.486211684040877
45731,5.136846554040975
45738,2.2234010399847506
45749,2.950471379261501
45762,3.094396447556214
45767,2.9167764079568324
45769,3.9815813505616635
45772,4.079824447610068
45780,3.0425922268360743
45782,3.4613276086046865
45796,2.787983345209116
45802,2.977151716195275
45805,4.509274582162745
45819,2.760793885515078
45820,2.9534821223060344
45825,3.8561508210571294
45826,4.643651296736347
45847,3.1802993261415504
45851,2.9685650264542573
45859,2.9930586763181846
45860,3.1901274464648317
45866,2.96918402385099
45876,3.073740477032817
45880,3.2399627224757377
45894,2.665835045546549
45899,3.215210483885595
45901,2.8006563044327994
45908,3.534067228023005
45914,3.231056696774298
45915,3.445787531797674
45930,3.0935665383848545
45931,3.11935201931997
45933,2.8023810379205663
45934,3.0987659230530475
45941,3.7049106976858783
45954,3.0941575921767566
45959,2.95424290019201
45966,2.9404174609749507
45968,3.1037867643528663
45970,3.185524146112097
45978,3.7160011893752225
45996,3.5640567421958145
46000,3.131720909259536
46005,3.4384357390257114
46017,2.946806238451104
46019,4.025788753608371
46035,3.0428528792205007
46037,5.088735008597226
46038,3.4617443853130223
46041,2.6185203150011036
46043,3.1251088733622874
46047,2.9305089089012957
46050,4.5770726788940115
46054,3.1112858592018595
46056,3.1238580393806945
46057,3.3518207987269526
46061,2.781671954794143
46066,3.0139164053362753
46067,3.4803940028692044
46074,5.286360982324151
46098,5.0265391902186085
46103,3.585212225881111
46114,3.1072385555947197
46115,2.7848381700900338
46117,3.0423266576062735
46119,2.678834295555206
46124,3.1446334182194473
46130,3.6830418663304814
46142,2.9530449448028278
46147,3.4038613232947252
46150,3.203404842566866
46165,2.7330361684441096
46172,2.9151965639390585
46173,3.6093612351547453
46174,3.549044974138251
46177,3.664905205242357
46182,2.929841084409101
46185,3.4303300113443616
46195,4.6046497681825
46207,3.082179649783137
46210,3.65040702815414
46212,3.3033712695395363
46230,3.069372846079979
46234,3.038772662585255
46237,5.095987437333462
46243,4.584564499836252
46246,2.4682902147584813
46248,2.644168008780147
46251,3.7110728967097653
46252,3.2635300769962394
46253,3.9551915135687166
46256,5.091582482584281
46261,3.795421160247492
46266,5.180551964011723
46279,3.0773895197076473
46286,3.1063468051753436
46296,3.153328306866341
46307,4.008615463179746
46313,3.180645437104576
46328,3.0456243308386877
46329,3.1227132717314565
46347,4.9732445538189225
46355,3.1128815142954234
46356,4.2563840374408475
46366,5.160122170590414
46373,3.125375435804645
46376,3.133566530475568
46377,3.229327262200014
46384,3.3524997856803207
46385,2.7684075910519574
46392,3.2068329379347658
46401,3.032677769933442
46403,2.7539788404122585
46421,3.079427746645988
46432,2.8617224636235408
46451,4.3716873185170195
46455,2.9914351026469754
46456,3.1720987270413663
46459,2.8602259461967994
46465,2.637481548137406
46468,3.0037000045737323
46479,2.9332020972437136
46488,2.742576784239898
46500,2.520189111643616
46507,2.7859114477343003
46515,3.1196877032717154
46520,3.7543173686086275
46533,2.446713871783606
46541,2.523498022560342
46552,3.510622362276257
46554,3.0288196598721218
46557,2.8448882611207433
46563,2.6792895154823357
46564,2.7595817809769545
46566,5.2509322433291
46577,3.29114461989549
46583,3.986969610551699
46586,3.4582479620947106
46588,3.6273908872644705
46609,2.635996893412933
46629,3.5957487434948807
46630,5.416217394555645
46631,2.6724377591497
46632,3.680366186109525
46633,3.379136938712935
46634,3.295015208082824
46644,3.84821106466181
46646,3.1063468051753436
46655,4.565367231434642
46656,2.5029673390896177
46658,2.8756442241481364
46665,5.003407775552577
46671,2.5635705460488696
46672,3.1068391627108607
46673,3.137537768880594
46686,2.5698763281271724
46693,2.9382622015381346
46698,3.2248147076636218
46701,2.8025003158738695
46717,3.070879038941621
46718,2.3620860378325554
46724,3.1105370517080493
46730,2.9338539483345625
46737,6.265046934931891
46745,2.761765935678342
46746,2.946975546658901
46748,4.105300707554894
46750,3.4285014138094065
46764,3.6795301139295624
46779,3.365396378214401
46782,3.6707127761201894
46793,3.52374401715647
46794,4.142024346871061
46799,4.945498759417658
46800,3.0167971898415833
46802,2.812528729208135
46804,3.243143774051105
46806,2.525565082700999
46807,2.7999891878320446
46811,2.942748717406392
46815,4.554199298263663
46848,2.8528336874910813
46861,3.487594092040185
46863,2.918431468141409
46866,3.092426883432512
46867,3.15482304190207
46872,3.5874749937094683
46883,3.0138757057728727
46888,2.6329549933315315
46889,3.649835900725704
46891,2.947405508647593
46897,3.1301186944613537
46902,3.093457939802194
46907,3.318431560239576
46912,3.0792515548932924
46914,2.729621728332509
46915,3.0431757973042566
46920,3.1785474238428084
46921,5.214584951301772
46934,3.104344906036619
46935,4.61355864066012
46937,2.5198832810703173
46939,3.1569800854424246
46942,3.9357991196427298
46943,3.131720909259536
46950,3.29314888863603
46951,3.2682240713031043
46958,2.8132302423096047
46966,2.5946336614709
46968,4.60497151366763
46982,3.1144477280483347
46995,2.993067326351818
47000,3.2953117002132166
47002,3.148910952248424
47009,3.092166869960156
47032,3.6181142354686737
47038,3.2937254765794326
47059,3.166458959038918
47064,2.6950483223264574
47066,2.9387458785767615
47068,3.220846876371994
47072,3.381701675188809
47075,3.125375435804645
47087,3.9261028827132405
47098,3.5655710410682504
47100,3.2878684001758107
47102,3.6954746149836097
47106,3.465908774524988
47112,2.834688199387043
47119,2.9205203727787836
47128,2.6681376268660593
47150,2.9188497775866513
47151,3.054703431035035
47153,2.8365141526884283
47154,3.3647346252398767
47157,2.780776030992888
47165,5.094835735198745
47176,3.6418095201781635
47177,3.011414185800852
47183,2.5890567805943
47197,2.803863469121613
47198,3.6064115272047705
47205,2.7625923023325707
47229,3.6652397129544765
47230,3.652476957033309
47234,3.7903703661076467
47237,2.6773839412145315
47245,5.13114471853757
47251,3.1227132717314565
47269,3.543096441000448
47271,3.5451125426969803
47273,3.1319207741762214
47274,4.581044161456306
47275,4.299681390524243
47286,3.122543153874617
47288,3.0276213963240846
47297,2.962932392632004
47299,3.4942784333247503
47304,3.2150005936876913
47310,3.1094115818003574
47319,3.284609102286785
47328,3.118603232605997
47343,3.7236543622786322
47359,3.1923127516212593
47366,3.669620906416512
47370,3.6430886610122726
47374,3.076203672448899
47392,2.609094884015473
47401,3.670716015892891
47407,4.6199167965168595
47413,4.344829596765932
47414,3.5514662625088267
47429,3.118603232605997
47430,2.6728957104487163
47438,3.003091721226809
47451,3.062476039320649
47456,4.08882347054244
47475,3.9746257825119153
47486,3.4470747212544492
47501,2.925778225697734
47503,2.8475380225868068
47511,2.4504075700855426
47514,3.336084901681666
47515,4.533239302435344
47517,3.8417005036265466
47520,3.396519499667745
47544,2.901535358649825
47547,3.015934893478774
47558,3.1344352767443504
47561,3.568092811905519
47563,3.470346106922205
47571,2.6975584293251313
47574,2.5239482515844482
47589,3.5637160397469776
47593,4.619348059089999
47596,2.3202501735010426
47599,3.6015304235057397
47615,3.3990556663448306
47617,3.5488340409056915
47619,2.768599657508887
47630,2.983500596412493
47634,3.0789255081373463
47635,3.0284180097068996
47636,3.127653122376123
47643,2.9752890587089764
47651,3.00937668045537
47658,4.529905368221615
47661,3.2580974273678547
47665,3.0551818241254285
47667,4.423841411442195
47682,3.0743844250810577
47683,3.434304207043482
47686,3.145360219773325
47693,3.0336017663505848
47700,3.0566293563597395
47701,3.103348686130149
47704,3.897150995504122
47709,2.7163501631381246
47711,3.092426883432512
47742,3.0941985776079077
47749,3.7732446330334155
47754,2.9303255520516287
47766,3.7995446004290274
47788,3.3208740513219697
47792,2.4237435695445333
47802,4.60146028566265
47819,2.799410277658508
47835,5.410159077389156
47837,3.1579549306320303
47851,3.193879931758809
47858,2.8193401308770336
47861,4.504445500827839
47863,5.1592362641964895
47874,3.0828895436913917
47884,3.5622339229637
47885,2.614160279922786
47889,3.5140191600790054
47890,3.2607241749475877
47894,2.9073844313855512
47909,4.514924646947006
47912,3.0456243308386877
47926,5.276407009596452
47927,3.192833834039596
47932,2.9202716084166025
47938,2.6622398378646435
47939,4.853221127427718
47944,2.9142373048225534
47945,3.269992514481473
47950,4.342182483338902
47961,3.104482720241015
47969,3.182454663793506
47973,2.3915127618596963
47976,3.1474794080898296
47978,3.3171656956009943
47990,3.441588639809923
47991,2.5611744032536286
47993,2.6798076561492024
47995,3.171005208911762
47999,3.3038922045765915
48000,3.653322934543232
48016,3.028595062754766
48019,3.4892436918364966
48021,4.973250965303494
48028,3.0022031019347275
48034,5.875478375695089
48059,4.8235004189440005
48060,3.898769208337544
48063,3.028595062754766
48065,3.3289257339025746
48073,2.9981106699108073
48091,3.1001167509979113
48098,3.522545270116806
48113,3.059323215390046
48133,3.1925655434660647
48136,4.077286026781208
48137,2.9075519551836853
48145,3.772808289562343
48151,3.3626494280781887
48157,3.080503829610579
48167,3.2615601823683917
48169,3.0551818241254285
48181,3.5063303822626204
48187,3.137537768880594
48207,3.026201525284255
48214,2.787192635532069
48236,3.25721881697948
48249,3.0945740375039965
48250,3.687776321636462
48251,4.32058450150259
48257,3.0463974940863685
48258,3.056056631162235
48260,2.861434513858641
48261,3.2671878331605737
48271,2.9980067418406704
48273,3.053739408013597
48277,3.0686573126442984
48281,3.4056417398842274
48287,4.693225945058825
48289,3.21807641525191
48294,3.1072482561359576
48296,2.8025003158738695
48301,3.148627883191885
48312,3.153790513440646
48325,3.12377958544637
48331,3.172398344872722
48335,3.2139810677107965
48336,3.854691385161658
48339,5.027105958274498
48340,3.21447284185955
48341,3.5519239161341805
48342,3.028041912642874
48352,3.1078528625451978
48353,3.3068810558916595
48365,2.9395500392330898
48367,3.443710948270694
48368,3.4045810322467727
48370,3.4659319591370843
48372,3.2201747547989914
48375,3.116863652547931
48377,3.102396658456026
48389,4.3765947782200545
48407,2.8025003158738695
48428,3.469562781227037
48430,3.053352305447138
48434,2.987987714860261
48447,2.637630697323657
48457,3.647014254924252
48458,4.100470058662494
48461,2.6905621752499727
48466,3.3641587826784773
48469,3.127653122376123
48475,3.60224616568063
48494,3.1756800703956456
48499,3.7339244331176915
48507,2.963429133051844
48514,2.688467402980697
48519,2.7331319630270285
48533,2.8637420517100347
48535,4.517138769840004
48557,2.912968221252059
48559,2.9423774910113893
48571,3.5518451683758174
48579,2.677414261037389
48581,2.7138030242449167
48628,3.0461748534208937
48629,2.991722505247652
48637,3.012015590258868
48639,2.520403403121657
48645,3.055123424022314
48646,5.422196805251166
48651,3.1388388563797296
48659,4.5609371225506985
48664,3.655520673563576
48667,3.0461748534208937
48668,3.504474551934811
48680,2.761725346332983
48687,2.664239097429575
48697,3.305401361683339
48699,2.8228566801479578
48712,2.9028852121393305
48722,3.131720909259536
48725,3.0312967930901986
48728,3.4528793123291486
48732,3.052575146686971
48736,3.1019731946693785
48740,2.843024410497862
48742,3.2987806540860785
48747,2.9855204981666708
48748,3.024290021037156
48751,4.499780692224019
48768,4.569047497425755
48769,3.7426264056201477
48790,3.674374591809118
48796,2.651048552147185
48798,3.1725079829654526
48802,4.5861312053117205
48823,3.2612672025579466
48831,3.590459318326389
48833,2.757339900154167
48839,3.164240504319862
48844,3.054703431035035
48846,3.2327357956174767
48848,2.7899011833477996
48853,3.0686573126442984
48854,2.976088500762075
48864,2.9840027804973768
48876,2.983035784707674
48887,2.913214033976137
48889,2.794697138691402
48897,3.241035639840415
48903,3.519939890223691
48904,3.0076423344116803
48905,4.555296027276881
48916,3.529284049843838
48919,3.2426862951307838
48924,3.9419163249438482
48931,3.555000375195349
48932,3.1316844174683505
48937,2.8343651807006798
48971,3.322806926244791
48972,3.0836405117439107
48981,2.557238981360875
48993,2.8706626683290106
48999,4.648071885318008
49000,2.483694312416982
49004,2.9351461415746805
49008,3.0941575921767566
49009,3.7636762676234206
49021,2.6864329398934905
49033,2.9796326740492836
49036,2.8004155112641245
49052,4.321786303675548
49055,4.571000064844821
49085,4.582634809378876
49092,3.442062155965876
49093,4.088042833843028
49101,4.1908586826509975
49105,2.7898734048797347
49106,3.1096141734898133
49114,2.7272321040716476
49115,2.8004524126416204
49121,3.186980879170383
49128,3.0277646386233847
49132,3.0853401515943895
49134,2.9855204981666708
49135,5.146403556068934
49140,3.055123424022314
49143,3.448717719655968
49148,2.96883878143331
49151,3.0722183029589076
49153,2.602521468362534
49158,3.2826960916508727
49166,2.988640418884536
49171,2.4608379136475858
49174,3.249152925380338
49182,2.6792895154823357
49192,3.1037867643528663
49196,3.0404124037389857
49211,4.825710069391203
49214,2.9952929485319815
49219,4.589288816432962
49223,3.7571173088804133
49231,3.035315547493383
49234,2.7272321040716476
49245,4.570618970485181
49248,3.0291532493475253
49255,3.485088599738767
49260,2.675430199577938
49262,3.5435499643610777
49265,3.4996203825821306
49293,3.5204222895104884
49296,2.8365141526884283
49300,3.580293388127768
49306,2.897740705782118
49311,3.25090965524118
49312,3.4420166889123887
49316,3.0334460360670032
49330,2.874191352705015
49335,2.987213687800037
49340,3.5602323383378005
49348,3.849512856335978
49349,3.397074302470786
49357,3.420316895117523
49364,3.1091820995396877
49365,3.6282228598354607
49384,3.8537513278080713
49390,3.305339866817762
49402,3.114948159768647
49403,2.7982865656299425
49406,3.585557093607367
49416,3.0919028740834547
49423,3.187664046843672
49430,4.57257476524629
49446,2.906155518951784
49459,2.5937773588103674
49471,3.5028456876147205
49480,3.2114781505355317
49481,3.0069132520647286
49485,3.0457203531030284
49490,3.1473982187176364
49491,2.8264534156651417
49497,2.9681521335005074
49501,2.9674994283962737
49506,3.5048068673715345
49515,5.227073338668875
49518,3.1552373954032444
49522,3.6473513066093037
49524,3.474050247077733
49528,3.9760898253871666
49543,2.7396415975005985
49544,3.8371669376988247
49548,4.410869705608637
49556,3.626328430831769
49571,3.4033990070866156
49574,3.2193642525201684
49576,4.120358193032738
49582,2.6393832482442035
49616,2.9247902504220287
49619,3.087731660000715
49633,4.531902851004634
49648,3.3825087577863227
49665,4.380718021815534
49667,5.045500179555076
49678,4.409812618246207
49693,3.4454472436589283
49696,2.867182878072425
49698,2.9962563782935945
49711,5.079193176785183
49727,5.187770414848167
49738,2.728710492882355
49742,3.6235126065129024
49743,4.623200660787594
49745,3.0182173507589587
49748,2.823414488946363
49755,3.0505130765057014
49761,3.110342954916585
49767,2.9322938300176085
49768,2.8039682760967355
49773,3.4178611604903777
49792,4.931388086534849
49793,3.5622339229637
49800,2.32426722708439
49802,2.6773487995318863
49811,3.5454340242191726
49813,3.1175262518609603
49814,3.5998646621502113
49821,2.984635611751076
49841,3.0935860457884448
49852,3.4281322874629314
49878,3.8207226344584897
49891,3.7626379215186536
49902,3.9300286744132844
49905,2.775380555817193
49912,2.8191012346144086
49913,3.74226066210577
49914,3.623706156274226
49917,4.531006896493326
49918,3.8893185581872673
49930,2.717522580481418
49933,2.8689369528520143
49954,2.7371147535391596
49960,3.0941575921767566
49961,2.668184457959375
49972,3.0534947056143777
49976,3.657102326545596
49979,3.3018438104607957
49980,3.215381831211468
49982,2.69233649616287
49986,4.2963045802738895
49992,3.0416170263318336
50006,2.90660836395795
50010,3.134958282515846
50012,3.2481262577633143
50014,2.881051791196639
50046,3.0650468794858323
50052,4.727032326078879
50057,2.4127237270280326
50058,2.925784156884834
50062,3.0949106888435787
50072,2.2716609403881876
50074,3.809179519633671
50075,3.0974987277667996
50087,2.6633360765389638
50094,3.480626227991313
50102,3.3195972226737958
50113,4.884923712217217
50115,3.0947390768833745
50121,3.2618867846054873
50127,3.3006208534118517
50135,2.734664277097519
50136,2.3677314566206644
50143,3.3647346252398767
50147,2.602841587803689
50148,3.093877202533769
50156,2.892801570000195
50160,4.170771615537987
50164,4.8068157630012145
50169,5.886696200546494
50172,3.421603324967334
50173,3.3444507308574876
50187,3.565805933882588
50195,3.0599679863673304
50201,2.8928041650299474
50209,2.8025003158738695
50211,4.300159415876749
50215,2.5745656253970113
50225,3.8670037383313973
50227,3.5725138698022754
50238,2.7975132064278196
50247,2.780776030992888
50253,5.036003361938256
50256,4.377293571957311
50263,4.086486441386733
50277,3.384449097621912
50285,4.614872798252042
50289,3.1612580529930066
50293,3.3748228728772403
50295,3.280436773877434
50296,3.0080240866707966
50297,3.2391477784167435
50303,3.008872455617706
50305,3.792503733937467
50312,4.31852487534869
50315,3.7049716267140504
50318,4.537640896506466
50324,3.156513448426284
50344,5.022565602305095
50350,2.6210653176386596
50353,3.596191767005189
50354,3.6468835417353973
50358,3.791298985883948
50368,3.2594011588862806
50372,3.5902301281978124
50378,4.56456627909635
50380,3.357748535896401
50387,4.336352485484774
50397,3.2615601823683917
50414,3.083737674218731
50417,3.1019731946693785
50428,3.5521316317288996
50444,3.283505022365724
50445,4.448785256315616
50450,3.0235525784459254
50452,3.7862137146995622
50453,2.5333085884519444
50460,2.8863469736666363
50464,3.0391658447749816
50473,2.9944524133661923
50489,4.570058786526031
50490,3.177549838954278
50515,3.008636928619076
50519,2.9685650264542573
50520,3.1567607128544415
50527,3.626832392206217
50528,3.2236893571625282
50531,2.970237360764829
50548,4.626483472786802
50568,2.849532143760708
50573,3.9760898253871666
50577,2.970089609754581
50593,4.638948636046061
50617,3.238691250418554
50620,2.9844503474006907
50621,3.6926350835107997
50622,3.565022154219663
50623,3.2883138637240554
50634,5.018549697159834
50636,3.155938784908524
50637,2.5765052909138833
50644,3.4370794332911108
50646,3.305493567518471
50660,3.1087770965513606
50662,2.764003978256802
50677,3.30338266975695
50679,3.519939890223691
50681,3.0143545065277673
50682,3.6311776035449195
50683,3.481775391695439
50695,3.0247154926529043
50697,3.8485426568958827
50698,3.1974079479588795
50701,2.7861041003524094
50706,3.894451009970819
50708,2.889883323625217
50715,3.0541541747458636
50724,3.127653122376123
50729,2.7205075722962184
50741,3.6539288250513495
50748,2.9101406314110654
50755,2.9500111772007154
50759,3.5158323283458173
50763,4.450287513185456
50782,2.6613872751823306
50789,3.2322744739061053
50792,3.0351683058187424
50796,2.880586688828663
50797,2.629678982884616
50811,3.133566530475568
50818,2.555949754304763
50820,3.1241947122302647
50847,3.0334460360670032
50848,4.806437284985736
50863,3.340802412853149
50867,3.426687715453493
50879,4.0880081850471806
50894,3.271090720105828
50898,3.1063468051753436
50901,2.3563288173501675
50902,4.353857747079626
50921,4.50579188249557
50922,3.633073947394478
50935,2.638620805343474
50936,3.576872304691111
50946,4.85284394138193
50951,3.192327804427799
50954,2.7540804150877882
50955,3.5957100246968117
50957,3.382086741787445
50959,2.7545330878766614
50964,3.811034887856434
50977,2.538805350696567
50982,3.54143977189662
50983,4.903442648436295
50987,3.0402325899602713
50989,4.645673939762717
50992,3.6184922104707975
51004,4.620241441429581
51010,3.2587562194135424
51011,2.4993743055150297
51012,4.990441387676436
51014,3.048694478203472
51021,2.9752890587089764
51035,2.8875981099809542
51036,2.60074070847549
51037,5.232010355047851
51040,3.3794036249924173
51084,3.0940075056219642
51089,3.4379248178590274
51101,3.0479880696047332
51102,3.3647346252398767
51104,2.211189310103754
51110,2.678695676060607
51113,4.534271619058381
51114,2.510490585027175
51127,2.6873193276860334
51136,3.1087770965513606
51140,3.6058176490774985
51154,3.6852077775732477
51162,3.369311286729827
51165,2.9392338602042396
51169,3.2854030834391175
51172,4.937457788611789
51191,4.158786119118563
51192,3.0605963166980494
51196,3.1901187170564365
51197,2.7797787880604
51198,2.6373359681791912
51202,2.974095968434596
51206,2.9539984610298493
51208,3.2321843484897155
51214,5.3432231022980945
51218,2.918544409008803
51219,3.120172067598031
51223,2.847785104664758
51224,4.289062361598707
51231,3.669042456953851
51237,4.612765457202445
51239,2.8004155112641245
51242,3.4857123384113917
51247,3.118221526919906
51249,3.0505130765057014
51259,3.9402303169134547
51265,2.8414653419749882
51276,4.239197662234065
51280,2.855833160756029
51283,3.400201826725779
51313,2.8096893996225023
51317,3.423517587359472
51327,2.9246384816057884
51329,2.738662483427169
51339,3.034117174274469
51343,2.8030946330388167
51363,3.846375771168391
51364,4.546565366317768
51374,2.9185909618317476
51379,3.085038951414985
51380,5.800055314780792
51386,4.001964706491437
51388,2.6195038944129756
51396,4.470404589849355
51401,3.818586738562728
51402,3.4492697389686673
51404,3.972447854004005
51409,2.4939892631732214
51412,4.539463500295132
51413,3.0583356284188117
51416,3.568815960298902
51417,3.104800074942267
51424,3.6849866160725004
51433,3.5622339229637
51440,3.0461748534208937
51441,2.882299564341141
51465,3.5591741873611396
51467,2.925778225697734
51480,3.6225864488461026
51488,3.547111984682778
51492,2.728710492882355
51507,3.0960459527514526
51511,5.111570612097349
51516,3.4146374865128064
51528,3.59460859858751
51547,3.5270908430731556
51551,2.9617629925751925
51552,3.1294614504510956
51557,3.396323173816143
51563,3.759265290333797
51567,2.699941869032671
51573,3.298041872928346
51575,3.9223681073928205
51578,3.2153054584716125
51587,5.904569575668162
51598,2.963323510348334
51602,2.5946336614709
51607,2.732802513271688
51609,4.338711687697799
51615,2.542372810752662
51619,4.299758418583313
51620,2.990788101650067
51626,3.158744667150357
51644,3.229190184001381
51648,3.725186317527924
51658,4.57683809307059
51661,3.09939722864036
51672,2.990470174085558
51673,3.6081287544559917
51674,3.639747202353899
51675,3.095431714711294
51680,2.7726432429840218
51685,2.7552846446370376
51689,3.035315547493383
51707,3.543880895960439
51719,4.046514265397346
51723,3.2014728717872414
51726,3.153328306866341
51743,4.443171181428403
51744,2.846759475982823
51751,3.540375705503602
51759,3.296585682967177
51760,3.2235497673075386
51763,3.1324018316747813
51765,3.6495913684786694
51773,3.626409018282769
51777,3.1049824549378084
51778,2.781521487758905
51779,3.270553477800208
51784,3.352972325164286
51787,4.6472645406188775
51791,4.5927429944500044
51806,3.5343143315779675
51812,3.1359792900035646
51819,3.520042916832698
51823,3.6464808888923805
51836,3.3936178315512286
51865,3.1405510326104973
51872,2.8158560622924638
51875,3.302691552836051
51882,4.952364016150318
51892,2.6829289524882896
51894,2.709552219081502
51895,3.019038739801269
51898,3.7874154163144897
51905,3.035300527593082
51907,3.226138294378347
51922,3.7146473482994087
51933,3.2008252865665927
51937,3.2588914063475203
51946,3.622801339788333
51948,3.7275524941070923
51968,4.915674769264068
51972,3.114019753611294
51975,4.5538672295457445
51979,3.482138063768131
51997,3.048164095173538
51998,4.594608023570365
52000,2.7029807089420803
52003,3.5768747667877063
52009,3.137537768880594
52015,2.9853397139135667
52017,2.5535658836344757
52023,3.306185934020502
52033,3.2884966157855104
52053,5.127545649660979
52063,3.296378963425674
52065,3.0621534570723945
52084,3.057663283438743
52118,3.484147169418545
52119,2.7550155267080885
52122,3.4795643369143954
52124,2.613837448607257
52134,3.347947949254332
52135,3.293924158892115
52138,4.621992957252836
52139,3.1070205804346753
52140,4.615980766175499
52141,3.113678267615275
52143,2.681203162151859
52145,2.5811119729126957
52149,2.834285683717433
52150,2.7154333161347095
52153,3.2853275337658245
52160,2.8744585038144774
52164,3.5554717225007524
52166,2.9305089089012957
52167,3.0201917319446507
52182,2.839282149668301
52185,3.114848455276763
52186,3.0785051698730643
52197,2.8401154374653834
52209,3.609132415054443
52215,4.722470621935106
52222,4.221803805250117
52225,3.7267239961128573
52229,3.0412645213368967
52237,4.579336042121684
52240,3.0287977754838966
52242,2.8372417489942503
52249,3.0394312733050914
52251,3.037702536806753
52254,4.57941837856634
52258,3.0789255081373463
52269,2.9824317045523356
52274,3.4010401435318367
52284,4.413029725951096
52288,3.430947590790826
52290,2.6986848269671975
52291,2.5673837702722953
52298,2.8916549296508074
52311,2.6574301191753196
52315,3.220846876371994
52327,2.7026118136653965
52329,2.9033073021403717
52340,3.148245441367584
52348,2.419459401846951
52349,3.0454080545712423
52364,3.5715146494893095
52366,2.992906321917378
52372,5.096778431527624
52380,2.888053751937747
52390,2.75624852541996
52403,3.2222702720158933
52405,3.585434351553981
52427,3.0818676172168264
52433,2.4910285526625264
52450,3.024800914926431
52463,4.771325149457756
52489,4.404207966363388
52491,4.5220055793122
52505,3.226215316270685
52510,3.6273908872644705
52518,3.5049690353042893
52531,3.1473518367797135
52534,3.816287717078852
52536,3.3140949310321353
52537,2.78093845807975
52539,3.1063468051753436
52545,3.1930043003070434
52559,2.9426493749275835
52569,3.6259504260835507
52575,5.482997484914662
52586,3.3440269057813214
52597,3.0076423344116803
52600,5.3472239794535845
52602,3.47537607843372
52609,3.749552333712255
52611,2.956731977342003
52625,3.4862752754650965
52632,3.163727967394711
52653,2.9993110060359602
52654,3.0064277919609705
52664,2.8016166281458594
52665,3.541894815283033
52669,3.3460361464680797
52670,2.650291327060369
52680,2.9845759798897373
52681,2.892180357120129
52682,3.094427650357706
52685,2.92769676002936
52688,3.0686573126442984
52691,3.5459270662795204
52710,2.988640418884536
52711,2.7214569316463226
52717,3.4970734276958315
52720,2.8305134688771787
52729,3.0531069333601857
52732,3.617047116020508
52733,3.544125031626501
52753,3.391608843659496
52757,2.676168247947662
52759,3.153542150558213
52762,2.880378131284567
52767,2.5307092781841227
52768,3.0230592513986525
52769,4.598197267278049
52776,3.4835635262620652
52780,2.565884789297949
52781,3.1078528625451978
52790,3.0562918697740526
52801,2.9844503474006907
52805,3.09684092102711
52821,4.66368176657919
52824,4.320008906336322
52833,2.761725346332983
52842,3.327113743121404
52845,3.0572623498298204
52847,2.9395038199583494
52849,3.4412848685322865
52853,3.352917226766142
52864,3.642796155965148
52878,2.8560197631366244
52884,2.7625923023325707
52897,2.2539319306633883
52918,5.2744067637309575
52923,3.114027896187534
52925,3.538041218124931
52937,3.143302613370212
52942,4.597254469836013
52943,2.9844503474006907
52952,3.3553579082759537
52953,3.0607299767590455
52968,3.540795498850953
52982,2.876545278512193
52985,2.5154520682861685
52988,3.258514963569596
52992,3.0547838266304193
52996,4.145547026036945
53001,2.676777262425958
53007,2.709552219081502
53021,3.053715152965334
53022,2.6291718063771876
53023,3.329098694507376
53030,3.175276381396278
53057,2.9269062711831633
53064,3.1569375469042913
53067,3.324981189199031
53068,3.634978789654006
53070,4.116930222051634
53079,2.984635611751076
53081,3.1199730156795082
53090,2.8597338247262534
53093,3.550426298588185
53104,2.825506896647136
53113,4.61548028575022
53114,3.1149998253653353
53116,2.614853735110927
53125,2.71921934040779
53128,3.028766085178447
53132,4.875672943318988
53135,2.982206700755989
53140,3.576615452697223
53146,3.1905441049049417
53153,3.0927043648412136
53157,3.7952748165393406
53158,2.8027795652474508
53170,3.3763342390999163
53174,3.184904316709629
53179,3.2187526730985554
53195,3.2138891901671025
53196,3.176075259147038
53198,2.7216388401287355
53202,3.0402325899602713
53214,5.33297673245671
53217,4.35095484186237
53228,4.723303994020702
53229,2.995690809816102
53233,2.7684075910519574
53240,3.2235497673075386
53246,2.988582748454807
53255,3.1103558089598153
53256,3.6642594289275823
53260,3.3353020414204133
53264,3.630095903241944
53268,2.67253014132375
53277,2.9455866354786786
53282,3.617440543372433
53287,2.782406174799334
53295,2.681822394022568
53300,4.643651296736347
53305,2.5154520682861685
53306,3.0178681161917273
53310,2.6903063660857853
53313,2.8016166281458594
53330,3.256921360382043
53331,2.8596355473754502
53337,3.6444349820354964
53340,3.7650763451736022
53358,2.850945092225244
53363,2.5978214044167682
53370,2.9797358340164903
53384,3.0461748534208937
53392,3.0937374751527082
53398,4.618837709899901
53400,4.546397773320079
53409,3.223309922349985
53416,4.612215264384538
53426,3.406330296627063
53435,3.7332826291021277
53443,5.437164304388933
53456,3.4274604800076562
53464,3.0060714931626134
53468,3.0461748534208937
53470,3.00660431494569
53477,3.7027812928087234
53484,2.5453254478777367
53488,3.0941575921767566
53490,3.0361650435436696
53499,3.3028604798174777
53503,3.013973747588905
53510,3.2623864523136175
53511,3.6422150725603677
53516,2.9946960581062445
53521,2.92334104577633
53531,4.138344140056979
53533,3.0806053646371288
53535,3.0430047091648516
53538,3.418371274299441
53549,2.7303336231169277
53559,2.7971485900437316
53563,3.3349395499601657
53571,3.6811140468311447
53581,3.5255679587398445
53606,2.3081062461313877
53608,3.014988033540857
53609,2.745056551068825
53615,2.7611367729602825
53618,3.4077497831305017
53619,2.8415544824268144
53631,3.3899526151924797
53632,3.3066339503302267
53634,2.748799716655458
53635,3.094427650357706
53647,3.1413672922392837
53656,2.316395480167241
53661,3.0395972066115706
53675,3.0461748534208937
53678,3.093877202533769
53679,2.65293104853012
53683,2.6873193276860334
53689,2.819310956963116
53694,2.5993792750303903
53695,3.0395972066115706
53696,2.9561797243722716
53697,3.541442591218198
53701,2.79398383975217
53711,4.214019422550209
53713,3.292559688156018
53715,3.08110517843131
53719,4.603642267587126
53725,5.6187590244942225
53732,2.8343966306595507
53738,2.3538969589228733
53741,3.002907760768381
53747,2.67951471712448
53749,2.925778225697734
53751,2.599583248549469
53752,3.634771273543895
53753,3.2794040877534076
53781,2.253625056416068
53798,3.19712269663979
53799,3.7725065453720985
53800,4.737685171667681
53809,3.107340013110177
53810,3.530524423389246
53834,2.9691981943806303
53850,2.7454474781904072
53857,3.5660198912533403
53860,4.45866669281167
53864,2.9983487592632208
53866,2.9451255993627536
53869,3.477833099954264
53870,3.4576815494803346
53882,3.068249385770672
53893,4.638948636046061
53894,3.0130789006761125
53915,4.344256332181644
53922,2.3939078827587257
53930,3.215282562802348
53940,3.1705739348412894
53944,3.0562918697740526
53945,2.6033943163397137
53947,3.647920002433673
53957,3.5865647648234313
53964,4.429667457142898
53968,3.316527909704975
53976,3.271096837628717
53986,2.907563613708514
53990,2.7798800502499237
53992,4.658760712554336
53993,3.761913648449017
54004,3.0545214225490405
54009,3.0235525784459254
54012,3.5556085349534756
54014,5.083371141712641
54038,3.1088082584110817
54044,4.394113637789413
54048,3.0697145394776455
54049,3.1556972242678816
54052,3.5826849666101466
54056,2.8552484498569854
54078,2.731302535417397
54083,3.1352684935523114
54104,5.73090045405124
54115,2.9610781115049605
54138,3.1274392875213457
54141,3.6174250696380144
54159,3.335163967453691
54169,2.9382622015381346
54194,3.5788877963986185
54196,3.1063468051753436
54197,2.6390036082164245
54218,3.0940075056219642
54229,3.4504197987140293
54242,3.23445265069058
54249,2.351923155350494
54252,3.0892574266706614
54254,2.753983051379234
54262,3.3555681450055435
54265,2.675430199577938
54274,2.4395128279453653
54292,3.9995837753751275
54296,2.768410813307038
54298,2.767577574744741
54311,2.963738484961098
54315,4.4668830212910855
54320,4.794041487372483
54333,2.7705536432676587
54341,3.1694147342840333
54342,3.6971943511062992
54345,2.9867658104951373
54346,3.467284689899526
54350,3.7608046723782564
54358,3.1135251133315367
54363,2.6656693556138302
54371,2.7243862713607507
54373,4.662654274724692
54377,3.2092380871262116
54385,2.6682314422478246
54391,2.3237505596078636
54395,3.8609831257768366
54397,2.6886072658871245
54398,4.706515134668902
54406,3.155129547640608
54410,2.468821606194861
54413,2.659147136619109
54425,3.1405510326104973
54451,2.7836897684262656
54453,3.133559407260322
54456,3.12564401440489
54460,2.783967607924783
54466,2.841767348603159
54469,3.737127554083915
54470,3.172398344872722
54471,4.6046268707164195
54476,3.2608873341669753
54477,4.655488229832841
54505,3.5643074687800347
54506,3.092552065062124
54512,2.884080693452811
54517,2.6561622900117423
54536,2.786852022384844
54539,2.701939118468943
54540,3.057663283438743
54543,3.548074438776447
54546,4.533158748528778
54550,2.389474878797587
54560,2.9360461519325334
54565,3.4725085629962504
54568,4.398676284270365
54583,2.7821804292085686
54588,3.08455781513449
54590,2.6279606398974096
54592,3.4601823490394406
54598,3.160839875750715
54600,3.205604890997154
54602,4.959657975270105
54608,2.74216373857749
54621,3.0531069333601857
54626,3.014988033540857
54631,3.3064757637353255
54635,3.279163979910731
54636,2.30783392977459
54648,2.4699749818829995
54663,3.3412732183738356
54679,2.6855652540309767
54680,3.6845112471041475
54686,2.629629816087169
54694,4.168490842070053
54695,4.297498339040843
54704,3.6175874574107425
54706,2.655391573632188
54707,4.93147995730939
54708,2.8475380225868068
54720,3.0678831284835266
54721,3.1257375262928484
54723,3.035315547493383
54724,3.233451729609423
54727,2.9617629925751925
54733,3.035315547493383
54736,3.3972625712706623
54742,3.0069132520647286
54750,2.994737737938343
54774,3.1873474497392396
54778,3.5655606305891308
54789,2.887432373568648
54792,3.0329685086916074
54804,3.1344684014786393
54809,3.636556060971407
54813,2.970237360764829
54826,3.0559859985173423
54828,3.3573457866756864
54829,3.9987292051420122
54831,2.7668776049269006
54859,3.3336838430257894
54860,4.5516587468216
54863,4.304488256486911
54867,3.0461748534208937
54886,2.609209689000581
54895,4.014535297408578
54908,5.42007090198201
54913,3.570868496151302
54923,2.6798076561492024
54926,3.655607283535826
54930,3.0787527032831
54935,3.0076423344116803
54939,3.463060646545035
54940,3.2296021837257287
54949,4.5341100283469435
54965,3.7593256867157914
54970,3.189539181537159
54976,3.0625798182241004
54990,4.133989782990752
54994,4.57358784317673
54997,3.134958282515846
54999,2.5978214044167682
55022,3.616955902116243
55025,3.7516286994021217
55026,4.288884864833367
55028,3.573164294731037
55035,2.5363479223561267
55036,3.096661715198285
55037,2.671930279557848
55042,2.7202599253285826
55055,3.8165644715513074
55056,3.389533844601801
55057,5.583269095955621
55066,3.618353356567086
55068,3.0701142014992837
55069,3.5907672082310604
55073,3.183417201423018
55078,2.789402246201239
55081,3.241269303231695
55082,2.876644604380912
55084,2.985225603891082
55088,3.094673160616692
55105,4.049238766705773
55108,3.0094226258265206
55109,5.69580165350383
55113,3.9144876645348408
55117,3.9829461964444657
55119,3.175481833931078
55131,4.213465173871444
55141,3.307610584825011
55142,3.0428528792205007
55143,3.8448442533181373
55157,3.0456243308386877
55167,4.593780479996234
55172,3.1108348167075164
55175,3.201192919860286
55178,2.987213687800037
55183,3.137537768880594
55190,3.8578601662706005
55195,3.150151093551536
55198,3.4541661488650286
55223,2.9448614213522033
55224,2.834688199387043
55226,2.6748514754991457
55231,2.67563372446029
55235,2.6277888007549555
55237,5.665371979679873
55248,3.054054845616901
55251,3.8814460030313302
55259,2.69375824048857
55260,3.3447116391330254
55262,3.113740396693783
55291,2.807353201223089
55296,3.536633295870513
55303,3.1679508356234702
55318,3.901058235582539
55320,3.404782435782801
55333,3.0562918697740526
55346,3.2092438113638626
55348,3.0906662960089792
55357,3.0112553444770613
55360,2.2810414007030735
55364,3.1263144707068555
55369,3.623706156274226
55371,3.8363481092673237
55375,2.567431013108326
55376,3.0551818241254285
55379,2.915820486265165
55380,5.237094738708464
55383,3.181456980702324
55384,3.879343248167725
55396,2.937135053120327
55399,3.1689955937028387
55411,4.462962775355529
55415,4.265968337909872
55417,2.677539195494478
55419,3.460258087310317
55430,3.3250355578843562
55433,3.433359769834188
55438,2.870603705930207
55439,2.9560859475883685
55442,3.586979474607357
55444,3.493435571369745
55445,3.4725085629962504
55487,2.451157439952638
55491,3.220846876371994
55492,2.8489263146614694
55493,3.5994052995295993
55495,3.0650468794858323
55507,3.189566999687832
55508,2.9627966494324234
55513,3.6642594289275823
55517,2.600971986426295
55518,4.051699395118938
55523,3.9926083311980385
55529,2.5755389620026454
55530,3.20794309483439
55537,3.6110812426004806
55540,3.4203892114989904
55551,3.0763244418386995
55560,4.49639973335179
55564,2.97367885463999
55566,3.027850873932134
55572,2.899680479450811
55586,2.573961108030519
55587,3.23997902654188
55591,2.9016979840025705
55605,2.5426726102537462
55612,3.125375435804645
55621,2.6182304537053853
55631,4.142149296146076
55641,3.4251837092362885
55650,4.351039149952508
55651,3.406176762152393
55665,2.956621802892642
55670,3.2273956885504202
55681,3.5956945355181857
55691,2.3498091488840585
55711,4.9402547717219045
55729,3.9720259594735374
55737,3.8132134389310552
55753,2.9215933875464746
55755,3.059591361671527
55774,4.396245015535747
55775,4.456903116937642
55781,3.832830811423232
55790,2.687967486103757
55799,4.5770726788940115
55802,3.206162497621736
55804,2.787713759526159
55805,2.814848362713394
55819,3.2191661713267887
55825,3.003796921872589
55826,2.8517821071746368
55830,2.802898764135592
55831,2.6009242293642174
55835,4.33604318610384
55869,2.9182385931722865
55875,4.6151866261094145
55880,3.202392175028653
55881,4.738816692427944
55905,3.1860439454604372
55913,2.816496459698303
55914,3.3131781207236557
55920,3.0623740667157886
55927,3.7523297700590206
55935,3.920268699989486
55940,3.438285466511875
55946,3.089870795309637
55947,3.2815781459230062
55956,3.6389366940640926
55968,3.718141111593708
55972,2.9101331795006615
55975,3.1507150452950574
55989,4.590625392961464
55991,3.3037073191941264
55994,2.818178834111869
55996,3.714399650351073
55997,4.882374232338599
56002,2.8982063599105032
56003,2.6690323142819756
56009,3.744762876680869
56012,3.8138964765533068
56020,3.0885810898580806
56024,3.574754082004584
56032,2.998975851855577
56034,3.4169162729801346
56037,4.585666514471718
56046,3.2021586143399476
56053,3.0086763583505736
56055,4.622551802292036
56056,3.558093001083752
56057,3.3726353507949227
56065,2.8877239554979464
56068,3.151903773329801
56071,2.993067326351818
56073,4.667649763222209
56078,3.561838154384792
56080,4.645308722737008
56086,3.0735588850160798
56090,3.0230592513986525
56097,5.349029759845252
56102,2.83909631333278
56104,3.5558507242912007
56105,3.6444502049741185
56106,3.1832913796875246
56119,3.0562918697740526
56123,4.914186506449663
56128,3.939240341188074
56130,2.8800469559475266
56147,4.627977249811478
56148,2.994737737938343
56149,3.5106680998228756
56157,2.9102292902137235
56161,2.534343831393611
56166,3.0461330534597226
56168,3.0789255081373463
56169,2.947518399015242
56172,3.146282915253401
56178,3.117077654370739
56199,2.9746817532529017
56203,3.054703431035035
56216,3.6796656296219448
56227,3.131720909259536
56230,4.585049387382423
56231,3.3505055513898725
56236,2.7168219249481345
56238,2.734664277097519
56244,3.36265627647633
56248,4.59515791780734
56251,3.251456768653674
56253,2.650121982713542
56270,3.928421119612922
56273,2.9852961746346858
56275,3.255809402314794
56283,5.044023934261947
56288,3.0168432293428356
56290,2.9699195044808198
56293,3.22206415547345
56298,3.5197988916616785
56309,2.8103670303640387
56311,2.712392478726195
56314,3.0559552084326187
56315,4.615271775611294
56319,2.9844503474006907
56321,2.9835829721282385
56330,2.9606275438697387
56339,3.109337353318131
56340,3.639502706970601
56341,2.4525288597845543
56345,3.127280802439015
56356,3.741526758638053
56361,3.1376167374586936
56362,3.5730324465337384
56363,3.6811078804435424
56368,3.6093612351547453
56380,2.6639480709801786
56387,4.02549467431117
56391,3.781293869817846
56396,3.615416219476393
56397,3.0828895436913917
56400,3.157786694364967
56402,3.082149376374198
56405,4.731788658502847
56417,3.454266249189602
56433,5.262540927664652
56440,3.125375435804645
56444,4.0789307779953194
56445,3.0785439916157946
56473,3.2828037648460175
56476,3.2349451856124314
56485,3.308017904104177
56486,2.639900129146021
56487,2.6872377117607487
56505,2.700679003491831
56507,3.3360840985875106
56519,3.3768932573020813
56523,2.9694342484876146
56527,2.995238171060569
56529,2.79890107975336
56533,3.0188668846206737
56543,3.1087770965513606
56544,3.0634702338921875
56549,3.0951617923216608
56554,3.4636695433111933
56569,2.6903481963871547
56599,3.1840900711014397
56604,3.6016407920868994
56606,3.0891017256797286
56612,3.175276381396278
56618,2.609462263334286
56625,3.0511304734169666
56631,3.104539095162876
56633,5.35706361468985
56641,3.0607228643626283
56642,3.5437801619539058
56645,3.226523002715423
56646,2.9993110060359602
56647,5.0483282986801585
56654,2.9382622015381346
56655,4.515491502768062
56661,3.036238756531218
56667,3.1063468051753436
56670,2.9532496765951173
56675,3.2041409011581985
56677,2.499543220839837
56679,4.047047124670575
56684,2.9368410410488175
56688,2.6329549933315315
56696,3.7890782940636427
56702,3.002692123200208
56703,3.055111654281378
56710,2.79890107975336
56721,2.9617629925751925
56722,4.068498516102162
56728,2.8164109165749576
56730,3.5174950094299735
56737,2.839616402942624
56740,4.456324656106286
56744,2.5462435506306873
56748,2.887864591048822
56758,4.7317899733058555
56769,2.8797177318528964
56775,3.6503329067015495
56781,4.268749780928942
56784,3.5549603214283563
56808,3.172398344872722
56814,4.164316243144966
56826,2.9228573132629108
56832,2.9405563987923125
56838,3.0605034198173366
56841,2.6217412644190476
56843,3.500926191859763
56860,3.0908942923635534
56863,3.643167381435084
56864,3.180583767974802
56872,5.115347669023082
56888,3.08284814483201
56889,3.0562918697740526
56893,2.7482097885023453
56900,2.987213687800037
56906,2.949419213082686
56917,3.644823467171163
56930,3.3621905646141665
56933,4.643651296736347
56941,4.242705844887665
56947,3.3059448578766095
56950,4.583078257943642
56954,2.85023091225757
56956,2.660897142755513
56959,2.8115513309536135
56962,2.9840027804973768
56964,2.9023006709707335
56973,4.3429155493407094
56983,3.2407690658402557
56987,2.7713688530556944
56993,3.165749565370118
56996,3.2422069353098744
57017,2.7272321040716476
57023,3.6477222929609785
57026,2.846666280452425
57040,4.626483472786802
57048,3.335912977986539
57049,3.7325982446030745
57053,4.034132794510441
57070,2.6871279529610006
57071,2.784121948895452
57082,2.5773002356830297
57084,3.9630469596521705
57085,3.6112243049517674
57100,2.778764934345154
57106,2.79890107975336
57111,3.141831974414111
57116,2.4267509766438615
57122,3.094427650357706
57140,3.049006791565542
57151,3.664227873577947
57157,2.945277332873509
57159,5.3283322934619335
57165,2.446541104852674
57168,3.220846876371994
57171,3.3070411157055717
57174,3.068249385770672
57175,3.351675714839322
57176,3.196346395739313
57194,3.4079042746646273
57201,2.535728856981246
57205,3.2018873877432683
57220,2.711212830765697
57222,3.1063468051753436
57225,3.051899792285417
57240,3.154621066521985
57241,3.0818385145285885
57259,2.9583562929708145
57261,3.5388350063418996
57266,2.8225088197534
57270,3.5984446543070647
57272,5.513725258107783
57280,3.532557260184593
57282,3.473006622205495
57288,2.9884230515771164
57292,5.0340208304298715
57303,2.5436183686167175
57308,2.896723197440227
57312,5.820027944583746
57316,2.922450957088451
57327,3.163642866960292
57333,3.6019246098957467
57339,3.058879917690577
57344,3.654313452308992
57348,2.6498120713733995
57377,2.45609259647021
57378,3.4670652636837085
57392,2.3560269128342677
57393,3.4409419820281704
57403,2.499933160684882
57404,3.2017941358387754
57408,2.9816006580064593
57409,4.930672298920193
57423,4.168064655435208
57435,2.820609313529131
57439,3.269939206325315
57442,2.5439866921668566
57444,2.985884815910761
57445,3.083417204389392
57448,3.3718173182165687
57451,3.9153036620983603
57458,4.2560232053856
57460,2.87078955860494
57468,3.293259183252376
57471,3.088367082120335
57476,3.4016981566553928
57479,3.182339812714727
57486,2.4261986583440147
57498,2.7663203330007615
57503,4.566309904300784
57506,2.6822696381895756
57507,3.1559480347481914
57508,2.3135461016897074
57512,3.2712113080076324
57515,3.1227132717314565
57518,3.4597506856667333
57520,3.209376784138811
57524,2.882299564341141
57525,3.654917928123445
57526,2.5165430892853076
57533,3.015929033397959
57541,2.9986987762952464
57549,3.034914975163709
57561,3.0531069333601857
57569,4.726510264443405
57570,3.1300852079276122
57574,3.0209773981619716
57576,3.3281901920881527
57582,3.329894065236088
57586,2.850893299572291
57588,3.3795955406288036
57593,3.847268350935976
57599,2.6597764103554717
57601,3.056706761874061
57602,3.7433207431525686
57604,3.5427494878048753
57622,3.6415899927429756
57629,4.035683741495636
57630,5.108570081057496
57641,2.728536977955433
57642,2.870322799769509
57652,3.303325539563623
57653,3.4439925712110044
57661,4.046662200137579
57662,2.8490149122846233
57675,3.0118286667819283
57683,2.824188873917301
57685,3.8465929897408198
57687,2.6708818206399236
57692,4.760851929403136
57696,2.761765935678342
57727,3.3064129100490858
57735,2.993428328114527
57737,2.674064348610255
57739,3.552445460903043
57746,3.519939890223691
57748,3.5501772391877577
57750,2.9130632272153614
57756,4.558907934708831
57759,3.0910577020755245
57760,3.335778574164448
57769,2.7895696827892964
57779,4.548427015466644
57784,2.8745886758866277
57786,3.888211737716779
57789,3.4834835979294003
57790,2.740095319521808
57792,3.002811483804444
57793,3.2376872588145313
57795,3.0363246584478913
57801,3.074706619252065
57802,5.602360191229729
57803,3.6955658766399635
57805,3.601748800955294
57807,3.093877202533769
57810,3.561586245710697
57822,2.9472702407101288
57824,3.861726912655179
57828,2.7689673033921176
57834,3.123282221937066
57840,3.5454340242191726
57845,3.155662101768289
57848,2.8859217532463193
57851,2.8242524672255467
57858,3.390944688159677
57872,4.071588341898885
57881,2.6633360765389638
57903,3.5115023865187265
57905,3.1940198359793874
57918,3.9660888837067376
57924,2.599801273022428
57926,2.9126541446614573
57947,2.9963991220879853
57957,2.961644346934937
57960,3.215685983786372
57964,3.7561385580822693
57965,3.0461748534208937
57969,3.176075259147038
57971,2.6237770046249476
57974,4.809850564092216
57979,4.337738137585887
57980,3.212217670133771
57982,3.966848844087125
57990,3.0266219446187046
57991,3.346662050081316
57999,3.055123424022314
58007,3.0607228643626283
58026,3.0665090569680564
58032,4.483163860213509
58049,2.8622948605052616
58051,3.4003701121290897
58068,2.928471061037368
58070,3.258475430689112
58072,3.0531069333601857
58076,3.3990443368529872
58077,2.719877464960314
58078,4.602086404106021
58084,3.102405504080833
58087,4.793773004185871
58089,3.874378524766019
58102,2.671072875534792
58108,2.920207204600469
58117,3.2442103011812082
58136,2.8310887738045794
58138,2.9867658104951373
58153,4.90802067448654
58158,3.4913789749851363
58159,3.0461748534208937
58172,2.8850807954862923
58178,5.467702273778476
58184,3.479879853044862
58202,3.01643564351318
58203,3.609876675979644
58211,2.711816623302339
58213,3.8416461130336215
58219,3.7361784874152866
58221,2.761725346332983
58230,2.869813382309194
58232,5.031854100753509
58233,2.52788447851646
58245,3.204730519254899
58252,3.9643162128289173
58259,3.0456243308386877
58260,4.155147311095087
58267,3.125375435804645
58269,3.756352838893121
58270,4.4781989390336925
58273,2.701941772038374
58274,2.8414653419749882
58287,4.642978526458549
58296,2.6721695626699535
58303,2.766341149532198
58304,3.1949567505651904
58305,3.600584408156706
58314,3.1224095099074565
58319,3.6622703966751615
58326,3.0562918697740526
58350,2.7331864605510114
58351,3.080860173844018
58353,3.226094809234893
58360,3.855914251222055
58361,2.6276729774582486
58371,2.4728024104939306
58372,3.0259951537669907
58385,3.344739276125228
58399,3.262145886644836
58409,2.591109706998277
58410,3.801265907161107
58412,3.799024714502148
58413,2.9706819058961327
58414,3.6623504793027557
58419,3.0356858011878094
58422,3.048325727513746
58424,3.55165286242974
58426,2.8353042374139856
58445,3.460078482422458
58450,3.5688990949167656
58454,4.540201666085975
58465,3.1001154820610677
58469,3.0836405117439107
58470,3.583800796326218
58474,2.9382622015381346
58483,4.713388612261855
58484,2.7576912682192205
58498,3.4489284332175636
58499,2.6368557689082017
58505,4.583849602506705
58506,3.360942292918455
58508,3.1087770965513606
58509,2.720485735793122
58515,3.143221896882231
58518,2.736681992806641
58523,3.259791773931663
58533,4.5679590225620545
58539,3.2884115248181165
58541,5.007064155338947
58551,2.7491287517722904
58553,3.7517201128819226
58555,3.578397566250079
58567,3.508147813292796
58572,5.591686540056715
58578,3.0961029277161316
58581,2.8341191433210287
58600,3.088587406375974
58602,2.821536461330557
58603,2.717449212483608
58609,3.1122492524417904
58632,3.101695923542846
58641,2.9844503474006907
58649,3.1713727621271453
58650,2.9740037712997194
58657,3.053994816834639
58677,5.081016197334453
58683,4.542511065008771
58693,3.1165636022506904
58694,3.1602400518100384
58717,3.004509406013257
58722,3.1876824648046864
58726,4.149787226995929
58729,2.9761615580654257
58734,3.229539945329367
58738,2.6656693556138302
58741,2.5353762078417827
58743,3.4426568398774355
58748,2.4963450195417782
58757,2.7701346824034294
58759,3.6048776292611775
58765,3.068702303203105
58768,4.3191606404446805
58775,2.9532694092931404
58787,3.5286122186028863
58795,2.9151965639390585
58798,3.83123931563773
58803,3.5972042046359185
58804,3.0956235598358184
58806,3.55165286242974
58814,3.5098645910026547
58818,4.929872669031909
58825,3.0224363023149494
58828,3.717884058065808
58829,2.8228566801479578
58830,4.532231047190457
58831,3.0495994246119165
58832,2.359103782563103
58853,3.066681531870338
58873,3.065667510586357
58896,2.687967486103757
58898,3.0356281631824964
58903,2.6773839412145315
58920,2.975793217899867
58947,3.137537768880594
58960,2.9893332191931266
58962,3.5150012609311396
58963,3.532596886219753
58978,3.229152828195542
58986,3.495992478312007
58995,2.7070227695587628
58999,3.4504981382705964
59003,4.903253254327822
59007,2.9344413125872535
59017,3.5718131449273276
59043,4.658891271229445
59044,2.8650926957236758
59056,2.6763402068837534
59067,3.0671610375542815
59078,2.3419050092399765
59090,3.265439392854538
59099,2.992895530806367
59103,3.034426361328601
59105,4.684450318824357
59107,3.1665731734993843
59121,4.740012701536317
59123,2.9840070632460396
59134,3.8205560547076067
59135,3.2425903103553417
59137,4.68796453522404
59144,2.7272321040716476
59148,2.877675507767469
59152,2.7705536432676587
59155,4.697610499976483
59157,3.4850561577780685
59170,5.142150704681979
59182,3.2632546828656723
59186,4.514607113918883
59187,2.635651893224235
59195,3.5039860471321407
59198,3.261224553481441
59212,3.1078528625451978
59229,3.084966937135535
59236,3.62576081062244
59239,3.4533415245102894
59252,2.907605286323253
59256,2.7797748271948004
59257,2.7682581686498113
59259,4.574097300154376
59260,3.6490219226960523
59276,3.184493260470122
59288,3.2883138637240554
59291,3.172635829259917
59301,3.0540764376078324
59305,3.1405510326104973
59307,2.9680961269219472
59321,3.465917669194518
59324,3.0096525914045107
59326,2.9585405417778965
59328,2.895408449296318
59331,3.210108560277619
59352,3.1029550099729386
59355,2.714199986182828
59359,3.5459937580096903
59363,3.0763194972144587
59364,3.101726737491275
59376,3.1255454974070345
59393,3.2193642525201684
59399,3.3322440603980166
59402,3.035315547493383
59404,3.038344166998739
59408,4.830860753625412
59410,4.490947446683288
59411,5.06222986595895
59422,2.970237360764829
59431,2.9709528235592693
59444,3.5414173516738705
59451,2.9375199365131492
59454,2.4532050412810085
59470,2.638620805343474
59479,3.098304081726176
59488,3.148910952248424
59492,3.056706761874061
59496,3.242552214072142
59501,3.472512591247477
59504,3.457476797542167
59514,2.970237360764829
59518,3.697320340870244
59525,3.051060339015271
59551,4.456121408998156
59560,2.8164109165749576
59565,3.602906366873615
59566,5.786856780447808
59569,2.5589648425187894
59570,3.8298413619548053
59575,3.076447114334144
59586,3.4925483834787183
59588,3.6490572952962275
59590,5.515053541963129
59607,3.2986714960883825
59623,3.157786694364967
59629,2.586057744261876
59635,3.275678225411767
59638,3.1656400100115083
59642,2.9878021323965016
59649,3.583523545545633
59653,4.161082313349669
59668,3.6497258065788283
59669,5.081346068768033
59686,3.242652092218513
59701,2.7147867455732957
59709,3.2511407296247086
59712,3.1611614821642795
59713,3.818227780182327
59721,2.909893283517262
59723,2.9508668408717686
59735,2.5583940998850236
59738,2.6591393575010804
59739,2.7272321040716476
59740,3.576266789747275
59744,2.88417865388458
59746,3.9666572151175266
59747,3.0867458093618265
59751,2.902279277903737
59757,2.766800322444624
59761,4.906994983072945
59783,3.0998380678025304
59794,3.3091610914887695
59811,3.183487604220541
59822,4.488786033624757
59827,4.828141739332041
59834,3.7319613617997054
59844,3.523874616964167
59861,3.563769238611618
59864,3.3827181969212265
59868,3.244035682892436
59872,2.925778225697734
59876,4.166812819393831
59879,2.8215976587594747
59894,3.7521339739435704
59895,3.0128994023949405
59900,3.697877992969403
59901,2.9873521214474983
59908,3.5451125426969803
59911,2.8058775643122065
59917,2.714772645119351
59926,3.6899380408019704
59927,2.6112756780319124
59928,2.9150367664758376
59932,3.6089336083472947
59944,3.550825264967305
59949,3.4455751650325026
59950,3.520483299951835
59951,3.334417157446416
59964,4.2514170904399124
59971,3.0687750007192176
59979,3.2046245298470044
59981,5.26997263184193
59988,3.8925997039902622
60008,3.025606612269364
60011,3.110342954916585
60012,4.580621755495249
60017,3.1048670803927294
60018,3.167620023996626
60026,2.74228576688801
60032,2.7950357125204124
60061,4.29356889215369
60062,3.330706014475314
60068,3.479084048060532
60071,2.4142987057274596
60078,3.097491786278062
60082,3.7719544364432624
60089,3.785949130828877
60094,3.1113844324228945
60096,3.1125456077140536
60125,4.028452091643658
60131,2.7430354946405004
60145,5.718093424829414
60152,3.973022607465591
60153,4.352374843882483
60163,2.7100100725847818
60167,3.320158623418698
60174,4.4029942361289205
60177,3.811444788908019
60183,3.869842879317971
60187,3.2969607502398897
60192,2.717794267520574
60196,4.629702537834483
60204,2.983550588855007
60215,3.3201168685522218
60221,2.82674563116329
60223,2.2956641134026357
60231,3.797905264036146
60233,3.5443935989871638
60236,3.3961388958297665
60237,5.079873024799887
60239,3.590550648098372
60249,2.745056551068825
60252,2.7294376051476816
60254,4.000570536274935
60258,4.8747670335999365
60262,2.5757601864445028
60263,3.126133280516465
60268,6.056120473967841
60279,3.484971936180791
60285,3.4523665310380154
60292,2.838598048462923
60300,2.718842694451946
60303,3.544777570084884
60321,3.144660254645171
60322,3.3656290769102086
60327,3.3045972594539776
60337,3.757937393567358
60339,3.2005829219667272
60344,3.022879161647194
60348,2.96650788026984
60360,2.952720167136488
60377,3.19615264828274
60388,2.904396075453325
60392,2.9984563088209435
60404,2.838957225794413
60405,4.977250822608937
60406,2.907969344873914
60408,2.8486416849502527
60412,3.153328306866341
60417,3.1903755363326978
60428,2.6224078342213937
60443,2.9993110060359602
60448,3.053739408013597
60454,3.6852077775732477
60455,2.8337725782110734
60461,4.784407374548689
60464,2.6278695302002033
60465,3.7930058773697874
60470,3.562095935176626
60471,3.3445654494603607
60489,3.6052698014892215
60491,4.581925237959139
60504,3.2718481912266837
60510,2.6398536413338345
60518,3.741755261458433
60534,3.6615090062892315
60536,3.8968790539702436
60544,2.797937550552485
60558,3.00628620849905
60559,4.370090101265213
60572,3.114027896187534
60574,2.7028165684785224
60584,2.674584615344008
60599,3.0464088189650727
60603,3.265489878174689
60606,2.729621728332509
60612,3.134958282515846
60613,2.6199016952267487
60625,3.0369941710613735
60626,2.8870906790072723
60628,3.4186359284416183
60629,2.7866570437072116
60632,3.065958256083975
60637,3.7895623027694345
60646,2.9522303965044783
60647,3.183393204917568
60652,2.78747781712451
60653,3.671474237038934
60656,3.6904616591201016
60675,3.19994269927404
60679,3.097491786278062
60681,2.7346772912782664
60686,5.204389611332376
60691,4.716963253614777
60692,2.7740724740713416
60697,2.8384631489783376
60700,3.3079473878919665
60701,4.725844905213275
60705,2.565318405473477
60708,2.7545330878766614
60709,2.789398423921797
60713,3.477203363678422
60718,3.5252818734964935
60719,2.894896371234336
60732,3.193024444726517
60777,3.6335295838496204
60787,2.8023810379205663
60802,2.9309118171058235
60805,3.513464759718638
60810,3.560625603357111
60819,3.3375513529441156
60831,4.247061411737169
60832,4.550194507105358
60837,3.595700393775891
60847,2.8613027807664695
60863,3.137537768880594
60865,3.5834036991363973
60867,4.518794091154115
60869,3.622085603842108
60882,5.047122149407306
60883,3.0163723406731497
60888,3.534002836945911
60897,3.08898807290219
60898,2.272252522479036
60902,3.2633120440319408
60929,3.0648663904987123
60940,3.465580197997441
60941,3.3910827190558903
60948,2.959473829113985
60960,2.985384723266055
60966,3.5678519467990073
60969,3.596847653583816
60972,3.1001167509979113
60973,3.8014410849582565
60987,3.0824540086302497
60997,4.4919176028297745
60999,4.3947234935129895
61008,3.9065407053890158
61009,3.4027401776218036
61017,3.0344642486474935
61019,2.5780974645256056
61023,2.8229187077355586
61030,2.687342263088821
61033,3.2214560204913125
61038,2.9646517066315634
61039,2.6480467895636313
61040,4.695241010729335
61048,2.6845039693543673
61057,3.050893498456277
61070,3.5207209126137027
61075,3.157948352725124
61076,5.170548284338035
61078,3.2214560204913125
61080,4.590235582336741
61081,3.0980107623861826
61086,3.093877202533769
61088,2.9588886559651284
61091,3.1255454974070345
61118,2.8023810379205663
61120,4.496511243204182
61122,2.6877764175444705
61143,2.668184457959375
61147,3.6624107249077893
61156,3.374529922475759
61159,2.8754993622670377
61162,2.7671334178159346
61163,3.10968553182638
61164,4.114776972180476
61172,3.5383321664217204
61184,3.0406834673482774
61188,3.40970094843588
61199,3.6695513957185972
61200,3.1122492524417904
61209,4.746792516951132
61213,3.157786694364967
61220,2.8934388780262252
61225,2.740095319521808
61227,2.8562316286566523
61231,2.9473246406123805
61235,3.056304802765316
61239,3.157780956260232
61259,3.3493322726066497
61261,2.8681785332496252
61274,2.818178834111869
61286,2.646113356681273
61289,2.486887020355897
61302,3.4262911326129464
61304,2.5833437957281835
61305,2.494146891661349
61313,2.905933153231189
61328,2.9844503474006907
61335,2.7487671437910297
61341,4.600207667964176
61355,2.8343966306595507
61361,3.0531069333601857
61374,2.946806238451104
61380,4.5981186878623825
61403,2.8163725759849165
61418,4.901174922668158
61423,3.519939890223691
61431,3.1403488256689225
61434,3.1046561531152648
61445,3.264665525751563
61447,2.9344930740507946
61452,4.60837898754035
61455,3.0082686620600705
61474,3.1199730156795082
61482,2.7477342328480825
61487,3.1063468051753436
61490,3.0143724392443634
61492,3.1107385991998973
61496,3.2872554693593634
61506,3.4868942040352326
61514,4.047016525491269
61519,3.259040500879577
61521,3.0337241290397974
61525,2.622766101410276
61530,3.0763367255707506
61531,4.704880447008412
61542,4.055532826440378
61543,3.0941985776079077
61553,2.8709904834842632
61557,3.060901812410656
61562,3.84598055670277
61564,3.457161613535991
61573,4.706935465552454
61585,4.838953313450695
61590,4.627141918055463
61602,2.982206700755989
61615,2.9935159115753844
61618,4.436755720942498
61627,3.090758946317981
61629,3.0440643883378
61638,2.811957271344263
61647,2.3679607407543273
61654,5.181449183403191
61664,3.2417974818566337
61667,2.575550214211992
61672,3.6053383849703207
61675,3.058482480016202
61685,3.101304073150982
61686,3.579106330483435
61689,4.324816769027337
61691,3.1261872563328326
61692,2.9213646773627593
61706,5.125566650064813
61709,4.626006177773183
61717,3.2740686525842793
61718,4.547600487751598
61722,2.688325682107887
61733,3.405567280246789
61739,3.527783188772065
61745,3.405706332993944
61746,3.4854313406091735
61753,2.908378660394363
61756,3.074004724176614
61775,2.852735992284479
61783,2.630821275737077
61784,3.2699920378009577
61787,3.134958282515846
61792,2.9010989005834293
61801,2.5770941413970236
61803,5.069677388812812
61804,3.109028804568088
61812,4.6022167120214075
61823,2.808229671036079
61826,2.630821275737077
61827,3.1122889365849598
61836,2.658009005960323
61842,2.2425087363616365
61844,3.0618929235405425
61847,3.6585809654458052
61861,2.9606275438697387
61863,3.006122256186045
61866,3.094427650357706
61875,3.137537768880594
61885,2.385816857249857
61888,2.9823102679424296
61892,4.949314772471285
61894,2.690644997074682
61900,4.979167774134285
61919,4.566458005490505
61929,2.8368789717957656
61936,3.7289308682696634
61937,3.109258566836375
61939,2.6181158191615848
61949,4.571840245902225
61962,2.59905202668069
61977,2.9703149303935468
61978,2.808049927668374
61980,2.734570905913321
61985,2.7421128980553875
61993,3.6697997310682062
62000,3.6093612351547453
62005,3.588876751115318
62012,3.9617798354977696
62019,2.8898815236942577
62025,3.4981360336393834
62026,2.868428898782626
62043,2.624940917456243
62052,2.753983051379234
62054,3.8925895510783537
62067,3.0069132520647286
62077,3.0461748534208937
62081,2.365283036950585
62090,2.7201970519283503
62110,3.318814907217267
62115,3.292141251162224
62119,3.1078528625451978
62124,3.140284088411671
62128,3.3116087096658626
62136,3.1825136539244725
62140,3.061722155024154
62142,2.7114641487587
62145,2.655649218350779
62146,4.590096411238118
62156,3.5951745962409714
62159,3.06271228185429
62161,2.783618630827081
62176,2.8198774799782385
62179,3.04404421453
62203,2.9457568917322945
62209,2.7328293890823807
62210,2.447417290369935
62218,3.109337353318131
62219,3.5059973462788516
62225,5.184846804941421
62235,3.003457744070064
62252,3.670895122529884
62253,3.4374785307996394
62265,3.2387090338885094
62273,2.9456868115231654
62275,2.8102505519071572
62292,3.659023615813364
62297,3.6877098305134357
62306,4.54785629635592
62318,2.3148286821865383
62325,3.468828627345904
62333,3.653554256536604
62336,2.7401813804038775
62349,3.0779500965882285
62358,3.038900102627682
62368,2.9759070033474386
62390,2.805437749649579
62410,3.2408356187192986
62412,3.0395972066115706
62420,3.0555384297003836
62426,2.976070282297542
62432,4.857108765268221
62443,3.656866995236807
62455,3.0715527876079514
62459,3.2233855551534587
62470,3.7561107178770676
62471,3.0395139285482373
62473,5.633404047840704
62477,4.383545737541308
62479,2.9844325350346153
62485,2.7272321040716476
62491,2.827759245537503
62499,2.942111341997577
62502,3.1274392875213457
62507,2.855753701064321
62516,2.638813752579934
62527,2.9980545000804186
62542,3.4833050188112544
62548,3.2235497673075386
62549,4.993855414574234
62553,3.8683465241584187
62567,5.002780770729233
62580,4.652398031733864
62583,2.74338800222198
62606,3.2520334795961467
62607,3.199599059423543
62608,3.8314746908620876
62614,3.1010023557155524
62633,3.804013035307273
62643,2.9887905073504957
62658,2.9887905073504957
62664,2.9400843864578845
62665,3.2682417004130375
62670,3.8623272505517026
62672,2.9095557838858874
62681,5.715028238334341
62682,2.976683230192447
62687,4.1026212211490645
62692,3.6105713874650576
62695,5.186619297924905
62705,3.9760270147869106
62720,3.1973344815355897
62726,3.082844296770194
62727,3.0995672810285524
62729,3.9262733654733095
62730,2.9043729725174847
62736,3.0918971687046475
62748,3.4912113186369065
62755,2.8576121131767236
62758,3.6103223199251167
62763,3.510694916245371
62764,2.687967486103757
62770,2.6364163150490127
62776,2.7988890811229563
62783,4.654188110774163
62792,4.872667559721737
62823,3.5043815667634637
62837,3.062530993345231
62838,3.189912138396292
62847,2.8968898440893454
62848,2.9101434724612933
62852,2.9307395103984253
62855,3.3638950138880515
62862,3.433514172964676
62865,2.9897045128209143
62866,2.906155518951784
62879,3.0521866247904734
62886,2.8543947920592463
62906,3.525741718280561
62907,3.105407778736569
62910,3.2375891296044945
62918,3.3874877334163895
62927,3.468686927028289
62928,4.253547873928916
62946,2.9839401216586414
62952,4.631697653534184
62954,2.934318341972102
62955,3.165806348158895
62961,3.5555801625357795
62962,3.342552952111247
62965,3.114948159768647
62976,3.667251053485837
62982,5.030387259094522
62998,2.648312633334068
62999,2.9844503474006907
63012,2.669291102134401
63017,2.9022942466458033
63022,4.010348272080866
63029,3.2659575718983
63034,2.6426619324805296
63039,2.4504075700855426
63042,2.469639930099713
63044,6.356299340645166
63050,3.486035321913204
63054,2.6606697563855923
63055,2.678695676060607
63056,3.477809455328085
63060,3.501496912163301
63062,3.3821114896215025
63066,2.622203843127303
63069,3.0189394377244607
63085,3.054244118347915
63087,3.144628469859993
63090,3.3014392688056233
63096,2.5418693811306974
63107,3.376801106916835
63112,3.9175432267736876
63123,2.8497591735912855
63124,2.745766483568372
63147,3.018389435217663
63155,4.777355240487854
63156,4.103881722215838
63176,2.936061493985925
63179,3.4140761950018033
63186,4.642978526458549
63203,3.197442491345497
63206,3.122543153874617
63214,2.813712198014505
63221,5.091457489198552
63222,3.6359247263559205
63229,3.0780429011021746
63233,2.589568236585514
63239,2.874893565462847
63240,3.2548045408463224
63266,2.5334609417977996
63268,2.794363162618378
63272,3.18217416779746
63273,3.227215111380212
63276,2.9127278998202835
63277,3.6331919179951533
63293,3.294090518793101
63303,2.974955040342315
63307,2.633140156103045
63311,2.8544877975470992
63316,2.8433837052279696
63317,3.230009560474735
63320,3.663460023025471
63322,3.130673562231524
63333,4.650972256163934
63342,3.143302613370212
63344,3.0562918697740526
63358,4.961744939688883
63362,2.8815749899049488
63367,5.0854401634980135
63369,3.550695785206469
63371,3.297374387817392
63374,3.09670590464582
63376,3.032701023326218
63387,2.5270517081837074
63394,3.0864606739423213
63397,4.592858213046631
63405,3.530250190155827
63407,3.1090724214868732
63412,2.8079309373822148
63414,2.836222168178799
63415,2.9674942015819705
63416,3.5077909668974576
63419,3.663579854742965
63432,3.6635191865188736
63442,2.6876605242411684
63443,3.583481313506476
63449,4.57986404821392
63456,4.583112213816319
63457,3.248592861432701
63460,3.2283971021935174
63468,3.712598638440931
63471,4.490725070738493
63473,2.5062874204823977
63477,3.342080766997672
63478,3.834052114337829
63482,2.811638213995791
63483,4.931220152435703
63490,4.7608957010373825
63494,4.62985915187334
63496,2.6033110743977037
63497,3.0503241967274466
63500,3.0668279890711445
63512,2.266729423344836
63513,3.534089662980467
63525,2.8437246886535075
63526,4.0005145525108246
63536,3.007643337292013
63556,3.480890531806013
63558,2.7797787880604
63560,2.6216253364973743
63566,2.9799136921562415
63567,3.1122492524417904
63570,4.612647703082791
63572,2.645785422028213
63573,5.115610522683794
63574,3.6296946463149107
63582,4.7516828444555435
63595,5.011883681858093
63596,2.9844503474006907
63600,2.975918749691931
63602,2.8961633632783146
63603,3.110853964162479
63604,2.970237360764829
63623,2.86548898736059
63631,3.976035237603663
63638,4.448880598716529
63643,2.9860885188792445
63666,3.4107749941845227
63678,4.61787737409718
63688,4.07394894842468
63689,3.122543153874617
63690,3.0992200182589857
63692,3.8451626469679
63693,3.4824782006998882
63698,2.8709904834842632
63700,3.1803227837890016
63711,4.791444320690943
63712,3.246831551754104
63715,2.988615276215111
63724,2.8058775643122065
63733,3.1992300888311305
63739,2.297804954747466
63746,3.035315547493383
63770,5.588833481313406
63783,2.9674942015819705
63788,3.6587999423472004
63789,3.1879801519282625
63796,2.800119574574587
63809,3.5606871357050798
63827,4.619202549063094
63842,2.734664277097519
63852,3.226711353946089
63868,3.1232035269406877
63880,3.325085848795685
63888,2.8441044546648175
63893,3.176080426771702
63894,3.0625887195802806
63896,5.018254124058019
63899,2.8108208629532934
63901,3.4837197999703164
63909,2.7278466494883467
63915,3.094427650357706
63923,5.657614476209853
63928,3.2602271529191813
63930,3.358201841844877
63932,3.0634702338921875
63934,3.137537768880594
63938,2.9930130630888847
63940,3.2096529039987525
63949,3.8557980472001048
63962,4.292056617077213
63965,3.7737901553929865
63969,4.581976238862064
63971,3.320015826519001
63974,3.6102308391496742
63979,3.2426600876937433
63988,4.412139666153474
63989,3.1891983789301266
63993,2.4666969243245562
64006,2.9174111189503114
64007,2.9900183997135064
64027,3.5454934500125592
64028,3.2200376857064184
64042,3.242652092218513
64055,4.622921423524732
64056,2.936081181362815
64061,2.9382622015381346
64063,2.9236360987087613
64068,3.1878316958984976
64071,2.6829787494082113
64089,3.5460927761390697
64102,3.014038202151056
64109,3.01073622299637
64110,2.8016166281458594
64117,2.7975132064278196
64126,3.279558514980493
64128,2.794363162618378
64135,3.018389435217663
64138,2.7172928326415238
64143,3.1267411583812517
64151,5.208096931486118
64152,2.7440726060339875
64171,4.560351128273142
64172,4.60751461854214
64174,3.011912523180083
64180,2.800119574574587
64185,2.8234516512506938
64204,2.764815822885709
64242,3.128685959313196
64243,5.52470580540874
64253,3.3850408943673664
64261,4.999846839403765
64269,3.053112344642711
64274,2.586660878356895
64278,2.728710492882355
64282,3.525794338980071
64284,3.116879473971963
64287,2.8004005134998713
64293,2.4788222617051736
64296,3.098465503443669
64301,2.6899510594769116
64302,4.652799638790959
64304,3.018660139008999
64307,3.4678416681286914
64311,4.603642267587126
64315,2.6906339129295924
64316,3.171436522297343
64329,2.493686617041491
64330,3.0507299417935876
64341,2.6704095853237897
64350,3.2393404935813668
64357,2.6587220191263463
64360,2.924079869796419
64372,3.3886857511165935
64386,3.2096529039987525
64389,5.2511805891827175
64390,3.0777864230309877
64395,3.895574116299226
64402,2.9980081314950136
64407,3.1755461585681064
64408,4.527986649214995
64409,4.586877236984927
64431,2.8051017119449244
64437,2.60074070847549
64445,4.435481032447849
64448,4.253966272332722
64457,3.486691132935161
64462,2.6110909992640026
64466,3.3726913263147944
64468,3.137537768880594
64470,2.886774726998547
64472,3.5945297818389763
64474,4.498277536472338
64479,4.571092657607038
64484,3.1789736004389413
64491,3.4586605297257322
64524,3.101726737491275
64542,2.697449773215842
64552,3.4716552005755474
64555,3.390948206210011
64556,3.0686573126442984
64561,2.78759735113919
64563,3.540525683779175
64575,2.5765052909138833
64584,3.175276381396278
64587,2.702902439760021
64596,2.9794073456012597
64599,2.608256357122631
64602,5.252079723904865
64608,4.212295335053117
64613,3.6429942887455953
64616,3.035315547493383
64617,2.7174663870722275
64618,4.219555483438504
64619,3.632091323623289
64620,5.105293920749908
64622,2.9953743585307433
64624,3.0531069333601857
64629,2.7569967799878077
64634,4.642639061027467
64648,3.339504405357687
64650,2.959001359441207
64655,3.0176894993578043
64656,2.2671522470154946
64663,3.203395630979305
64665,5.640843630849132
64666,5.10930671056534
64679,3.519939890223691
64686,4.625480122776079
64688,3.531972420187248
64697,3.0791475035549336
64698,2.710471862763861
64703,3.273415820758206
64710,4.779530183518707
64712,3.5277226491168783
64728,2.933801659412743
64738,3.075219741024101
64750,2.600858186496955
64754,2.931776145569897
64758,3.021710880577854
64761,3.0068454605872588
64764,3.7002119349355187
64767,4.060625140629735
64772,2.7809507711500006
64780,3.1351877776293855
64782,3.4201564090324847
64795,3.50337020790241
64803,2.931724229881731
64822,3.46231944287685
64823,2.8517821071746368
64827,4.349625498131872
64831,4.454888238658182
64833,3.0011847428452576
64839,3.765639669284313
64843,3.552095654895443
64846,2.7326134402946174
64851,3.136553817713646
64853,3.551918323767855
64855,3.5241216628624783
64857,4.600323232577232
64862,2.84017056179007
64863,3.5696393365488173
64870,3.207872704340766
64876,3.5131643630234564
64880,3.104800074942267
64882,3.7716428348319453
64891,4.317507356750634
64899,4.509499072288742
64917,3.01478864609802
64919,4.618837709899901
64925,5.332906399674463
64931,2.997653358102322
64938,3.624520065822714
64942,4.643497050501447
64951,3.2056705880732004
64952,3.3572935154316776
64958,2.878945387443529
64968,3.6954746149836097
64981,2.7434994912223867
64982,3.416767509270585
64992,3.195984029250645
64995,3.175652555959077
65008,2.856593834155154
65009,3.1791149148677373
65015,3.5657011783787684
65024,5.428721149738253
65028,2.8343651807006798
65032,5.119936876248793
65036,3.7478043035538335
65042,2.8577095730800885
65059,2.6673482014914267
65061,3.490890975039748
65066,3.175276381396278
65075,3.3208179925298054
65082,2.5593904962773957
65096,2.7296981738574466
65110,3.014988033540857
65113,5.016754967836423
65127,2.729654179080656
65129,2.9969253039982995
65130,4.387874216028608
65132,2.5978214044167682
65134,5.458910997336816
65135,3.662643798420848
65143,3.3207697873588184
65173,2.6792895154823357
65176,3.022180443672143
65180,2.3973270601528087
65192,3.5587219429336847
65193,3.5914700329461646
65199,3.5825237508843584
65202,2.782511603463331
65203,2.474671279184964
65204,4.998422398994982
65205,4.136993377106407
65213,3.676221309794358
65216,2.667588952285199
65217,3.1960199691560085
65218,2.638620805343474
65225,2.9161557133525333
65236,2.9142045768276015
65240,3.3418385811302462
65251,3.4538916140421554
65256,2.712417292757223
65262,4.462157653156557
65269,3.168354457582896
65270,3.027804990954823
65275,3.1063468051753436
65303,4.914028270640083
65306,2.9957842630274913
65316,4.027468328463822
65320,4.04488667983177
65330,2.600169340027166
65342,3.4373799734411508
65351,3.5957162720437257
65358,2.9451255993627536
65370,3.201236988061118
65371,2.972094385677337
65396,3.1760014856318484
65398,3.2307690381796794
65399,5.059722400984792
65401,2.8517821071746368
65408,2.724794256291985
65421,3.8808477716485075
65422,2.8455707175054914
65430,3.783259594885783
65433,2.5465736618657613
65435,3.8035461841276286
65446,5.127574165216854
65448,2.8898835307811996
65449,3.0040155003000657
65452,2.686296468883252
65453,2.41020273471546
65454,2.882299564341141
65456,5.099991938513895
65475,3.0357317654837357
65484,2.71650383140497
65487,3.0956235598358184
65493,2.6991790105441344
65496,3.048164095173538
65511,3.5897200571567125
65512,3.387698705641188
65515,2.519155883067225
65522,3.137537768880594
65524,2.711024826807443
65530,3.9088748758736767
65563,4.766591510975282
65569,4.568703262039869
65570,3.5127731220353153
65575,3.537732059283736
65578,2.760539966078487
65587,3.9403908295549925
65589,3.0789255081373463
65590,3.2866033621658275
65592,3.0503241967274466
65596,2.858321833215171
65602,4.363390567962495
65605,2.8512288009666524
65607,2.8799786267679273
65609,2.402161674784046
65611,2.7278466494883467
65613,2.3503335106974608
65615,3.0650468794858323
65616,2.5684988936212902
65623,3.021190679134642
65625,3.3140319201255606
65627,4.246831695579522
65636,3.6267982943384585
65638,3.15555703335137
65654,2.363926038702596
65663,2.9935159115753844
65666,3.3156602863548934
65667,4.965027618029767
65673,4.593239230622821
65684,4.5849809731498326
65687,2.6616250979376415
65700,3.285053483683889
65708,3.3748288494684093
65711,4.020215300269052
65714,3.736540184371567
65718,3.0572623498298204
65726,3.0019341303797593
65733,3.7656489907151793
65734,4.299772203248852
65736,2.791225543977464
65738,3.69067573314748
65739,2.862048600165129
65754,3.0940075056219642
65761,4.656001907925487
65770,3.7291310486925084
65775,3.897331722831919
65784,3.1830451961484294
65786,3.1537008035940497
65792,2.9114415099445194
65799,2.701560796498311
65816,3.9174085058924732
65823,3.7040160499896824
65830,3.2425903103553417
65831,3.0686573126442984
65832,3.054703431035035
65850,3.072797963074299
65854,2.800119574574587
65855,3.453935878024346
65860,4.35400271726224
65861,3.8820910116422094
65871,3.6653456549852943
65876,3.8919087700192634
65879,2.97367885463999
65881,2.925778225697734
65896,3.6238359308584993
65898,2.906155518951784
65909,3.5263299527708534
65911,3.8475737638529948
65924,5.011914068789348
65938,3.077117799334195
65939,3.2166840994066823
65946,2.9150367664758376
65951,4.001964706491437
65953,3.014827245321264
65955,2.379539005206237
65958,3.5589313890885474
65967,3.27161403977758
65988,4.460862924691399
65990,4.616820158685319
65995,3.179594471929083
66008,4.2924265421373144
66009,2.6080235358510593
66022,3.653322934543232
66023,3.5516456701643255
66038,2.9423774910113893
66049,3.0051162047161624
66068,2.770363698810719
66070,2.616861104262055
66073,4.339141537369587
66075,3.365960869959841
66076,4.887131405541547
66091,3.524218286004504
66107,3.2465400644317266
66120,2.864240649194043
66124,2.985941065922403
66131,3.225765546771047
66146,3.224969282486513
66147,3.4998250256785073
66153,3.0856718666893332
66155,3.387698705641188
66170,2.6792895154823357
66171,5.558054169088167
66185,3.5519376136795833
66190,2.4584996280611104
66195,2.5978412599317418
66200,2.7228745560061283
66212,3.5894032872167205
66222,3.587696682669178
66230,3.7048355501926253
66247,3.0461748534208937
66250,2.95835065846276
66253,3.409939350144514
66254,3.7707370522750843
66259,2.8885351381790265
66263,3.4726038893588886
66273,2.838189732928343
66274,3.2425903103553417
66284,4.571135769285844
66286,2.781548132678637
66297,3.5500784015148397
66299,3.2996208818559616
66304,2.8362318100387354
66305,3.6642083961617518
66309,4.617713427751823
66318,5.294809297668633
66323,3.0425922268360743
66326,2.9813206426936287
66327,3.817453125055154
66331,2.9079285954185545
66336,4.09932620718842
66337,2.9222256720294713
66340,3.0870764236592496
66345,2.9844503474006907
66355,2.922102542476492
66357,3.45637021473495
66361,3.224389253502988
66375,3.458163076268555
66376,2.8995556734073307
66379,2.6833878814234113
66381,2.410334571784534
66390,2.524704836417377
66394,3.504317954450067
66402,3.724060590249784
66404,5.091457489198552
66408,4.97653049272935
66422,2.7219615056314237
66428,2.925778225697734
66438,3.1495074013459443
66455,2.755804097935532
66465,2.94652176223101
66501,3.1122492524417904
66506,2.9953743585307433
66520,2.7878255595359436
66527,3.150143011148851
66534,2.99533095577838
66535,2.52824162800204
66536,3.071218540627587
66537,2.5793314792735953
66538,4.8955630565162185
66539,4.547403428883656
66548,2.999870596320317
66552,3.12630665285343
66565,3.3980057897984284
66566,3.358115670524675
66569,2.740095319521808
66570,3.3234278071960413
66573,3.6306441103232103
66578,3.050498823192055
66583,3.132548888553505
66585,3.1384334451764095
66586,4.108405564220667
66601,4.915418224892365
66602,2.666055969970377
66609,3.06046817867909
66610,2.9455866354786786
66633,4.10250932100575
66635,3.377827435254551
66637,2.874986144730414
66643,3.099645008093145
66644,3.329386295500541
66648,2.7629692098403824
66650,2.8433837052279696
66656,4.602767242985374
66657,2.768169630462299
66661,2.9775491031325556
66683,2.965636761748651
66686,3.003272021420939
66687,3.1227132717314565
66695,2.9029065899911295
66704,4.833214811203351
66710,2.990868938113809
66714,3.2776207873175394
66716,3.9147657964516416
66729,3.7228002958508504
66732,2.6773839412145315
66737,2.7023927466780124
66738,2.983035784707674
66751,2.9382622015381346
66758,3.1757799788536643
66761,2.7630911770461273
66765,2.6064851785421346
66794,2.9341492830588987
66812,2.901841102851433
66813,2.994802919974747
66826,3.0828895436913917
66836,3.2489792436391864
66844,2.9215612545366656
66858,3.656866995236807
66861,2.882299564341141
66867,4.848816645632347
66877,2.9265623569490216
66893,2.9842088892292384
66897,3.1046561531152648
66901,2.487866483016908
66903,2.4511119268452455
66906,3.8971841259102247
66907,2.938807801302896
66910,3.1492907547342814
66915,3.8334341808848746
66922,3.6760393147050285
66929,2.2656185739505124
66937,2.9135468688228383
66939,4.57791822586872
66942,3.185527362771869
66946,2.4961199047376477
66963,3.1008488850634266
66967,2.675663677363221
66968,3.219081308834841
66970,3.4446775884320915
66975,3.102544239795919
66979,4.120226956196862
66981,3.0456243308386877
66982,3.201967365506508
66989,2.5213867721492202
66995,3.586044733486598
66997,3.7639856803880685
67008,2.685830136192349
67010,3.7001324960853776
67013,3.6642594289275823
67020,2.8815814670734587
67026,3.0994954445918617
67032,3.414883404235461
67044,3.100385933235415
67049,2.9867658104951373
67052,2.8415544824268144
67056,2.6262200896970302
67058,5.032243224708125
67067,3.109337353318131
67074,2.9190466218220554
67075,3.249299564670022
67079,3.5598765866278113
67082,3.161914388614284
67089,3.1167991106515234
67093,4.68235414507581
67094,3.565573580974132
67103,3.438281105047158
67107,2.8492971984247673
67109,2.5023870537540125
67124,4.224042634249257
67131,2.935795009900507
67165,3.444435191984554
67179,3.543638571612015
67183,3.6651583654939124
67198,3.0428528792205007
67238,2.8396357764201716
67247,4.652367148187064
67251,2.6836443363420486
67263,3.221504866177505
67268,3.003796921872589
67288,3.0402892231700847
67291,3.53322264928686
67300,3.1001154820610677
67315,2.5184726975393774
67334,3.15682042197797
67336,2.6736653342849013
67338,3.1236390882398757
67341,2.973976607506531
67347,4.594832658166734
67350,2.9428363306388654
67358,2.5698763281271724
67365,3.3153578314091905
67370,2.9851359890916953
67380,3.2295576260943504
67384,3.315258026704892
67388,3.1796080369076187
67406,2.4066736633008214
67407,4.753198290553055
67410,2.9954318039869707
67417,2.7417064934103297
67419,4.622001305418964
67421,3.7898282338264373
67422,4.589288816432962
67426,2.4642884370527685
67427,3.7271104149439047
67429,3.544777570084884
67436,3.280782279224675
67448,4.288012435042912
67449,4.415954020845772
67452,2.752091881611502
67463,2.4432623843075683
67471,4.997751989362776
67496,2.6528177728708577
67509,3.070689227346616
67512,3.7852648135008895
67513,3.5928115801711487
67521,3.0353921890186237
67524,3.1865910995755433
67533,4.531128637697961
67539,4.914788865354705
67548,3.1514780837307015
67549,2.711024826807443
67551,2.6857721206404537
67565,3.5313169055126212
67574,3.0036982664682466
67576,2.774731269661698
67582,2.8540323283776092
67606,3.179624652071227
67607,3.1078528625451978
67611,2.7155261212280233
67614,3.4956751461776707
67617,4.458308028924033
67623,2.616409802323137
67627,2.907979133902216
67630,3.5558500148429655
67631,3.2413945582853176
67636,3.387698705641188
67637,3.031757820192179
67663,4.519932914374277
67669,3.4389789069433574
67670,4.549507680778288
67681,2.7353710322432683
67688,3.0855896168428427
67691,3.038275691497997
67696,3.4843327092139496
67709,2.938807801302896
67719,3.8416362683920307
67720,3.3874298696883303
67730,2.8490523617034547
67731,3.153328306866341
67734,3.5181829198009313
67743,2.8720560878308077
67755,4.625480122776079
67760,2.894706520352054
67766,3.0428528792205007
67792,4.3856292009199445
67793,3.623513566384463
67799,2.7797748271948004
67801,2.998730410339592
67803,3.0051109129885245
67810,2.687967486103757
67813,4.798322729349138
67816,2.4345476055273583
67823,3.280123310151145
67828,2.9967349092472775
67832,2.9238059344243803
67842,5.37940197196388
67846,3.409391714924008
67848,3.52740049118564
67854,4.357843583447225
67859,2.802898764135592
67865,3.464660882952104
67866,3.2078549251554773
67871,4.73115483934587
67872,3.685182064506156
67883,2.9935159115753844
67884,3.221005499742513
67890,2.9687241591840468
67894,4.500926192700003
67905,4.633547828148173
67908,3.603552799352492
67911,3.0461748534208937
67928,3.2148277409621424
67937,3.0461748534208937
67943,4.151050141354716
67946,3.381278106033519
67947,3.1265662565714463
67953,2.8198774799782385
67959,2.8260854413729066
67961,2.9101434724612933
67966,2.6418024529389847
67967,4.6059305488361595
67978,2.9652816925799974
67989,3.2787784962054918
67990,3.1037867643528663
67993,3.024735525785052
68000,2.904393732587046
68009,3.6338081277994663
68010,3.4501429828704837
68025,2.728536977955433
68036,3.1087770965513606
68050,3.1901274464648317
68062,2.754750846885013
68064,2.9954614673367796
68075,2.9618398369513574
68079,2.988807659592715
68084,5.033964697534265
68085,3.209256773244401
68086,3.573309068740074
68095,3.2223275737297086
68102,2.504816282016669
68117,3.468470448920924
68127,4.09861685146856
68137,3.043053445133477
68139,3.584159772770524
68151,3.4967302628521755
68156,4.638996370255144
68164,3.2345626143107364
68176,3.0693375410202903
68186,2.749689610087567
68193,3.742632132055569
68197,3.1063468051753436
68203,3.455183011180278
68209,2.3753294873934454
68229,3.653197749391228
68236,2.6917850352239654
68237,3.003374117848743
68245,3.738112839435279
68262,2.9404174609749507
68272,3.08850796764001
68277,3.056706761874061
68292,3.1126966239382203
68296,5.887334388521373
68297,3.783416809922751
68299,3.08898807290219
68300,3.364495195721994
68309,4.386988280895883
68310,2.809755569191659
68313,5.248499841089908
68318,3.474050247077733
68319,5.85031590160221
68325,3.593008000312893
68327,3.1238580393806945
68335,3.6722216742132963
68348,2.708359154669132
68351,3.061523239240555
68352,3.727133562446471
68354,2.8793684063724205
68360,3.124039094563641
68364,2.5598418183791223
68365,2.6833878814234113
68370,4.551743316898115
68384,3.056706761874061
68388,2.598427073935221
68395,4.147073504345414
68396,4.0789307779953194
68399,3.0275772996418615
68403,3.5750761670151014
68407,2.7985705145256556
68409,3.8412406161383283
68428,3.0628797601246065
68438,3.166778945093841
68440,3.458990174986588
68441,3.155938784908524
68445,3.2735679790870282
68467,3.2236893571625282
68469,2.7500036165164725
68492,2.7003327550145713
68505,2.8251726243948343
68512,3.618761614949748
68527,3.7586958948440294
68532,3.0461748534208937
68533,5.174209576487814
68534,2.961686855216212
68558,4.430085290913885
68561,3.173017072178377
68565,3.9279010213984424
68572,4.591920073679236
68580,2.883410825237906
68581,3.0284180097068996
68585,3.178601768142113
68592,2.494579268221088
68595,3.443395558562531
68598,4.6051417323626715
68599,2.681056867327819
68616,4.039937433203782
68628,2.985006697734392
68644,3.532386068019899
68661,3.130958756120473
68675,2.891798053068946
68690,3.15701714851606
68696,3.5546631591139812
68697,2.767515097435374
68708,3.179014994722088
68711,4.622001305418964
68715,2.8053934923506625
68716,3.1037867643528663
68729,3.413455764545716
68737,2.721145062222785
68743,3.7432094031502556
68762,2.9535605694984954
68766,5.36506788422691
68767,3.391074376190524
68774,4.541865227092345
68780,3.068249385770672
68793,3.3187173419452543
68798,2.800649420489411
68800,3.017389369063503
68817,4.956517465590403
68821,3.099415880509302
68833,5.200557668788748
68837,2.8771320557585938
68844,3.00660431494569
68855,2.8982087072729588
68866,3.177661511788179
68871,3.9104198902613074
68873,3.168706764022524
68878,2.963429133051844
68879,5.442895613167554
68883,3.766314677297135
68899,3.131720909259536
68900,2.711866014624472
68901,3.4269343710294278
68902,2.701560796498311
68905,3.5398930369172326
68913,3.121624164373701
68925,2.7797748271948004
68927,2.9855204981666708
68935,3.0428528792205007
68945,3.118989739525747
68952,3.6320006695611053
68954,2.4756585832623643
68962,2.7492446686450718
68964,2.75417438265289
68994,4.805155627754974
68997,3.9120364828664327
69000,3.4446256115053138
69005,2.6216253364973743
69011,3.0935860457884448
69018,3.5560630270438707
69030,3.062470192299731
69038,2.4538994064709385
69041,2.8636253509736878
69049,3.0521989549107964
69055,2.843223862003942
69066,3.2989381960692867
69084,2.8051995506981333
69096,3.555643853142585
69098,2.977469731254403
69107,3.096078511488749
69110,2.7625923023325707
69112,3.0590619866860718
69121,4.255556976083506
69128,2.8993182194786025
69131,3.376090146520352
69139,3.0103773666543465
69141,2.7981679875393004
69147,4.441397099143593
69149,2.820255235107945
69151,2.829351202427392
69156,2.606358840610075
69160,3.5516456701643255
69173,2.3550802598009866
69176,4.574210395202263
69177,3.220846876371994
69183,2.7732453119358884
69189,4.105344439904078
69191,4.52706959647639
69196,2.999273541459213
69200,2.50654840264988
69202,3.094427650357706
69204,2.741124384372576
69215,3.7421219092447373
69222,3.5038946123283297
69224,4.689267292730733
69230,4.571208894803063
69233,5.685769625165728
69234,2.9775491031325556
69240,3.1122492524417904
69243,3.19994269927404
69245,3.1545558570921433
69246,2.9964242878424607
69247,3.5783974110888206
69249,4.7815103970955635
69253,3.524099935554314
69258,2.7625923023325707
69264,3.4410832425395528
69266,5.4949245203866965
69276,2.877496622158005
69282,2.7681286399887144
69285,3.518372347192705
69287,3.2704440639202974
69295,4.607165368644309
69305,3.0824549143441784
69306,3.0952402313387912
69327,2.9066636208342924
69332,3.6052748722474517
69333,4.746038397927156
69337,2.519919084306756
69338,3.153594434343554
69339,2.869420695915433
69346,3.187150188657305
69351,3.106557527945521
69355,2.7682680457297644
69362,2.985612233157589
69366,3.151709494537962
69375,2.8577095730800885
69376,2.876545278512193
69382,2.8557534021215094
69384,3.229190184001381
69392,2.942792083619208
69398,2.839025909891429
69399,3.7027364149853046
69400,3.7852648135008895
69403,3.3763926479885606
69407,2.75078684442403
69411,3.0465273814711877
69429,3.7390232318890098
69432,3.1813341040999186
69439,2.299318537134047
69442,2.927477774306536
69447,3.749487924522647
69453,3.2938771635209427
69456,3.0143471999116396
69458,3.177955953186917
69459,2.8541115232954963
69463,2.828496555502537
69465,3.045814126638996
69466,3.238146867930833
69467,4.91178450381838
69484,3.6142135245150806
69487,4.24591661047012
69495,2.9855204981666708
69501,2.6224037241842395
69502,5.248100154341874
69505,3.628306585427877
69506,3.1510695460998424
69516,4.919718481092334
69517,3.601764479903522
69520,2.6912553205755145
69527,4.624013196015887
69544,3.1155937034679972
69547,2.6773839412145315
69549,3.057774802372948
69552,4.639790382729602
69553,2.722050896151158
69555,4.183797847419032
69571,3.039155360483372
69572,3.0974987277667996
69575,4.552718965128825
69578,2.727694141623432
69582,4.407931242979994
69592,3.412328706009826
69593,3.144628469859993
69595,3.874395043531434
69602,2.7660746442358723
69603,3.2207823609673416
69615,2.967208249929406
69616,3.6316957470388886
69622,4.59103092448195
69625,4.6792635866685774
69626,2.8445662240773526
69633,4.795589553338814
69634,3.655232496016176
69641,3.1997513766793517
69646,3.443630689194873
69649,2.99198604462776
69665,4.961682671739066
69667,3.0343803785707166
69675,3.0941575921767566
69679,2.8257094240049034
69681,4.437443397413777
69687,4.29566047212813
69692,4.400599865081912
69702,4.605401594359055
69713,3.361683749361507
69714,3.184446086077062
69717,2.7828763243627455
69722,3.305039059292899
69724,2.879033118730343
69728,3.2884966157855104
69733,2.4163028728866505
69742,3.069094989933023
69743,2.9776406546453433
69747,3.610987944692541
69748,3.0024711249733507
69759,4.214652780430461
69761,4.936370921081659
69763,3.121500922984422
69764,5.359591742569986
69765,3.0461748534208937
69768,2.6941838919650274
69772,3.2751974159850827
69782,4.747018688844362
69785,4.540838604403577
69788,2.7945419532079048
69789,3.976106867506159
69790,3.118861127338738
69792,3.6636063663666674
69794,2.7426049322036317
69800,3.975761432463554
69801,2.811638213995791
69809,5.208094785384568
69811,2.834688199387043
69814,2.7255548657668314
69822,2.800649420489411
69825,3.137537768880594
69829,2.8802400353816657
69837,2.7049135371641793
69839,3.3105400358525032
69841,2.7666347772476825
69842,2.7566753641250163
69854,2.6916838707103308
69859,2.6804473508162148
69861,3.4801122489354537
69865,3.1491273161793925
69866,3.003374117848743
69868,2.800107605756118
69872,3.385933562569609
69894,3.6729403763268897
69907,4.377612243017257
69909,2.8838699083647623
69910,2.3498226176630714
69916,2.761725346332983
69949,3.1764258322262036
69951,3.6420430221209825
69956,5.018007847485422
69963,4.432385278989149
69965,3.216444665110709
69966,3.490251386163641
69967,3.5309800731048475
69981,3.511691530307091
69982,3.0531069333601857
69985,4.948856444774108
69988,3.5339058433810573
69998,3.1063411216734997
70004,2.765240576910081
70009,5.5797828931177476
70018,2.884592751305921
70024,2.9851853696918185
70026,2.675022143066951
70027,2.6812905597740886
70028,3.1087770965513606
70031,3.113295789591489
70042,2.4577774192554056
70043,2.3503069100901284
70048,4.585049387382423
70051,3.0828895436913917
70057,4.503932075150854
70062,5.786199465878735
70065,3.6260930867462573
70067,4.565760759574043
70074,3.6481833548662688
70075,3.8148089679670054
70088,2.787289606915301
70091,3.0359987400973156
70098,4.356640295791386
70114,3.5451125426969803
70116,3.4188579458150032
70118,2.78759735113919
70126,3.279999058225928
70127,2.9540419770439
70129,4.5109676832198975
70132,3.577022089767765
70147,2.8337725782110734
70155,2.8023810379205663
70157,2.5932452269045743
70158,3.071990300814234
70165,3.624944897856422
70176,2.9249106398630884
70179,3.712348990918836
70181,3.1718008068521018
70184,3.8216525636285796
70209,3.2613939512235746
70210,2.7949266113678584
70214,2.9268795166523063
70216,2.5917339445176104
70217,3.29918842368484
70233,3.35213751076088
70236,3.008894633986513
70245,4.439520098125643
70246,2.9528557237276845
70251,2.6832281907852313
70260,3.0376389580523058
70263,4.6143916253743065
70284,3.178859037681046
70304,3.940857717998989
70306,4.5191705158818385
70310,2.6373359681791912
70315,2.6670561801670614
70317,3.6073120335053104
70332,3.201944341813106
70334,4.8817196268557534
70338,3.1965530791604224
70344,3.488644384921429
70351,2.9514931526612496
70361,3.091329344654777
70379,5.372037013029714
70389,3.0941575921767566
70396,2.394787799084248
70397,3.2699920378009577
70399,3.7339700500158974
70404,2.8790356706399596
70420,3.6953639808065573
70437,3.886255716264883
70451,2.810654835575902
70453,2.967208249929406
70454,2.7949252003766185
70459,4.864325025192932
70473,3.586633061185929
70477,3.3692116128475744
70483,4.951756560396405
70491,3.0584224450154656
70495,2.7205075722962184
70500,2.9383751834894047
70501,3.494256244789272
70504,2.9652816925799974
70506,4.088042833843028
70507,4.433432096785747
70517,2.680260298299862
70519,3.67798526765913
70528,3.052539338602479
70531,3.175276381396278
70536,3.637610950526936
70551,4.147348402884439
70568,3.4624004144332527
70569,4.637659251235247
70584,2.9039747369811977
70590,2.9294959345111073
70600,3.224969282486513
70608,2.6894704255616775
70612,6.183824872715673
70622,3.555772212857916
70624,3.243143774051105
70639,4.5161816482738395
70641,4.379516983354967
70647,3.750349669523831
70654,3.4938279444957505
70660,3.545603065668045
70671,3.120440093839481
70691,2.7155261212280233
70701,2.7202905850408463
70709,3.2722169329563617
70714,2.971009851827325
70717,2.7369271546934786
70731,3.095431714711294
70747,3.421603324967334
70749,3.1124341316333473
70750,2.5796944968403173
70752,4.622530895786969
70755,3.003991163066891
70757,2.2984735694861804
70764,3.4887303912867424
70776,4.750253357375923
70777,3.6087438563983807
70781,2.6804473508162148
70786,2.913779595647786
70789,3.56334353775104
70794,3.5187184192477643
70800,2.5152812680712184
70809,3.3802383525520083
70816,5.822403562762375
70817,2.687967486103757
70819,3.6632571388678556
70821,3.0733649421838574
70835,2.331197144537848
70843,2.700856892051888
70851,3.157786694364967
70858,2.471432896116124
70862,3.391281420605277
70863,3.2975406263615534
70874,3.0508954453634387
70880,3.120172067598031
70881,4.390256767582013
70891,2.95750784142068
70893,3.3189282438037067
70902,3.0828895436913917
70908,5.207572463646452
70919,3.4765726962192876
70922,2.7837576150235326
70930,2.736033753997152
70932,4.770726250470604
70933,4.400706547379167
70935,3.9271828132484887
70946,3.6491988130502047
70949,3.18807756241019
70955,2.7545330878766614
70966,5.08404407664591
70974,4.239070346801618
70976,2.936190021575124
70978,5.332996751131341
70982,3.035315547493383
70987,3.8342616642040865
70989,3.458990174986588
70993,3.493908436824953
70999,3.474574503687564
71004,3.65461711264816
71009,3.131720909259536
71012,2.310913446459645
71016,2.5614206243897937
71023,3.24536472185353
71045,3.4757860335753046
71064,4.620241441429581
71070,4.6143916253743065
71075,2.991416518363461
71077,3.1090934301106614
71080,3.5951745962409714
71083,4.28933816228013
71086,4.857863859483286
71089,3.730319618293622
71109,3.208548109402349
71117,2.792906287247037
71136,3.5732677404996385
71137,3.792139760999559
71142,4.585877238889793
71146,3.1972785666587513
71168,4.358839436667225
71187,3.209301788218159
71189,2.83892243767567
71194,3.0626779327601086
71196,3.0563557321569057
71214,2.8486416849502527
71226,3.5213177861156293
71227,2.734194653650012
71231,3.6679764776939683
71236,3.1832913796875246
71243,2.7430354946405004
71258,2.9530449448028278
71268,2.9187191779651767
71275,4.171655334989837
71276,3.9052400451125697
71287,2.562852737346004
71295,2.9844503474006907
71306,2.983565495725165
71356,2.931894581286887
71358,3.159868540464936
71362,4.5684145413076696
71363,4.563535840695556
71371,3.175276381396278
71373,3.390629290680609
71380,5.365088633450372
71390,2.933266799345262
71391,3.6659354871603247
71404,2.6174256466470904
71407,2.2606999073235574
71422,4.623657440231672
71424,2.740868165131748
71429,3.1238142735961483
71435,3.517894318712718
71440,2.967993764539154
71442,3.1122492524417904
71446,4.565511246252557
71457,3.146613742816045
71464,3.0402892231700847
71473,3.131720909259536
71474,2.9844503474006907
71484,4.452193982214229
71491,3.566943747048015
71498,2.9867658104951373
71500,4.555661309172368
71502,2.876867480508173
71505,3.181981493054007
71514,4.445679413124229
71516,2.4243676816508457
71520,4.604103010074402
71525,2.9935159115753844
71544,3.073250636618577
71545,3.7320123612680707
71551,3.2207823609673416
71557,3.5519376136795833
71568,3.6983425011662177
71576,3.193996099201655
71582,3.4539013131365297
71594,4.613288448688785
71601,3.2959409563348494
71607,3.389858914715549
71611,2.6568673582042144
71615,3.1789847165619136
71616,2.4538943840951606
71621,3.038072649041672
71624,2.995473308109675
71632,3.557423030772146
71634,3.2002970339233414
71639,2.8198774799782385
71655,3.3074791345468215
71661,4.42604094906697
71673,2.624940917456243
71674,3.092343256500894
71678,2.827340472045778
71683,3.5080024735312376
71684,5.0263220391525065
71688,4.1847737564786005
71710,3.056706761874061
71713,3.230082884714189
71714,2.9375028053961993
71718,3.06536712958506
71719,3.0531069333601857
71727,3.2196661861680393
71732,3.211739684125072
71734,2.566742169725914
71740,3.365564670620229
71751,3.9907267285972674
71758,3.897150995504122
71759,3.236120868537688
71763,2.987213687800037
71777,3.4723489162114842
71794,3.114948159768647
71796,3.035057120977304
71802,3.190973694332443
71815,2.3301586489204404
71821,2.727855971389526
71831,3.035315547493383
71839,3.5013207855351585
71840,3.5969280654225555
71846,2.9270418926000055
71848,3.02463204378822
71853,3.516958208199674
71861,5.01376120870378
71866,2.9286072087544923
71872,3.0151876092205536
71873,3.4439925712110044
71890,2.725110247710289
71895,3.0757404462909865
71903,3.175276381396278
71914,2.9845420577598776
71919,2.7364711463943667
71926,2.8995341449219465
71930,3.078938165872693
71941,3.6395838649666055
71943,3.5343403512132605
71945,2.9627966494324234
71952,3.556684093410532
71955,3.907819834649493
71958,4.505154754299677
71964,3.3099695362303496
71966,4.898424546686619
71970,3.1207283138502198
71976,2.7650058687165378
71981,2.650291327060369
71991,3.2699920378009577
71994,3.3071864743503805
72018,4.392307713634018
72036,4.551783940218041
72038,3.858715207177733
72049,3.015958426493616
72059,3.120172067598031
72072,3.4854367562140416
72073,5.03446722710955
72080,2.920777378202603
72081,2.9915150219495503
72090,3.1932807620793517
72095,4.6894971830311025
72107,2.9400587504187783
72127,3.1742711262338106
72129,4.549660688191734
72130,4.323272753498311
72131,2.7901142899250475
72136,3.814734783296589
72137,2.9696180605220936
72139,3.259208292695344
72148,3.325701090495559
72151,3.0230592513986525
72161,3.235580273899274
72170,3.991653673904194
72175,2.691115979669488
72193,2.9236360987087613
72194,3.2559777962829353
72195,4.604868198624769
72196,2.9426493749275835
72210,3.5423495818400523
72211,2.6237604377303487
72213,4.579809357122093
72214,3.1361717848383117
72215,2.808397267953343
72216,4.602920298050982
72230,2.742083768603162
72232,3.3312297114699474
72235,3.9755971587266914
72236,3.785021906020932
72237,3.9643708506140674
72242,2.7662996384982574
72243,3.099417900170397
72244,3.579637779780122
72249,3.641070025950423
72258,2.7828970792446794
72260,4.11852776681943
72261,2.9318511945870176
72262,3.3377367631643104
72269,3.195340031147121
72274,2.736259495383904
72283,3.7194636553169023
72290,4.54793208430111
72304,2.6329549933315315
72305,3.256713431344468
72306,3.2446191164300795
72307,3.4792894978385247
72314,2.9844325350346153
72332,4.619514977337091
72337,2.8415544824268144
72344,3.094427650357706
72350,2.638620805343474
72357,3.1249620473074025
72365,5.179875395435529
72372,3.626409018282769
72373,3.108380516116421
72375,3.8160614199669842
72377,2.882299564341141
72388,3.7637123283063514
72405,4.477153275891791
72427,3.091273880637789
72431,2.7121288972909587
72434,2.7033115597006754
72440,3.7501637400195333
72450,2.9628977932042644
72452,2.3847755695338972
72456,4.475884131908321
72459,4.725728082855925
72461,2.98537225526551
72468,3.653042357868532
72474,3.0593658674037187
72481,5.260070879329879
72485,3.3580895040427015
72496,3.2588914063475203
72506,4.799021762474913
72515,2.974060166431873
72520,2.5270958014860425
72533,3.2781944052979464
72539,3.2901179713671405
72542,3.1232035269406877
72543,3.297422553524939
72549,3.0767875043367328
72557,4.596436631962948
72558,2.992365021648104
72573,2.647058552432954
72577,2.641753802754129
72578,2.9075823421569815
72579,3.7333417948878833
72582,3.137537768880594
72603,4.593239230622821
72604,3.6282679502780235
72606,4.565179179075253
72610,4.56631782155514
72624,3.6772220366537067
72626,2.6804473508162148
72629,3.4388041375011524
72631,3.1373603583944676
72651,5.034741593343863
72658,3.4380152992733626
72660,2.7356305084188444
72665,3.39956336177802
72675,3.4159366844114185
72680,2.60074070847549
72694,3.6309838393547
72699,3.134768123197958
72703,3.2388013650895724
72712,3.330749992051876
72719,3.2305111922449106
72726,3.4167646019020217
72735,3.2059802708857856
72741,3.7193125940966034
72742,3.3414067060353405
72746,3.1063468051753436
72747,3.3026757051775903
72749,3.3862230587175235
72751,3.414647087282082
72752,3.038162853401596
72756,5.229718219571776
72760,3.3038263988756214
72768,3.0956077153877573
72773,3.739669386263694
72783,3.3147338014146595
72789,3.238203232323952
72795,2.843251650464255
72796,4.6246186335328385
72799,3.580334755488785
72801,2.8863469736666363
72803,3.4981236170488157
72806,2.865928523176056
72807,3.0941575921767566
72836,2.8006563044327994
72843,3.223183676278516
72847,3.528033798600263
72856,2.7178111568427195
72857,2.797994125392317
72862,5.6671930473871175
72864,2.9867698639476377
72886,3.2138891901671025
72887,2.8082304306825923
72892,3.655896783342495
72898,4.374728188343882
72900,3.0822295343714696
72902,2.84423102187308
72904,2.735154516489902
72907,3.646325839324127
72908,3.5708912444488634
72910,3.0491137898034997
72912,2.9307395103984253
72916,4.117670489304744
72926,4.498793377343722
72930,3.120632977045816
72947,4.102580896852503
72949,2.8679198131739545
72958,4.576344345273913
72961,2.830479622632417
72964,3.06046817867909
72969,3.459572572796814
72982,3.737646000383637
72988,4.896777556304371
72991,2.8475380225868068
72992,2.592022537628172
72994,2.834688199387043
72997,3.5094058070162317
73014,4.54946582741382
73015,3.2384403833959534
73018,5.10832613830774
73024,2.650319190356552
73030,3.9104318218526277
73041,5.366651799899352
73043,2.9529878387884256
73044,4.468132041200517
73046,4.619940248663132
73049,2.9953743585307433
73051,3.5106680998228756
73052,3.3562104527852115
73066,3.5144516073890992
73067,3.0680547442715915
73071,3.8543990260588825
73075,4.601510699006321
73078,4.655488229832841
73079,2.71621263127258
73088,4.8000053277944215
73100,2.97367885463999
73103,3.5612586658702763
73149,3.0196505966547202
73159,3.1818134485040726
73162,5.921764051163613
73163,3.2622962131038813
73164,4.643651296736347
73167,5.086904679648253
73172,3.387240694610572
73182,4.778080009832495
73191,3.235242586452898
73199,3.2947043229283426
73200,3.5139523436750593
73206,5.2666004812450815
73207,2.8926980288854995
73218,2.5743740677439533
73219,3.1124341316333473
73227,2.677896465805849
73241,4.927251538533194
73244,4.549963196774983
73251,5.263196693170441
73259,2.259996802542745
73263,3.125375435804645
73264,3.719303583365715
73265,2.8613153617534297
73268,3.365285739984001
73269,3.363421186390975
73274,3.0899444799495552
73279,3.4601823490394406
73280,3.9068148052703027
73281,3.034339034018363
73282,2.4721443851056883
73283,3.1821827852063396
73294,2.714972517255042
73295,3.5846512882512216
73299,4.002852512112253
73301,3.1901274464648317
73306,3.280448919333333
73312,2.9160141919676352
73320,3.1923619721469563
73323,3.105934795516448
73331,3.1122889365849598
73338,2.9912127898661547
73340,3.0650468794858323
73359,2.9885174377409087
73363,3.0235525784459254
73393,3.095075619606492
73394,2.8577095730800885
73399,3.2004726676776287
73408,3.460982695934059
73414,3.491238864808553
73429,3.1232035269406877
73440,3.383087434128204
73444,2.4188621021811763
73445,2.6984584912767606
73446,3.147573107193153
73453,2.982857850463188
73456,3.102544239795919
73459,3.5875229504483626
73463,3.518052939633855
73466,2.6216253364973743
73467,3.607371471572353
73483,3.5211983751449796
73486,3.057774802372948
73489,3.3769584038917446
73493,2.8788069125596842
73498,2.70195947698893
73502,3.343600768395883
73504,3.4206248663410364
73507,4.334541029081361
73516,2.7510083487300725
73518,3.536756687188927
73521,5.061880296414539
73528,3.0438346878394014
73539,2.8415544824268144
73557,3.6416558713433704
73558,2.812528729208135
73563,3.113216902650257
73564,3.1483877920066496
73565,2.653217772016014
73569,4.976032230760117
73580,3.4227559686111544
73581,5.260585864019569
73583,2.823414488946363
73585,3.119358846457805
73589,2.9946960581062445
73604,3.3887705102448806
73605,4.5440424312220795
73609,2.8639543418755906
73611,2.9583562929708145
73615,3.010456796943725
73621,3.0725199741087583
73630,2.916171384844558
73636,4.570515270980764
73638,2.776275967189254
73645,3.968850727853312
73648,3.959153732858494
73655,2.7466278216502715
73659,2.5966924271967775
73667,2.970237360764829
73670,2.8517821071746368
73680,3.41129186513029
73682,3.2863592463183373
73696,2.857639643759154
73700,3.3978280455831285
73703,2.83250370773009
73713,3.837750456453484
73715,3.7975865310584918
73716,2.620450412595265
73719,3.14422345649678
73733,3.2645502848744026
73734,5.418055058036172
73757,3.2164323269427104
73761,3.455219866906997
73767,3.699969083133985
73770,2.934627023771594
73775,3.0657861080709528
73788,5.109073549808034
73790,2.7278466494883467
73794,2.834688199387043
73799,4.489325844367364
73800,2.8624850782949594
73804,2.7518080665509412
73808,3.0461748534208937
73822,3.1433273579447265
73838,3.0574234929536015
73842,3.992927257709716
73847,4.443792603565833
73852,3.3388698393272787
73853,2.987703876805569
73858,3.051860498569893
73865,3.3505813110959957
73876,2.7032057505426863
73877,3.5890972203202436
73888,3.545603065668045
73893,2.559062300993801
73903,3.6117204223376116
73905,3.0935860457884448
73906,2.71339151005691
73908,4.685159783170446
73918,3.523676439996456
73920,4.34832943776518
73924,2.7835672639316744
73937,2.8198774799782385
73943,2.990870070253454
73950,2.6939657308096603
73956,2.8318601837424264
73966,3.5178996706955408
73974,3.5476439183069406
73976,2.983619859953608
73980,3.1522763940878193
73984,3.7483294672299086
73986,2.788049037686923
73988,4.564222544412313
73989,3.516958208199674
73995,3.9608538304450227
74002,3.979289795884971
74003,3.335912977986539
74004,5.152775906607896
74005,3.058256627678064
74014,2.4954217788755613
74021,3.637787804191685
74028,4.31699790062099
74029,3.1063468051753436
74032,3.10531244094348
74033,2.798162618039804
74034,3.2950343906460944
74037,2.925778225697734
74038,4.425407285170975
74041,4.555269317333892
74045,3.138325378978762
74047,3.014827245321264
74060,5.146196933111209
74080,3.2233952444190623
74082,2.57733656373091
74084,3.352782971136871
74088,2.7877364113409873
74096,3.146282915253401
74099,2.4790190597680155
74105,4.593239230622821
74113,4.185698029543295
74115,4.173880067670119
74116,2.731923390738443
74122,3.329406192139193
74131,2.41020273471546
74145,2.727694141623432
74152,3.516998972036848
74171,3.025022366944411
74181,3.3978042139173565
74188,3.122543153874617
74191,3.3573140042195977
74196,3.0768438860657192
74198,2.9815126956262743
74200,4.724766123592819
74202,3.0277646386233847
74204,3.099645008093145
74205,3.839442674309531
74210,2.7027205856172514
74225,3.3525426993073313
74226,2.8367152009671326
74228,3.5092034442758675
74233,2.870431424452261
74239,2.4245711645155654
74242,2.7685619914210022
74243,2.749713788329164
74246,3.3399312653223974
74247,4.125826232434905
74253,3.1599404670582962
74269,3.9945911479790226
74278,2.67563372446029
74299,3.3932164112322
74312,4.314622643984569
74317,4.79886535766218
74338,2.3980323548938194
74341,2.7304020331595527
74360,2.9756118884856226
74363,3.0106290097485995
74364,3.0940476356225504
74365,3.595700393775891
74367,3.9576065376051437
74371,2.7340952959619758
74372,2.9646517066315634
74386,4.464407675859327
74394,2.929518222394719
74403,2.881507889712675
74411,4.581619631163559
74413,2.9885375975064825
74416,2.6189413421815733
74419,3.121015445748288
74424,3.580781377798324
74429,3.0978742664098866
74441,3.4870128234825657
74447,3.008422536262304
74452,2.8814558161691908
74454,3.183487604220541
74469,2.9837393417418676
74474,3.3045972594539776
74488,3.015929033397959
74490,3.8383512407689575
74499,2.8510169134204877
74501,2.9679720499869475
74507,3.062436503864255
74509,3.0039308954926613
74534,2.9693093536544546
74555,4.639126710490254
74556,3.1137016863151823
74560,3.321403619667651
74570,2.5070455596461168
74578,2.8940622726898018
74581,4.631697653534184
74585,3.0798395230516156
74596,5.3196958247618085
74598,3.2281766613887726
74607,3.5755123706400704
74609,3.024651192352553
74611,3.68877817669004
74617,2.74169601234452
74638,3.1025754522774442
74644,2.630129439497478
74647,5.07204031265028
74650,3.0208780095663412
74659,3.318935219301885
74665,3.2620864041354434
74666,2.279213443157751
74670,2.7799299241348905
74671,2.6975584293251313
74675,3.013070471151032
74677,2.4363740372989766
74680,2.7809507711500006
74682,2.7208320377369004
74685,3.786089886143511
74692,3.131720909259536
74705,4.844200219698983
74707,3.7514552707366997
74712,4.607579637254886
74718,3.094427650357706
74721,3.8043193192408755
74726,3.0697053143945134
74734,2.980025695395529
74748,3.2003150773005924
74750,2.396671727877887
74753,3.4088876417906127
74758,3.1618791190521014
74761,2.9404174609749507
74762,2.6550256692933982
74765,3.138085881479384
74773,2.9840027804973768
74786,3.8133031477097017
74795,2.390456727786937
74798,4.6297965703664605
74799,2.9261199314558564
74801,5.084245203247704
74827,3.472512591247477
74830,3.0094963438684315
74832,3.423409373992301
74841,3.19994269927404
74842,3.137537768880594
74844,3.0937374751527082
74848,6.020327791125514
74855,3.4801221791298547
74857,4.728353466716838
74860,2.8577095730800885
74864,3.2904900808608253
74870,2.882299564341141
74876,2.681818898894807
74885,2.6195988081370025
74889,3.50006583308415
74890,3.8409096993912186
74891,3.1044792190399817
74892,3.0394802934454623
74896,3.022989950069904
74903,2.782343652500582
74906,2.9901904136278463
74907,3.2813664042392205
74916,3.667364291289284
74922,2.835619040868558
74926,3.8135520995570724
74936,3.6121920434104116
74940,4.518217334213478
74941,2.8527820925826592
74944,3.3551123660387785
74951,3.795421160247492
74956,2.55882249392409
74957,3.0461748534208937
74966,3.9356562274392286
74969,3.5224111633467285
74986,3.2443681596126157
74993,3.2261278020247657
75001,3.2236893571625282
75005,2.9617629925751925
75018,3.1476319256551415
75019,3.792139760999559
75023,3.195612811203823
75038,3.575804791865808
75045,2.6445124765887393
75047,2.7377150315382384
75048,2.946018259847315
75051,3.0042467124697723
75061,2.5966924271967775
75062,2.8557778555368194
75064,3.029970559230196
75071,3.1583476309707725
75075,3.0574315896186133
75077,3.051860498569893
75079,5.6615171204243
75082,3.0461748534208937
75087,2.747243775773367
75092,2.6873193276860334
75111,3.190973694332443
75114,3.226274980522966
75116,2.609252017018592
75119,3.131720909259536
75122,2.8934388780262252
75127,3.5876927918226995
75137,3.460352072515743
75143,3.0227817833124626
75147,3.2213470298865774
75148,3.1508362977978943
75153,3.4512984534068396
75160,4.495243012472844
75165,2.9775491031325556
75169,2.8776682653802794
75176,4.129819802721715
75198,3.0461954445936352
75205,3.5876127145231336
75213,3.629945781515811
75216,2.8563546787175964
75220,3.2459040158812416
75228,3.0531069333601857
75237,3.932114803113425
75238,4.7166199221499
75241,2.7942305340234364
75254,2.59047394010956
75263,2.969791390383459
75266,3.2219665720789417
75280,3.557649539646938
75281,2.9404174609749507
75295,3.091250490667054
75303,3.120172067598031
75307,2.8195009456325932
75312,2.622385734554225
75315,3.0889315317405455
75335,2.811187360011509
75341,2.9265649641392777
75346,3.0809782482657773
75347,3.589648660117406
75365,3.0461748534208937
75378,3.143302613370212
75383,2.9589929032986224
75385,4.466744470971729
75397,4.165707706392351
75404,2.848878681001756
75412,3.79696119843949
75414,5.102687499206117
75428,3.34094918487897
75430,4.472428666407852
75448,3.210548627606934
75456,2.545041621402432
75458,3.114027896187534
75459,2.9382622015381346
75463,2.7420252394553732
75464,3.0562918697740526
75487,2.716143142862977
75504,3.1692081089320645
75510,5.714269319977598
75526,3.095074337185244
75532,3.093877202533769
75538,2.96650788026984
75552,3.139822282284013
75554,3.0895247952489164
75562,3.4439925712110044
75568,5.126522971954861
75581,2.872526672700824
75588,3.135041582432122
75594,2.4843754548557633
75597,4.552589666795669
75599,4.928714198106005
75617,3.425431970061251
75620,3.021603697074954
75626,2.6145500230053984
75628,3.014038202151056
75644,3.336686511327576
75645,3.6514801091540416
75648,3.737053250688649
75651,4.643651296736347
75656,2.8061051108978483
75658,2.9989134916581137
75659,3.0765884810126263
75666,2.9670394406992315
75667,3.055123424022314
75668,3.1227132717314565
75683,3.1849939519602573
75690,3.099645008093145
75695,2.934753511869409
75708,4.524321900306644
75710,3.065878731729641
75713,5.073771565374317
75716,2.8309055550889513
75719,2.8557778555368194
75720,2.724422459283064
75721,3.414753457497189
75731,3.602116295674314
75733,2.568696489653045
75753,2.969123846109578
75765,2.982091745851951
75777,3.48422818286802
75784,3.635510874254707
75786,4.384887765283029
75792,3.0928047061989687
75809,2.4153939080324407
75824,4.591920073679236
75844,3.058239455328201
75846,2.7896382404601114
75852,3.121945691605355
75876,4.605141391228411
75882,4.642978526458549
75899,3.5894032872167205
75912,3.1124341316333473
75916,3.1120829993404255
75934,3.1193546045074307
75935,3.2514072827413534
75937,2.996400708939214
75960,4.6190032735011455
75964,2.464798172869598
75970,2.23785522815115
75976,3.5205077999986707
75981,2.8402600731877365
76009,2.7726432429840218
76011,4.379132964776736
76020,5.52994995822539
76024,3.0995068486290456
76030,4.754369894983146
76035,3.5679341360975005
76036,3.038072649041672
76037,3.688941520529714
76040,3.511639790498422
76064,2.7802869068175524
76066,3.2701717430520962
76082,3.1637791443924836
76084,3.0242237709229105
76089,2.7839675946607776
76093,3.1128266944838345
76096,2.82345286866886
76098,3.3240816520109258
76100,2.935650495485986
76110,3.2207823609673416
76111,2.966962885514757
76116,3.1529015358775183
76126,3.131720909259536
76127,3.903111550820067
76135,4.3945474653048295
76141,2.91135931951851
76145,3.1199730156795082
76148,4.3924556546577245
76149,3.5261178177529175
76151,3.0468425503235603
76156,4.380271800402623
76166,3.656241130106997
76169,3.200838672465466
76172,2.984484140437448
76175,3.664266925877997
76179,4.35908226281911
76192,2.6069166761265987
76193,3.8717900556801195
76194,2.266633969683381
76198,2.9426660695024314
76201,3.0141481690079246
76203,3.0853627070996126
76205,3.3298738850004033
76210,3.2893568798877224
76218,3.177549838954278
76219,3.3260065820289144
76233,3.088527324351916
76234,3.0929618154298204
76239,3.15725423960093
76243,3.0845659494973394
76246,3.5945297818389763
76248,2.7625923023325707
76258,2.7401775956550685
76263,3.9897287876283634
76266,2.8714864143995547
76271,3.208004616856748
76273,5.211842358189282
76292,2.8230798878350076
76302,2.5329981720803074
76313,4.576899551944945
76315,3.1468549047061973
76327,2.853267540486099
76328,3.1593395784666214
76332,2.9898135327575064
76334,3.1122492524417904
76336,3.4881148171413425
76354,3.639812715354042
76368,3.2325596659048443
76375,2.6596429802906463
76380,4.62482520285009
76383,2.726582901413534
76384,3.5637704157796577
76390,5.106312901517657
76396,3.460906931188931
76398,2.980848044872308
76399,3.043647143527344
76410,4.56933114247927
76418,4.990620488773672
76419,4.8112221500899714
76421,3.4934252594696913
76425,5.367040794372638
76426,2.946018259847315
76430,3.207380388713568
76439,3.0775387493901283
76444,2.592727559976929
76452,3.0862203464596933
76455,2.816981715556094
76456,4.579465396051335
76458,2.715308938982717
76460,4.437651952533837
76464,2.7622095348382003
76467,3.125375435804645
76472,5.388945930152863
76483,3.374471792591726
76489,3.242652092218513
76495,3.300518993895968
76501,2.7625923023325707
76513,3.2302923379230526
76522,3.1555847430192108
76523,2.67253014132375
76530,2.6032620489586065
76535,3.375270957788802
76554,2.8528336874910813
76563,3.403542887932421
76564,3.7737901553929865
76570,2.7921064678978804
76588,3.1901274464648317
76590,3.1274392875213457
76596,2.727694141623432
76602,2.8620250047179505
76606,3.4911524227375663
76609,3.6468973499394224
76623,2.633140156103045
76628,2.881899942080154
76653,3.175276381396278
76672,3.127653122376123
76675,3.630095903241944
76678,3.093877202533769
76679,2.9311973923100885
76691,3.094427650357706
76699,3.0441165414349265
76705,2.6209745037729917
76718,3.158569919528784
76735,4.230247686527562
76745,3.2270634032184073
76748,4.50202838188021
76750,4.2543793028759636
76753,3.2619118171849273
76754,3.4458847876696206
76755,2.626268330014247
76756,3.1925655434660647
76759,3.4151523239729182
76767,5.2327591455689895
76768,3.224969282486513
76775,2.8898835307811996
76776,3.336417383751972
76786,2.764904411542478
76789,4.570723525668693
76791,3.0338687898010575
76797,3.5699411532401895
76801,4.522206327344007
76802,3.0456243308386877
76804,3.7854815067618723
76808,2.732321734748624
76811,4.339313026044604
76812,2.3584439449625103
76825,3.063480245453658
76830,3.308074764544929
76836,3.328359642371794
76839,3.141082507548709
76844,3.0302322916530557
76852,2.968236401558199
76856,4.562443543572581
76866,2.8404681905688323
76876,3.6232432702564914
76881,3.0099209531667133
76882,5.417001036121362
76888,2.920643078948053
76896,3.0623784633727857
76900,2.928996517913817
76908,3.075496917893308
76909,3.125375435804645
76915,3.1932807620793517
76920,2.994471595416557
76922,2.985384723266055
76927,3.6602432407978114
76928,3.6629357645508573
76936,3.2358880131509777
76938,2.6674488611301035
76945,2.651048552147185
76954,3.7920700398353784
76967,3.6208738232220554
76977,3.2276200443143956
76979,4.529216802311883
76981,3.493481753331443
76987,3.093877202533769
76988,3.109337353318131
76992,4.940100311082843
77003,2.657347668823144
77004,2.729621728332509
77007,2.999318489572676
77011,3.3689399298176284
77012,2.802898764135592
77026,3.130958756120473
77029,4.286530784185343
77033,2.950213580211555
77034,3.576615452697223
77045,3.5811945955302926
77050,5.487127505916302
77057,3.0374124161880767
77064,3.2642502102829445
77071,2.7360576435595747
77073,2.7151925335207605
77078,2.617575318936651
77084,4.175841248288516
77090,2.782511603463331
77091,3.213658153580101
77098,3.131826523998862
77111,3.131720909259536
77114,2.513949110429309
77129,3.0618929235405425
77132,3.6791610327844464
77145,3.4645488097575674
77168,3.131720909259536
77174,3.201967365506508
77176,2.7986664478282264
77182,3.5159311293108932
77185,2.933793053077671
77195,3.4005539649155256
77197,3.585434351553981
77212,3.5736938291203355
77217,3.6218405238276192
77219,3.406176762152393
77228,3.131720909259536
77231,3.2777389036892557
77232,2.925778225697734
77248,4.7307518020348605
77253,3.909287108853079
77256,4.406607900994985
77264,2.9462370927070642
77270,3.253489682931486
77282,4.017953336969096
77284,3.310395833154711
77285,3.7669381766038703
77291,3.090619595545896
77318,2.7272321040716476
77320,2.464118133565748
77323,3.2960034909687246
77328,3.9654674288834837
77340,3.0266219446187046
77360,4.59160724744002
77364,3.5667625547794843
77367,2.745387252135326
77369,2.6643109540784318
77374,3.0562918697740526
77379,4.624184196309793
77380,3.798248826471924
77391,4.377299016397852
77393,4.6324587266232955
77399,3.1239153636930443
77403,3.6446239614042213
77411,3.8583629687499323
77433,3.0428528792205007
77434,3.521017956069836
77437,3.1932807620793517
77439,3.003302713791922
77444,3.637077030641887
77449,3.5279271716515486
77450,2.779566641064254
77458,3.122543153874617
77459,3.0387206377653255
77462,2.9623742627522893
77466,3.4601823490394406
77469,4.295194590592833
77475,2.68716150475378
77477,3.3488404596087777
77482,2.6906503030869624
77484,2.83755769980208
77496,2.7246730156167054
77502,3.8465515758215973
77537,2.6002278675807617
77545,3.242395769739361
77548,3.158579495915714
77549,2.6860773804112945
77563,5.214801937290893
77565,2.8633821358854252
77573,2.5326050635879342
77575,3.76727313180578
77576,2.864497341538737
77581,4.162519667443813
77585,3.0472415894905365
77588,2.985086287066554
77597,3.323917516697755
77598,4.642978526458549
77603,3.015929033397959
77608,4.02979151447205
77615,3.5106680998228756
77617,2.864979683511047
77618,3.3169604567985544
77626,3.0159459150840955
77630,5.092217328458067
77632,2.9775491031325556
77635,3.210506754875269
77641,2.9946960581062445
77643,3.040281112320741
77650,2.8349553842480284
77652,3.175276381396278
77662,3.116092697203677
77666,2.7002421664224387
77670,2.610329999968428
77671,2.937070245234719
77682,3.537079315489062
77684,5.057524140211945
77689,2.962131863881841
77695,5.3472702003198185
77711,2.7258435270292565
77725,3.723218545176775
77729,3.2373000957673446
77736,3.148910952248424
77746,4.506748701438957
77747,4.363106208866499
77771,3.6208387019615698
77776,3.8442329620617364
77779,3.1701906182352113
77799,3.6795301139295624
77800,2.7395599320799677
77807,3.673805861053982
77814,3.8604479287600317
77817,4.310912127077671
77820,3.822419675279734
77830,3.0461748534208937
77834,2.9382622015381346
77841,2.8927035179818246
77846,3.6807347463157125
77851,3.4821172898023907
77852,5.700492509413513
77858,3.384623471923466
77859,2.96636487530579
77878,3.5169295426402267
77879,3.134958282515846
77884,3.2087167028452854
77890,3.0867458093618265
77896,3.08284814483201
77899,4.52454102414116
77927,2.6429593905180386
77929,4.675038113199951
77931,3.552651555010371
77936,2.932699217463547
77941,3.1971728929947982
77943,6.072852387347319
77946,4.362667296070689
77949,3.0603436516414835
77961,2.6346539864311227
77976,4.341003374333131
77980,4.6531741535119355
77988,3.74490366080137
77991,3.163013941067677
77998,4.564991193909083
78009,4.497977279178557
78011,2.391456921333051
78014,2.783003324264467
78028,3.2732382528282886
78029,3.83219523186752
78030,3.625409130242746
78034,3.220190787218605
78037,2.962932392632004
78053,3.0789255081373463
78065,3.336549944863618
78072,2.388452698925562
78073,4.810539889997834
78076,2.7860638395485324
78083,3.1196877032717154
78085,3.559442921886093
78086,4.585137836857913
78090,3.2569031656628833
78100,3.1122492524417904
78107,3.057663283438743
78120,3.0112553444770613
78121,4.249459348606679
78129,3.278642805909506
78142,2.6346783345431075
78143,3.098747377233244
78151,2.856458538418716
78152,3.695409959971429
78172,4.090365665049765
78175,3.1068391627108607
78177,3.112381179651961
78180,3.009337041579862
78206,3.095431714711294
78210,3.8275292692893776
78211,3.4486954713998514
78214,4.0983507616426
78218,4.61223628246897
78219,3.4761239725870996
78227,3.86461318566917
78229,5.169798172060718
78235,2.9606330814224844
78244,3.320547784269047
78246,2.5093180199690464
78255,4.6534061096074
78269,3.7869464528751218
78275,3.3855174996994
78276,2.7741091605219315
78282,2.8577095730800885
78307,3.5039299614548147
78309,4.409817884541686
78313,3.6066504766740124
78318,4.552477549513066
78328,2.368896118241331
78331,3.5461949500892276
78335,3.35026308094963
78336,3.1001154820610677
78339,5.08404407664591
78340,3.335912977986539
78351,2.8257258147619897
78353,2.6435488311707895
78357,5.016873580466893
78358,4.179287941469816
78360,3.131720909259536
78362,3.626409018282769
78365,3.141320939749687
78376,3.175276381396278
78399,3.3357676142031507
78400,3.0929356900673026
78401,3.4400031457471743
78405,2.9325258516379566
78412,2.9785380071540737
78413,2.8547840985326887
78422,3.0518012639819116
78433,3.305401361683339
78436,5.018822887588829
78438,3.0903249515417976
78440,5.137051297552031
78443,3.2588914063475203
78444,4.617708129802122
78447,2.5579182422679545
78448,3.2591136645803793
78456,3.2204824998460575
78457,3.349670013116205
78458,3.176075259147038
78460,3.476751103781866
78483,3.19994269927404
78485,3.2518160646788568
78498,2.9477363302240147
78507,3.4378478943815054
78516,3.33450159910596
78518,3.1010875974683607
78519,4.6951998271502084
78527,6.162486948244103
78531,3.5701687153136668
78552,3.0043602683722543
78565,4.3553483362243295
78572,3.0551818241254285
78576,3.0940075056219642
78579,2.7420252394553732
78582,5.027049692625857
78587,3.0434631206792533
78593,3.038072649041672
78599,3.5719626590569145
78603,3.177606788208701
78609,3.2072033761836325
78613,4.768865328683355
78614,2.6028934762732123
78622,2.9588783313310514
78624,3.1050443470041182
78629,2.9674722361447894
78640,3.20635400228025
78644,4.884142866285426
78653,4.621387285445985
78661,4.2156032744362655
78663,2.7959141887668317
78667,3.1035461039654444
78675,3.1298390111207857
78679,2.8025003158738695
78681,3.5320160145739354
78690,2.8814648747579183
78691,2.51839664813825
78693,3.131720909259536
78699,2.641170325404994
78700,3.1649833120780726
78703,3.137537768880594
78709,3.247819326785117
78711,2.658267011880832
78714,2.9581031996286855
78728,2.8577095730800885
78733,2.693242164661397
78738,3.0995940102108177
78749,2.894140968571202
78756,3.218845214325821
78761,2.5335976456858385
78773,2.9775491031325556
78776,2.7806739359521324
78780,3.679435603251773
78781,4.667021549396418
78782,3.4159013243400693
78783,5.083371141712641
78791,3.0950191263190963
78795,3.4154296664416846
78810,3.2742771892959284
78814,3.4482729065875537
78815,2.68538557212777
78821,3.4947453546868275
78823,2.662759905310835
78824,3.070235546057884
78825,2.982206700755989
78830,3.5579771424736597
78831,3.678606222468017
78833,3.4989320534937693
78834,4.6188813005758504
78835,2.658942085790552
78837,2.5978214044167682
78838,3.1573077886517145
78842,5.5734977271751305
78848,5.385921073729426
78853,2.7133722774240723
78858,3.00055642163457
78859,2.9887760632775757
78862,5.866260271028349
78864,3.0461748534208937
78869,5.096979818694239
78877,3.74604651675506
78888,3.131720909259536
78908,3.354346800113974
78910,3.148031018372594
78913,3.441510584683939
78917,3.242652092218513
78922,3.3471368369603662
78925,3.2188223299104854
78935,3.55165286242974
78945,3.002354057569935
78946,3.1876584777396824
78948,3.287079550213025
78949,4.789194029410638
78951,2.9451255993627536
78969,3.1107896977760023
78978,3.8180540444125786
78981,2.716158581764802
78983,3.012960223133945
78986,2.9884230515771164
78996,4.6021830921744895
78998,5.029089814344481
79008,3.1303637437197005
79026,3.0188668846206737
79043,3.5088559908027017
79056,2.789260324896717
79062,2.2633426183376053
79068,3.101001129579909
79070,4.007386860309429
79072,3.0562918697740526
79076,3.5797396594954196
79081,3.0618929235405425
79083,3.685156906707751
79085,4.569383163467328
79091,2.908038854957876
79094,2.9806407415173477
79101,5.1442210361781004
79106,2.633140156103045
79112,3.640159040929394
79157,2.9339356816048876
79158,3.923000549650892
79160,2.8387639420098383
79164,2.708295182877889
79168,3.137537768880594
79179,5.045603349495665
79184,3.311752053805173
79185,4.896468122239086
79191,3.745950842955998
79202,3.384930190941325
79210,3.0805573448834904
79216,3.335912977986539
79221,3.679879753362066
79222,3.8912946811757836
79225,3.057663283438743
79227,3.7619869703675164
79230,3.1883259104357258
79232,3.067848452749116
79236,2.8383828062730623
79238,3.1251088733622874
79244,3.1086046945267602
79250,4.008847789072124
79253,2.9714243934572906
79256,3.3541758972160807
79267,3.873030549321638
79270,4.014104677217461
79275,4.234198099950525
79285,3.126588702756714
79291,2.4335597538606706
79294,3.530250190155827
79303,2.6836443363420486
79308,3.519962313329178
79309,3.0650468794858323
79310,4.548357719007864
79315,3.055123424022314
79335,3.055352467210931
79341,3.116685890383637
79343,2.8035446611239405
79354,3.5763930808019033
79361,2.8595981163323443
79363,2.839286828011383
79364,4.556051323429918
79384,3.578927504417611
79386,3.1019731946693785
79394,3.0251865621096825
79403,3.0295502609851708
79415,4.440249084760013
79425,2.9281292382065747
79427,4.0896897378803905
79430,2.7747135899750375
79439,4.596214807968695
79440,3.1077007422671956
79441,3.202860154340615
79445,3.0970326866267968
79456,2.965636761748651
79471,2.6195038944129756
79473,3.002081771808288
79477,3.676331129357786
79502,2.686810249910969
79506,2.7993400381348468
79533,4.59715350000695
79535,3.682699136182938
79542,4.357413126508973
79558,2.544293639054771
79561,5.618163405922331
79576,3.378579258558742
79577,4.2185667015621195
79579,4.608061759233018
79582,2.9311973923100885
79583,2.8475380225868068
79590,5.030728477974274
79594,3.457161613535991
79606,4.74825915772247
79609,2.950213580211555
79610,4.621026242403821
79612,3.2056537848400004
79614,2.4303195279321574
79638,2.627172454847112
79640,3.2012485571020055
79641,3.5444994594768864
79646,2.835731249834132
79648,3.569017111458898
79659,4.805180380944666
79660,3.5613403422282564
79667,3.1280932197141116
79670,3.137537768880594
79672,5.519770723817428
79685,3.7000457975729604
79687,2.938807801302896
79695,2.9896631540046226
79701,2.800497598950558
79717,2.57232051494517
79728,3.1262113999697387
79729,2.941548528001955
79735,4.623377191677426
79738,3.1771357004998517
79742,3.0030431018243857
79748,2.9678136589705977
79749,3.1601844861563873
79752,2.6961727239603963
79754,2.9359215908339857
79755,3.060484465384295
79760,4.839096963470438
79770,3.0414802212100813
79781,3.163727967394711
79787,2.8013011708242024
79795,3.595700393775891
79800,3.2415215405963873
79804,3.7265614479215303
79808,2.7673143971658276
79810,3.9626404490195872
79817,2.721684080506146
79821,3.467496117518908
79825,3.421928730266814
79829,2.938807801302896
79830,3.6986622317093514
79837,3.791558520189824
79846,3.4678232468524213
79853,3.4543961907065954
79855,3.984196838822003
79858,5.520169090465607
79866,2.798548461925719
79871,2.8999051680665398
79872,5.446579634331771
79874,3.09225511744398
79875,2.994004283781476
79901,3.5207209126137027
79904,3.2194287462487825
79906,3.086747308549068
79910,3.8087013888162407
79925,3.1405510326104973
79928,3.573164294731037
79935,3.1069609683395676
79938,3.092426883432512
79941,3.9838708614903373
79947,3.0940075056219642
79948,3.4690413977559644
79970,2.780760265691737
79971,3.11144582715196
79975,3.187664046843672
79979,2.8987566323937206
79983,3.6235126065129024
79995,4.61594477797932
79996,3.0531069333601857
80001,3.6546030333595287
80008,2.9660830538778002
80014,3.0457203531030284
80020,2.825574009049628
80021,3.128981909987648
80022,3.8514823798105184
80026,3.606753739294595
80029,3.056706761874061
80039,4.456948389102654
80040,3.224969282486513
80042,4.581468173829591
80044,2.787983345209116
80054,3.00148743462001
80058,3.0456243308386877
80064,4.57967371657098
80070,3.503537979119495
80071,3.125375435804645
80075,2.8012676583037095
80080,3.757545822342692
80116,4.424444326200454
80119,4.5742281941346405
80122,4.558940218903391
80134,3.074116488227032
80157,2.319555682218231
80158,2.8417344052687263
80161,2.4050836971755576
80169,3.286800005102166
80170,3.0552450430429756
80176,3.0235525784459254
80189,3.366759579955372
80191,3.2327983528719177
80193,3.318787124977607
80206,3.6312789077493597
80208,3.088527324351916
80212,2.9775491031325556
80216,3.5796549542759606
80221,3.6184466704272964
80223,3.577381100277763
80239,3.248592861432701
80243,4.530469126589622
80249,2.3668552089018493
80260,4.987836523369555
80263,2.834384468896064
80271,3.5429817375818167
80277,4.582457878117191
80278,3.0505404265688916
80281,2.7430354946405004
80290,3.169385359402767
80295,5.029992407277813
80304,3.443949749829473
80315,3.545603065668045
80318,3.177549838954278
80324,4.6143916253743065
80326,2.8161877519303666
80336,2.841999306901924
80337,3.302309386704659
80352,3.407641378759252
80356,2.937634331353868
80357,3.0510637018659845
80359,2.314418916607827
80361,2.7496507706696627
80362,2.6033943163397137
80372,3.1345415180279224
80386,3.1798580102758107
80387,3.734811299472541
80391,2.840392920286997
80396,4.340257054557677
80397,3.009734935015414
80403,2.9840027804973768
80405,3.6251909275830947
80407,2.6841754384077383
80409,3.4920058236855613
80422,2.4994832907021243
80426,3.8095819115482676
80436,2.653936368038842
80437,2.931776145569897
80448,3.084717161317482
80454,3.763947224442833
80455,3.1279862600448527
80465,2.412689919753399
80466,3.2857307216510936
80467,3.224969282486513
80472,4.605390936134473
80482,3.015929033397959
80486,2.92189299734862
80491,2.9935159115753844
80492,3.464221017963646
80494,2.79809768016212
80502,3.163727967394711
80515,3.0552789224577324
80520,4.020064105009411
80526,3.120440093839481
80527,3.0531069333601857
80528,3.537485692648738
80531,3.2782448060361817
80536,3.0562918697740526
80544,3.1809365097946007
80546,2.74906926611811
80554,3.7780620972176924
80566,3.188656569850611
80568,3.3193389451491555
80588,2.938807801302896
80589,3.745822338054484
80594,5.539508600201566
80607,4.593756111989661
80613,3.1555957343781733
80615,4.970012812078027
80623,2.325571867281548
80626,4.9940944659579305
80629,4.259546272896609
80644,3.1579851159285584
80648,2.8464226928826717
80653,3.5311409110812955
80654,3.1122492524417904
80662,3.4209041175773405
80667,3.0691078499108184
80669,2.9108952079490686
80676,3.3669009032038426
80681,4.634942762415253
80682,3.2111726540852956
80683,2.970237360764829
80692,3.5681943686832
80699,3.0294943586899623
80702,2.9699195044808198
80703,3.0468339000156073
80705,3.2277692506739255
80713,2.310410569067957
80715,4.503406455334042
80717,3.473847711963598
80723,3.0995876908050684
80732,2.7799299241348905
80737,3.131720909259536
80745,3.6272305763861468
80756,3.519939890223691
80758,3.137537768880594
80764,3.0552450430429756
80765,2.675484272044535
80769,2.8647293776884792
80775,2.8366992356848493
80780,5.560135260600624
80801,2.687529657203855
80802,3.4159366844114185
80808,3.3807196744397987
80810,2.425302363166267
80812,3.20212224124435
80814,3.2271430203455185
80818,2.842763781141717
80827,3.098866652655352
80835,4.409284289273371
80846,3.0051109129885245
80849,5.432459511700242
80858,3.6949195005234583
80862,2.5642638367642427
80872,3.188534837496585
80874,3.094427650357706
80877,2.8072967487920875
80895,3.195279701362961
80896,3.151365513379744
80903,4.440451728545146
80913,3.733202975421553
80925,2.988328870615493
80926,3.0578909585350362
80940,3.1860439454604372
80947,3.115244099187095
80962,4.761443850940648
80963,2.812795320246948
80981,3.660273169698934
80984,4.518475167953575
80986,5.295498447735522
80988,3.110139984854215
80990,3.143776911383986
80998,4.533340409889206
81000,3.1092854944379016
81001,4.62482520285009
81002,3.484844158862434
81005,2.5791276752328933
81010,2.7049559054956944
81013,2.9699195044808198
81017,2.7648073157791413
81020,3.4670652636837085
81032,3.4674420346110377
81035,3.7361507042057087
81042,3.2834673594174637
81043,3.082924246809644
81053,3.389588530076038
81063,2.970616695672074
81064,2.9986754996964375
81070,3.0248338166240805
81074,2.5444968447955816
81080,3.1952413511962265
81081,2.9855204981666708
81084,3.150394371900457
81086,3.179014994722088
81098,3.2683277313944856
81113,3.2679398507902575
81115,3.8397625715603687
81117,3.1100735069336243
81118,3.1048408729269514
81126,3.3876157522935646
81140,2.8685204799300585
81143,3.6979884091038713
81149,3.896205870515775
81150,3.627993760001224
81165,3.5373365674211423
81167,4.422823659255285
81168,3.246991343579447
81179,3.4389789069433574
81184,3.2204792792523995
81188,5.381588184806321
81190,3.125375435804645
81205,5.079887666495194
81212,3.631042707380255
81222,2.8715596980751554
81231,4.471338928349251
81241,3.3284630750410034
81243,4.6580051371137206
81249,5.209968182185465
81269,3.096063834155893
81285,3.1108348167075164
81291,3.2269302680197898
81293,3.000267702638191
81294,2.60074070847549
81295,3.1063468051753436
81322,3.3151459134152312
81323,2.9232155006488196
81326,2.907969344873914
81327,3.175276381396278
81330,3.5683692272063414
81348,5.027083027942337
81349,4.800626103613862
81350,3.0806857586907532
81351,3.691065941710759
81352,2.732967175142803
81354,3.074082143384716
81364,3.000353791563461
81367,3.7421212073491925
81376,2.592233922251613
81377,3.0828895436913917
81379,3.1137016863151823
81383,3.169474569432941
81397,4.46767688851356
81405,3.1299849738678938
81409,3.015929033397959
81416,3.217830050935243
81419,3.02633190963194
81422,3.2044647598167066
81428,2.9839401216586414
81430,3.7852648135008895
81435,2.9387458785767615
81437,3.4199232446823613
81450,3.0935821556399663
81454,3.163727967394711
81458,3.473232321904624
81459,3.918862381832981
81461,2.6652855896218073
81464,3.390906752223899
81474,2.8500146548042915
81493,3.1974380440883787
81500,2.830479622632417
81501,2.658942085790552
81502,2.9263276070569355
81504,3.5957010404978664
81527,3.0406328067140413
81539,3.900079410560436
81541,2.7204099559002985
81542,3.2012810125916813
81557,3.1313527859336845
81567,3.6408135321589983
81571,2.6694322550730885
81575,2.9844503474006907
81576,3.7819187274805923
81580,5.118229663725551
81581,4.591486852381811
81583,3.0789255081373463
81584,2.624940917456243
81599,5.001397759167049
81608,4.295934730203651
81616,2.885952532761939
81617,3.625362161925651
81628,3.4633597575624138
81631,4.084044585857195
81634,2.993067326351818
81635,3.0505840802489192
81644,3.5607548693944673
81648,4.862875616777387
81649,3.7459222695099736
81653,3.0919028740834547
81657,3.2469292506106324
81664,3.888628331214899
81668,4.450060169486524
81677,3.159522008812645
81683,2.9709059601447385
81685,3.583677788764562
81689,3.1979129942494233
81693,2.6462906943268707
81703,2.6061407239022962
81704,2.978845782664798
81705,3.198607954102902
81706,3.232657966332874
81711,3.1600993962436528
81714,3.176075259147038
81731,3.085203267492978
81732,2.677539195494478
81734,2.7901142899250475
81739,3.7599493521871095
81753,4.185510846388793
81756,2.97576243013887
81759,3.010595390777263
81761,3.5686567438685706
81763,3.5661589174363844
81771,3.3862868284092573
81776,3.166902039242543
81783,2.823641340189946
81795,2.983035784707674
81797,2.9887905073504957
81801,3.137152298449249
81809,3.4044819828866877
81812,3.337979011996309
81818,3.220974270374672
81819,2.987591644339983
81822,5.226890674932502
81824,4.535222607483411
81827,2.8057794417528426
81828,4.690631606037396
81832,3.0026224678902103
81833,3.9601970591216205
81840,2.795946005995171
81842,3.547941862278011
81846,3.125375435804645
81847,3.001679326494362
81848,3.1786171843243145
81862,3.286690390427324
81874,5.285915780918308
81875,3.0940476356225504
81880,3.2781884626375493
81882,5.392361394316932
81886,4.616248465020929
81890,3.1274392875213457
81905,2.8482402114164
81910,3.353667748089998
81911,3.191507478473793
81914,4.420791039629539
81919,3.535728544674249
81924,3.6383834636892174
81928,4.449648318260576
81929,3.633862293383556
81937,4.608698722452392
81943,3.7669381766038703
81951,3.1982732111474332
81954,3.2528988878739886
81968,3.6640157989396482
81975,3.2849434295674813
81980,2.6792895154823357
81981,3.0461748534208937
81986,3.33971084401525
81987,3.0787821491899554
81993,3.6365502298709997
82009,3.138007475068031
82010,2.2171741220029855
82017,4.441432566281465
82020,3.1137016863151823
82026,3.0992169468483564
82041,3.1218957093777613
82056,3.239451533880294
82057,2.946463091428215
82059,2.8062354425267637
82062,3.1063468051753436
82063,2.5273137060620057
82066,3.0657861080709528
82067,3.1118954632740405
82081,2.879927464666282
82082,5.123762851939995
82085,3.6272168471419595
82106,3.2696828858323346
82111,3.220846876371994
82112,2.6786204352434178
82120,3.064118785556151
82137,3.30848981949017
82143,3.3140964459576265
82162,2.750808565139248
82167,3.167090593468224
82173,4.0541877082438065
82174,3.1238580393806945
82184,4.492806997993549
82188,3.6370262967390485
82207,2.5990826057311387
82211,3.63809405259983
82216,3.582516298096339
82231,2.7157384048735658
82242,2.650319190356552
82244,2.4603693732569325
82252,3.346617424191304
82256,2.6773839412145315
82262,2.83755769980208
82264,4.285679620108219
82267,3.0461748534208937
82273,2.7774514878830265
82277,3.414896621309903
82288,3.443395558562531
82289,3.278838740943998
82290,2.9844503474006907
82295,2.800119574574587
82303,3.3858155467085522
82308,3.146863128288247
82315,4.9204499223478075
82317,3.5519376136795833
82318,3.227677062715969
82328,3.0531069333601857
82333,4.94592892143854
82337,4.828499549196321
82338,2.920761233869485
82349,3.0210943239889363
82352,3.66733976578369
82358,2.7264465832800506
82370,4.603938486519215
82375,2.8991146844528863
82378,2.8412448929831133
82379,4.542169086400589
82384,4.434429819827593
82390,2.97367885463999
82404,2.841999306901924
82412,3.094427650357706
82413,2.8028964467220057
82422,3.015929033397959
82432,3.3523554054077582
82439,3.1608627680571972
82441,3.2472284032927856
82443,3.0947727756155716
82451,3.3924406912770557
82456,3.6129022802492408
82467,3.1881507479778977
82469,2.6841754384077383
82480,3.305401361683339
82483,2.9844010633536753
82486,3.4377714511279653
82492,3.074991959176729
82506,3.141997461758957
82521,3.145362700496213
82523,2.6952099972454038
82526,4.326694967587812
82533,3.2949045673084525
82544,2.9842236021074426
82545,3.368740856139849
82547,3.1078528625451978
82558,3.567059770293851
82565,3.364861415706773
82566,3.0028682929054744
82567,3.558373337832493
82569,2.2833926534174562
82571,3.623613179892848
82574,3.1058355536108464
82591,3.093877202533769
82592,3.056706761874061
82595,3.6635315954765524
82596,3.056706761874061
82598,3.220846876371994
82623,4.636527275050582
82627,3.4723931857515122
82638,3.4290637185450543
82653,3.0277646386233847
82664,3.389858914715549
82688,3.1336907158317464
82690,3.102079168477781
82697,3.7049743143529845
82702,2.7352418649600017
82713,2.990868938113809
82719,3.1707319294236775
82723,4.563866857816721
82733,2.7468309597071565
82741,3.6350961614169863
82749,2.941153820689894
82751,2.999318489572676
82753,3.2521887702631656
82756,2.9379420121354576
82763,2.605527579383985
82764,3.0226460742577257
82772,3.2389595538752047
82777,3.0511702268133667
82780,3.2124881999640427
82783,2.9840027804973768
82784,3.0552450430429756
82788,3.4673432899599854
82800,3.716461277862686
82802,3.3938966396733745
82803,3.804287178829699
82806,3.2011305783855226
82807,2.9855204981666708
82821,3.0063730665074124
82828,3.535984072052816
82829,2.9840027804973768
82830,2.6832281907852313
82831,5.237846441937382
82836,2.699600222191371
82837,2.9935159115753844
82843,3.056706761874061
82844,3.5416635151297386
82848,3.3308186709905616
82849,3.6479311227566145
82852,3.5215663690287284
82855,3.583578447463812
82858,2.8605249147039733
82859,2.9759950074715347
82860,2.8841633125010735
82861,2.898764996354657
82862,2.503850031886556
82866,2.9935159115753844
82867,2.982817165216273
82870,2.3795232451970145
82873,3.0069132520647286
82881,4.5887094843209235
82884,2.9581031996286855
82887,3.6310417530142347
82890,4.530753505129473
82899,2.633140156103045
82942,4.886354964000707
82950,3.0806053646371288
82956,3.0562918697740526
82966,3.006404734016592
82971,2.6606141993063646
82974,3.2333080526117426
82982,2.613571415104143
82984,3.619429186562374
82986,3.0848384329686986
82995,4.730193216050642
83005,3.1932807620793517
83008,2.6872377117607487
83011,2.9896631540046226
83015,3.1122492524417904
83021,4.110480112751624
83024,2.9100656884270184
83029,2.6592712177283633
83030,2.9942473403187146
83031,2.9532142346833457
83043,3.2126526369561748
83044,3.2993848831155503
83050,3.637954808950906
83051,3.0531069333601857
83059,3.3906532156892006
83060,2.7696274898285727
83066,3.122543153874617
83070,3.035315547493383
83071,3.1312233942653576
83079,3.224470493524986
83082,3.5446539402983404
83084,3.6802391088519775
83093,3.056706761874061
83095,3.5818406153531064
83108,2.682066554787971
83115,2.985086287066554
83125,2.955770694764108
83134,4.278362635225223
83146,4.575559083904625
83147,2.9916692639418083
83150,3.1232035269406877
83154,3.2355811941274486
83155,3.0578909585350362
83158,2.7348522362980905
83163,4.313502235860476
83176,3.9612890984610885
83180,4.581013779127073
83183,2.790302972409111
83194,2.5666531019572285
83205,3.0941985776079077
83209,4.005605897918663
83218,3.2632758197615286
83246,2.58935767625319
83248,2.934251526290431
83250,2.9951968947548337
83251,2.706255744141253
83255,2.771137300972842
83272,2.782511603463331
83286,3.1975837077291005
83300,2.3019346469404187
83303,3.010850289809042
83304,3.102352704564461
83305,3.559912917661607
83314,2.7469601813844364
83315,3.578930999700196
83325,3.573164294731037
83327,2.8562316286566523
83329,3.4875815786538067
83330,3.0101300202106356
83332,2.9840027804973768
83349,4.542403716414625
83361,2.3767991048770796
83365,2.9844325350346153
83367,2.944244083535189
83369,2.617120232240799
83371,3.267337237471197
83375,3.1028541316442655
83406,3.372425189343425
83408,2.6673482014914267
83409,3.7042780623556215
83411,3.132918322939584
83413,3.6580186736849614
83423,2.8517821071746368
83428,3.0925067218654725
83435,3.0686573126442984
83439,3.3866304674671004
83454,3.056706761874061
83460,3.3492138163067833
83465,3.0244498848820114
83491,2.6866086476082396
83492,4.627357649293519
83501,2.3579095726799606
83512,3.0407476551233157
83517,4.357840485888259
83520,3.0791228149324437
83532,3.973022607465591
83533,2.7202599253285826
83534,4.497534447473384
83538,3.515858590416714
83540,2.850945092225244
83541,3.0024255654780796
83545,5.748249200075867
83554,3.4538017407080184
83561,2.9785380071540737
83573,4.621189633156014
83582,3.29289555105079
83584,3.7901221572079615
83594,2.901535358649825
83606,3.2653845496048275
83620,3.42434598187229
83627,2.839286828011383
83641,3.326768197569974
83647,2.625203540399916
83650,3.2391331087095048
83655,3.1934354229141726
83658,4.288180808406798
83660,3.2307360920873665
83661,2.835156174210339
83664,2.731273494637412
83670,3.4799482771100454
83678,3.109337353318131
83683,2.9534821223060344
83701,2.836407492442923
83705,2.938378258814556
83717,4.548930042678886
83725,3.6093440659146308
83727,3.782099244356713
83736,2.830477409046277
83740,2.480278350707138
83742,3.3788654733363694
83746,3.015775141783707
83749,3.0236052400803075
83771,2.689311107951898
83775,3.112693663356585
83783,2.9771023114349178
83787,3.1058355536108464
83795,3.046558077021671
83796,3.2645502848744026
83799,4.550151059457946
83811,2.456992781375315
83814,4.591486852381811
83816,3.483179478316454
83817,2.9583562929708145
83829,2.940596911727092
83833,2.6660560007050784
83835,3.04917737198961
83836,3.615246688951158
83837,5.272684086091239
83842,3.219405274027688
83845,2.67563372446029
83849,4.144655606731261
83858,3.5211983751449796
83859,2.738598025990009
83866,3.1507016352566315
83868,4.858450618716725
83873,2.9101434724612933
83880,3.0811805976328754
83881,3.063124432305822
83883,3.1299849738678938
83896,4.4362143273608945
83900,4.517456758907574
83903,4.571267468305095
83905,3.834559002393264
83912,4.617652719458282
83930,2.3721180086100313
83932,3.1689008390275566
83933,2.848468515591413
83936,3.522437880259502
83939,3.116536184194227
83942,5.207987208476156
83948,2.920643078948053
83951,3.0425192990294585
83954,3.5775854387144825
83959,2.8433837052279696
83969,2.427672746706632
83971,4.592150111427668
83987,2.9138318887415844
84000,3.6793028370891125
84001,4.106179801831509
84007,4.281663066352482
84008,4.468761029156063
84035,3.109337353318131
84038,3.593368240835205
84041,3.018389435217663
84042,2.9384657024650047
84054,3.1325644289944456
84061,3.241270026357195
84062,2.9318511945870176
84064,3.4417346269815665
84066,2.707121780620091
84067,3.931998806598316
84069,3.0941575921767566
84080,2.9776406546453433
84088,3.215223307636948
84102,3.561838154384792
84106,3.6259504260835507
84107,3.362884041125064
84122,4.563941839539715
84124,5.059245191113572
84132,2.5321809452030255
84137,2.67615669387631
84138,3.0135980776932922
84139,2.765790511137043
84149,3.2782923223485505
84150,3.0607228643626283
84153,3.5978886159295005
84160,3.131720909259536
84161,3.1063468051753436
84164,3.549375898132559
84187,4.415991641364693
84201,2.7722750321554974
84211,3.0789255081373463
84230,3.8783915444067647
84233,3.754046047573924
84239,3.0064277919609705
84246,3.623276385551612
84247,4.405861077889521
84267,2.445432152695055
84268,3.137537768880594
84273,3.670641915354586
84278,3.619423316518437
84279,3.2127269564435688
84286,3.5313826381956863
84300,3.0275772996418615
84310,3.1022908784079486
84320,4.427962288374003
84321,3.0514720735079837
84322,3.3230372397414443
84338,3.2141334926010097
84340,3.513464759718638
84345,3.098370426380329
84346,3.1497375313318257
84347,3.085883206390602
84353,2.981415834796727
84372,2.649182247895042
84392,2.3373865674074024
84398,3.2337127760386486
84402,4.2284857458640275
84407,2.726567881686181
84419,3.639193464945748
84426,2.841112499155592
84427,3.1567753603062445
84428,2.7160203589785348
84430,5.07204031265028
84436,2.516520957965155
84447,2.897743247419237
84451,4.572378605662021
84458,3.810319291841707
84460,2.65091352719103
84464,2.860153219428862
84481,3.1199730156795082
84486,2.8400391661254925
84488,2.6398172963603295
84495,2.557265498409853
84504,2.726567881686181
84505,3.5330303954580833
84517,3.2324756794082314
84518,3.188280379072505
84525,2.919016313600477
84544,3.0062691874236815
84547,5.116923768523381
84555,3.115244099187095
84558,2.5781980883580964
84594,4.12795869932524
84596,2.6877764175444705
84600,3.2494071899384798
84601,2.4278268051418688
84604,2.9049316965863357
84612,3.622381141540548
84614,3.423250328852466
84616,4.448393761240855
84619,2.6415467212691475
84620,3.617902326006881
84621,2.7272321040716476
84622,2.946935394812516
84627,2.801119105967063
84646,3.243506990031552
84647,3.4281341583208196
84649,3.320468559166667
84651,3.662275555941758
84655,3.1713727621271453
84658,2.6168748176753516
84660,2.464551007911851
84663,3.741834343701641
84667,3.6003852555632867
84669,3.0457203531030284
84674,3.0786562992022515
84676,3.343444631487861
84683,2.9334847102451747
84685,3.6828689353810704
84690,3.707448289308675
84691,3.1944384769645673
84692,2.848580231472847
84704,3.0208780095663412
84705,3.0937374751527082
84724,3.134958282515846
84734,3.2325827475772893
84745,3.0922985186501486
84759,3.498615121884042
84762,3.444037081941663
84769,3.184988386368437
84771,3.6621490235244236
84796,2.630230774914921
84802,3.0814652687191635
84804,3.472570860602541
84808,3.3307039628077235
84813,2.9535605694984954
84814,4.308365508368179
84816,4.317288957074409
84831,3.08455781513449
84834,2.933744626693564
84846,3.357003059532679
84849,2.766820255594755
84850,3.4558078950797086
84860,3.0995672810285524
84872,5.7767897675493325
84882,2.9307395103984253
84902,3.131297589197305
84903,3.308403539306201
84908,2.657570164674716
84910,3.3688092281769784
84913,3.5827380278329874
84914,3.383022020003701
84919,2.259996802542745
84929,3.156054042067
84932,2.6215232187629147
84933,4.523344624725844
84940,3.301157643659197
84941,5.413878995782946
84950,3.0562918697740526
84956,4.925996902018987
84958,3.116685890383637
84959,4.586392092054942
84960,3.0306770344093126
84965,3.1359599828221048
84980,3.137537768880594
84994,3.0531069333601857
84995,3.280809318776154
85002,3.176075259147038
85007,4.585059642671945
85008,4.7687286146740915
85009,2.696549225772136
85011,2.931776145569897
85016,4.97261438978169
85017,3.5993551169133924
85021,5.058359868386952
85036,3.5965990572249806
85037,3.5902301281978124
85046,3.4022320260225234
85066,2.581937443090667
85069,3.4240419364991355
85075,3.0042467124697723
85081,3.1373916833742093
85086,2.5219880524715785
85087,3.351199737490264
85099,4.512875696517819
85102,2.9308307699021734
85106,3.1373394079218784
85119,3.4380971693447813
85121,3.0789255081373463
85123,3.7165230395511553
85129,3.048021783994198
85130,4.697123178311319
85137,3.6388167992312157
85141,3.9750788192734405
85149,3.580177860288629
85154,3.6009553539574184
85162,3.010863875494746
85171,2.5722817186388216
85172,3.251400548678192
85174,2.7452054559056864
85177,3.1162909751712076
85181,4.339645080998145
85183,2.587323179769447
85187,4.433124980423427
85188,3.5100587441448172
85189,3.0024255654780796
85207,3.2561092135600576
85210,2.8528336874910813
85214,3.0572623498298204
85226,2.9856898623859425
85228,3.098304081726176
85241,4.000752950851431
85250,2.658942085790552
85266,2.495879594774536
85275,2.7758679329036915
85278,2.9404174609749507
85283,2.7092372152955484
85296,4.583269168087896
85309,3.192459679747346
85311,2.6957545241457233
85312,3.5724428922935405
85317,3.005303064334424
85341,2.8327991922188493
85344,2.882299564341141
85347,4.017717642006474
85348,2.5296928447688236
85352,4.531586999872818
85353,4.456966608708401
85359,2.6508222246493522
85366,3.292728988521453
85368,3.0177568280285723
85372,3.759188150659874
85385,3.1086942832558995
85387,2.6748514754991457
85389,5.051666897262643
85392,2.7625923023325707
85393,2.8978033104907923
85397,3.3018119908830488
85402,2.9844503474006907
85403,2.934449398402115
85425,2.836520027341592
85428,3.3310167021319312
85435,3.5691113167628084
85437,2.678249303404793
85439,3.0666213327259246
85440,3.9192716631630047
85441,4.493305719230496
85445,3.42019571047221
85446,4.623993227779959
85450,2.6951278357336044
85453,3.957717299593936
85455,3.636241245019704
85456,2.828876218586602
85471,3.1135251133315367
85476,2.814402270933223
85482,2.6864925386027454
85483,2.8842687919270227
85485,3.319972935976769
85496,3.0875762570912375
85497,3.6392445730171694
85500,3.1581908068656936
85501,3.3098289372593896
85504,3.690581312411057
85508,2.9125811385189095
85514,2.6214735813672054
85520,2.9981495757995833
85525,2.691115979669488
85533,3.6460065170950173
85548,3.6449285738668733
85570,3.0428528792205007
85572,3.3390530307816255
85575,5.387617225024805
85580,2.584275346262601
85593,4.391228667115172
85600,4.923461487932149
85608,5.369526654686979
85622,3.094949624525863
85624,3.474799299304161
85634,3.26054977029143
85635,3.831144457077312
85636,2.7251795270246526
85638,2.634876615535974
85639,3.2275151797904695
85648,4.908851438389091
85658,4.924971605563975
85660,3.13670966545352
85665,4.596581332393294
85669,3.557423030772146
85680,3.6660690871522874
85686,4.742336926128786
85693,2.8527297915497813
85696,3.9009593203053847
85703,3.2222702720158933
85706,3.593413153973482
85709,3.5646439236444465
85727,2.774952725915623
85729,2.7351019345828047
85740,2.5910515194454242
85761,2.4139125141275017
85780,3.24903236477508
85784,3.1930699472062667
85791,2.2714925471906975
85794,3.1141739084245894
85804,4.208499589480292
85822,2.768068212962676
85823,3.1141739084245894
85826,3.592862127860907
85827,2.8367827121377442
85834,2.794363162618378
85846,3.035578072407892
85848,3.035057120977304
85853,4.155695179076373
85862,4.530677021211282
85868,3.25718574450649
85872,2.691872910799539
85874,2.990868938113809
85875,3.127653122376123
85888,2.9029974612642007
85896,2.860215189977839
85910,3.3778804219771867
85915,3.1901515539365244
85916,3.099645008093145
85929,3.305401361683339
85930,2.946018259847315
85944,3.5054066616818718
85951,3.0662448741399957
85956,3.224969282486513
85960,3.8757583504336717
85967,2.99533363304254
85969,2.89480321929742
85972,2.3046386807948425
85973,3.5435499643610777
85976,3.313550260911609
85986,3.1122492524417904
85995,3.028773448311108
86005,3.195468262603806
86007,5.082826061174389
86008,3.6574554080640884
86012,4.5515977734405775
86017,3.363421186390975
86022,3.7463342094556116
86023,3.0294943586899623
86024,2.9775491031325556
86025,3.125375435804645
86026,3.0650468794858323
86032,2.9244589404842887
86033,3.131720909259536
86042,2.7725971071823245
86060,4.982272494083556
86062,2.7921064678978804
86068,3.0886988593463403
86071,3.327007206626573
86077,3.116754882374162
86081,3.254027075409483
86084,3.0456243308386877
86090,3.4610981359670796
86094,2.7440726060339875
86098,3.0941575921767566
86115,3.1113844324228945
86126,3.3147987482842245
86142,3.380851209520334
86147,3.0608498427741404
86149,3.9608431948751166
86150,2.6035589004909836
86158,3.0374124161880767
86163,2.932274273026095
86171,3.014993207701564
86179,3.333016524868911
86181,3.9742644739275885
86186,2.9771023114349178
86189,2.9749927950185286
86190,2.724794256291985
86198,4.607165368644309
86201,3.2146564524922803
86203,3.056706761874061
86207,3.7087133104196077
86210,2.8365141526884283
86222,2.812169551804117
86227,3.0402892231700847
86230,2.736259495383904
86243,3.536463443322093
86251,3.258514963569596
86268,4.866749797756135
86270,2.941461049260888
86276,4.985118281673312
86303,2.512683900828629
86305,3.4327793223901484
86306,3.1949283006685856
86309,2.351973458058715
86314,2.8415544824268144
86317,3.0941575921767566
86318,3.2021211503070943
86332,3.143221896882231
86333,2.9307395103984253
86336,3.0208780095663412
86338,3.048164095173538
86342,3.6027803706440205
86343,2.6209745037729917
86347,3.832601227389209
86350,2.680057925963858
86354,3.142118216201138
86356,3.104754247355578
86357,2.8586859334628216
86358,3.558672142053874
86363,2.799381269404039
86366,3.3049730750676862
86372,2.876788853103016
86375,2.700498930984241
86382,2.9639709120538185
86386,3.0512440034533297
86396,2.7760057432075476
86397,2.8815405047507427
86403,2.8013914636595505
86408,3.882444208569888
86415,3.3212764132192496
86417,5.177256581738831
86420,3.81101755440043
86421,2.406614592589705
86426,3.1280923376983956
86433,2.7272321040716476
86436,2.6425690846444034
86442,3.3047612989810853
86444,3.0205745571870506
86445,3.585434351553981
86461,4.867899544186887
86466,3.0118669594767646
86475,3.671102515103488
86480,5.432790448748285
86483,3.092014753490582
86484,3.590112565461465
86496,2.728536977955433
86497,3.2094128613606574
86499,4.6501848824511605
86517,3.754958306709163
86528,3.8501318396883515
86529,3.073320669064566
86530,3.6371154733292546
86550,2.8475380225868068
86562,3.03420516141781
86563,2.6836443363420486
86567,3.5451125426969803
86568,4.580270008147848
86574,2.986455124988368
86579,3.55165286242974
86582,4.2064298243173255
86584,2.7300530144648656
86589,3.8295451525342923
86593,2.6804520072448716
86601,2.50393504053217
86602,3.544777570084884
86603,3.144508939548557
86606,4.01213694728528
86614,3.2244749662708023
86616,2.761879982723066
86623,3.9123786407345422
86624,2.935987411732351
86629,3.1122492524417904
86633,2.690862500365716
86641,3.464848904683667
86651,4.325054446449281
86653,2.673774988640169
86660,3.0975132417817557
86671,3.1860481447147366
86677,3.6239177718164095
86687,3.436150147833368
86691,3.615416219476393
86692,3.1199730156795082
86694,3.0650468794858323
86697,2.8004155112641245
86702,3.2754218437405744
86716,5.261627903325937
86724,3.174447352141218
86730,3.073058376523048
86735,3.094427650357706
86746,2.445779335551817
86747,3.0940075056219642
86752,4.53498025786066
86756,3.265637541096172
86757,2.657783093743316
86764,3.5623536096536608
86765,3.558695063777761
86785,2.7923446506376375
86787,2.946806238451104
86790,3.2078765131973666
86791,4.389480342970852
86793,3.6408802878357456
86794,4.2080452758469775
86804,3.2593273715155755
86810,2.685830136192349
86812,3.1500336893211913
86815,2.5605311607659824
86817,2.9935159115753844
86823,3.5245114398241353
86824,2.9859193007152642
86826,3.1554246648221276
86834,4.121962065764511
86840,3.3869291606518797
86846,3.126139448883929
86848,4.638948636046061
86866,3.242652092218513
86869,3.1457251345127033
86876,3.224969282486513
86883,2.6005450073499436
86894,3.0176600746834104
86896,3.0402892231700847
86899,3.5305757275797425
86901,3.1030204797566747
86925,3.458990174986588
86928,3.10830228613609
86938,2.8878156528784307
86943,2.607408906305051
86948,2.867015496593942
86953,3.1227132717314565
86956,3.3764676992948384
86961,3.2459040158812416
86964,3.964068796510298
86968,3.148605075262277
86973,3.6266044356581597
86977,3.348225887291388
86980,3.9914622195788096
86997,2.7881070811726723
86998,3.023435324456755
86999,3.264950821762933
87011,3.146893309547248
87016,4.567958444121718
87020,3.4480657004451345
87023,4.080230144603268
87025,2.7215703360186416
87028,3.3041102174126467
87044,3.8177145338793577
87045,3.4993595513514686
87058,3.256905346394284
87064,3.047916355795601
87067,3.147662537277737
87068,3.1526033509319933
87070,3.737403643395896
87072,3.106557527945521
87073,3.1113844324228945
87080,3.1199730156795082
87082,2.6107517417908097
87089,3.6576029729263526
87095,2.8368113719101453
87100,3.272073479686684
87101,3.3757091169089586
87127,3.9147585766637376
87131,5.063204722774414
87132,3.5861446924625247
87133,3.2413638450868794
87136,3.5875722112026436
87161,5.127706366712479
87170,2.528954607945728
87173,5.859292338492692
87174,3.4931594326161046
87179,4.37826517008784
87186,3.0179028401454135
87191,3.255172073869918
87196,2.9582055600250565
87197,2.787289606915301
87207,2.8262641134042967
87220,2.791225543977464
87223,4.082098293464656
87242,2.9251889889476743
87243,2.633042275673123
87257,3.6371154733292546
87260,2.9014848481994586
87271,3.4949608017183826
87273,3.626328430831769
87282,3.237411769098321
87284,2.7289787692771377
87286,2.850613883513083
87291,3.503054500313615
87294,3.5972042046359185
87296,3.1996408963717777
87299,2.932086244495926
87304,2.343752163814966
87310,3.4111422923510553
87312,2.79524824363902
87324,3.8386722958825534
87329,3.221783098049322
87330,3.2322288330961046
87343,5.042787759082167
87357,2.61374598064777
87361,3.087731660000715
87367,2.9771023114349178
87369,2.983061270284348
87372,2.83755769980208
87402,3.5646439236444465
87404,3.2230477130065465
87405,2.8268409637927046
87426,3.1450261149026155
87438,3.2311742450271352
87448,3.7976158431646216
87453,2.7538024662978726
87455,5.632095330452644
87465,2.674533302115975
87479,2.861452305736015
87486,3.7167865201986063
87487,3.0451106921810047
87505,3.4578724687702143
87515,4.561398541498995
87532,2.5978214044167682
87540,2.7797748271948004
87542,3.727219899934036
87548,3.1998289441974483
87555,3.878017345306881
87566,4.374489109598576
87567,2.925778225697734
87569,4.416378692254239
87572,4.541628635206326
87577,2.7095359500451326
87581,3.6673938642412214
87586,3.2040392682344336
87589,2.7430354946405004
87598,4.562683083359802
87601,3.65354301799848
87607,3.0539274968655117
87611,2.843903788912705
87612,2.63669576540233
87614,3.6820710796997367
87616,2.646845580105702
87619,4.016871230307041
87620,2.7405795453534934
87621,3.5912314412191066
87622,2.9693378378001327
87625,2.8814648747579183
87626,3.0051533269399546
87632,3.1796751317076115
87634,3.156740885015957
87640,3.109081259815457
87641,2.8475380225868068
87648,3.0789255081373463
87650,3.1232035269406877
87657,3.7213311665072806
87660,3.0046345300853177
87672,5.414194223602717
87680,3.0284180097068996
87681,2.5974344608884565
87688,3.795421160247492
87698,3.687827578881403
87699,3.116879473971963
87706,2.9844503474006907
87715,2.9825274974671547
87721,5.299552730092363
87733,4.281637080640556
87741,3.1103558089598153
87752,2.804993091723512
87760,4.407751097289966
87763,3.0603436516414835
87782,3.8694992004451887
87789,3.095431714711294
87792,4.595685289426951
87797,3.3887705102448806
87804,5.006880027176653
87807,5.09633971531486
87809,4.571135769285844
87820,3.0457203531030284
87823,2.9318511945870176
87828,3.0038914175418525
87831,3.6661456462954654
87835,3.987148497947159
87839,2.7454896085841383
87841,4.41320853706145
87842,3.729046538551183
87861,3.447145763731417
87873,3.3582416459778877
87875,3.2568591606318247
87879,3.2878116376450377
87882,3.245777902790871
87885,3.6500789153396216
87894,2.7892950255237885
87898,3.2489087379429775
87901,2.9775491031325556
87907,2.676742814188838
87916,3.3486388914643306
87921,3.6642594289275823
87925,4.084647707210398
87931,2.80738186003996
87937,4.583078257943642
87944,4.002218359267663
87946,2.4826032733859145
87947,3.2525054441695604
87959,3.114867963865387
87962,2.9889010652647814
87972,3.733619748235303
87990,3.076344838327735
87991,2.9420886061219407
88016,3.144577239295654
88021,2.5287198166558507
88032,3.6465522886879733
88052,3.697126211432238
88055,3.2227155413632937
88059,3.419228401351688
88064,3.151832500889731
88065,2.9286606965499056
88067,3.595700393775891
88075,2.7034910390331697
88078,2.9353989667958977
88083,3.1022908784079486
88099,3.022644106477046
88101,3.147427710148823
88104,5.249431580160019
88120,3.0537132307055805
88122,2.9423774910113893
88128,3.1813723850129914
88130,3.8416580340019157
88135,3.377039472758272
88140,2.4997055548656926
88144,3.0850330117200264
88157,3.2033298604274245
88166,2.6986848269671975
88167,5.023024655647159
88169,4.588312309657785
88171,3.125375435804645
88176,3.135460456887487
88182,3.3630237376542107
88188,3.6355665832283313
88202,3.615416219476393
88214,3.153328306866341
88227,3.125375435804645
88229,3.146282915253401
88238,3.099645008093145
88239,2.8381655442797755
88246,3.167807304920403
88247,3.120632977045816
88251,3.1227132717314565
88253,2.7687173503120563
88279,5.15857399208047
88280,2.6847504798259183
88291,3.5269173424470295
88296,3.3079293392925653
88304,2.706825614044184
88308,5.243671639199991
88313,2.5428286072560224
88319,3.782102030799689
88335,2.6859406987561956
88346,3.556684093410532
88348,3.0226700781735496
88350,3.4652879743001557
88363,3.1956227678566496
88364,3.0188668846206737
88371,3.6034276262774645
88382,3.4221488568560217
88386,2.95424290019201
88391,2.385148224449945
88392,4.0543861228639875
88393,3.6379780048257695
88395,3.2220807330557593
88402,5.3085554375570965
88426,2.8114067477130176
88428,3.530604884118657
88436,3.4160121003237576
88445,3.0686573126442984
88452,2.572185850027025
88453,3.322695261785718
88460,2.8122087571955463
88462,2.9775491031325556
88492,4.851282766041702
88498,3.311580360662078
88503,2.941804898559306
88504,2.9802757163995395
88512,3.6783902907298147
88520,3.820377602927375
88526,3.243617857151896
88527,3.0218788748909744
88530,3.155203156938323
88532,2.982091745851951
88536,2.7229738001870714
88544,3.4567733890468872
88548,3.500924326205802
88555,2.8319454226025993
88556,2.772496391549469
88572,2.993067326351818
88577,4.312686048321427
88586,2.999870596320317
88595,3.0457203531030284
88599,3.72687361655334
88603,3.1103558089598153
88608,3.137537768880594
88610,4.520363498840819
88617,2.8528336874910813
88618,3.2964703412305054
88624,2.8005835711699962
88633,3.2753665112744317
88640,2.6804473508162148
88644,3.1761041238664847
88645,3.521774814346923
88649,2.734391844464267
88654,3.71921187900665
88656,4.454550704426718
88658,3.094223399125628
88661,3.448364910500198
88663,2.6860786452126098
88664,3.0402325899602713
88666,3.6952239890274345
88669,3.615868779242044
88674,2.833356854626262
88679,3.517772045382138
88685,2.9690441505526017
88691,2.9966101755751673
88695,4.959837469123306
88696,2.8979702057693144
88700,3.4273950113822957
88704,2.6890151159479077
88717,5.354755116538222
88725,2.987213687800037
88729,4.214151492897425
88730,3.2986900263480763
88738,2.9166713603457675
88769,3.0156288471853694
88770,3.380996979273518
88774,2.4258267702372267
88779,2.52880485473266
88788,3.56518887703785
88800,2.8587993510126095
88801,3.653554256536604
88821,2.8801136315196945
88822,4.641477006131352
88827,2.9770253892240084
88842,3.5782676324815084
88847,3.0987659230530475
88854,3.4994907446395422
88856,5.043724821076545
88861,4.032194232298997
88888,2.5460755382136173
88890,3.15604061279392
88904,4.377503195955091
88911,4.652799638790959
88917,2.7045792104039457
88922,2.9771023114349178
88948,3.226046569118212
88950,3.1063468051753436
88951,2.8282712295701016
88956,3.318146111290988
88961,3.8921862951587842
88962,3.0967316553730946
88971,3.0276479610775993
88974,3.2194287462487825
88976,3.199146766873565
88987,3.041728178491807
88997,3.9597643954312876
88998,3.452381927506107
88999,5.19683076087355
89008,3.2214560204913125
89009,2.8961481371949636
89010,2.9359410401996877
89012,3.496994265709314
89021,3.513464759718638
89034,3.100385933235415
89037,3.021302392235001
89040,5.244799836555773
89047,3.2939445834912733
89055,3.7197594722645753
89059,4.579991187692308
89062,2.6671341705592027
89065,2.66859696438461
89067,2.8528336874910813
89070,3.040144402147545
89071,4.30603091650318
89073,3.0217090437985092
89075,2.463549501507047
89082,3.3816850263589866
89087,3.777987907552368
89088,3.0395494951774404
89094,3.280809318776154
89099,3.921825037446004
89113,3.12355718994597
89119,4.570293741178471
89131,2.8460239815768604
89135,3.1022908784079486
89136,2.8945844009954755
89141,3.0423811815325497
89147,2.729621728332509
89151,3.7473041309088875
89152,2.2439102105395357
89184,2.920777378202603
89193,2.891781819676041
89203,2.932274273026095
89220,4.539312511089323
89222,2.9395500392330898
89226,3.57140924898328
89227,2.7491287517722904
89228,3.4290920101832745
89243,3.6535904746192718
89253,3.1251088733622874
89257,3.0518366877058622
89270,3.0656674301555054
89271,3.40753309263323
89272,3.1759138417878563
89292,3.6312664142302102
89298,3.062139056717312
89315,3.1825676657606405
89317,2.8321505901055204
89318,2.486320140488998
89319,3.782344505689354
89326,4.466394511169087
89369,4.613081624125593
89373,3.0613685839503675
89385,3.8721151688123614
89388,3.155792587462889
89406,3.493241047100308
89422,4.580364450024433
89425,3.4465671227278194
89426,2.8121732267078015
89429,3.0294943586899623
89444,3.7125210161003905
89446,2.6849435213726953
89448,2.830627689469482
89451,2.2184792482073092
89455,2.7921064678978804
89461,3.169937961198081
89487,3.215821827574705
89490,3.6552146328712296
89497,2.6507648728491358
89503,4.342520083055054
89508,4.700869674085981
89514,3.459622944588125
89522,4.624602252753608
89524,3.3547770034402467
89526,3.109733545453652
89535,3.5698109910749016
89536,3.6629532812126566
89541,4.43544381002118
89544,5.752003060739765
89561,3.0186084264149464
89563,3.06046817867909
89571,4.227015837259305
89574,3.459990122363208
89576,3.267599822028331
89577,4.335350083813517
89582,3.0650110646351134
89586,2.787983345209116
89587,2.6125189786981244
89595,2.3738012224249703
89598,4.687024051709751
89602,3.2269882982770164
89610,3.5680100696913017
89613,2.752782714966405
89617,3.639812715354042
89628,4.552065833095046
89630,3.5202511788940547
89631,3.093877202533769
89633,3.4300954664608216
89634,2.8198774799782385
89636,3.308051453664099
89642,3.6186928265522416
89643,2.9844503474006907
89653,2.5820421251128334
89655,3.1858156144905307
89665,2.6913714246416856
89678,3.6988872338461274
89682,3.19994269927404
89684,2.3426379465412768
89691,4.9942585892949065
89692,4.576306921851721
89696,3.5660198912533403
89708,2.9617629925751925
89712,5.322261922898932
89729,5.099617298772727
89731,2.821356262974226
89739,3.120440093839481
89744,3.5220210406115853
89747,2.9173033876206547
89748,3.1058355536108464
89749,3.094427650357706
89750,2.7004045251714133
89763,3.10968553182638
89764,4.978492112256304
89768,3.0974987277667996
89780,2.7502880806794487
89783,2.7591069650623434
89784,2.925778225697734
89794,3.618558325458698
89798,4.9003505977907516
89801,3.1723087977158517
89808,2.83250370773009
89810,3.094427650357706
89819,3.189352611272251
89822,4.517349140025685
89826,2.5785695912291535
89832,2.952792004960673
89840,3.2813228343131686
89843,2.6312700903761588
89844,3.25455511433337
89872,2.7192737211365325
89873,3.7237929408349326
89875,3.8226324686699105
89877,5.0667647073042446
89878,4.629209326533946
89885,3.21447284185955
89903,4.5031157442949
89912,3.127653122376123
89914,2.809338244837585
89915,3.6337622389742403
89930,4.267774599076497
89946,3.0110126465040588
89956,2.928863150881802
89962,3.4394815844325164
89973,2.9618590661027935
89992,2.9876552427642062
89993,3.9403391878802574
89994,2.74169601234452
90005,2.884280828394947
90017,3.1124341316333473
90018,5.191972125475258
90019,2.907557712719978
90023,3.597085530409797
90025,3.667501005492383
90032,4.231317734113424
90033,4.647017234200508
90044,3.075945665646648
90045,3.0805151928938566
90046,2.685830136192349
90052,3.9877530504407313
90059,2.8751489818110576
90073,2.78747781712451
90079,2.7556794653593153
90080,3.3079668107303926
90084,2.5986747058952178
90091,3.626409018282769
90092,2.6622398378646435
90098,3.4147752374088713
90100,3.2345605505744515
90108,3.0457203531030284
90111,2.773926414652082
90115,3.646899239295584
90126,2.6458310076980975
90142,3.120615086522132
90152,2.965097049983898
90154,3.1830451961484294
90158,3.0291436404667875
90160,3.551918323767855
90173,3.673017644881704
90195,3.339111748503746
90196,3.176703310836145
90202,3.214408423881653
90210,3.0693375410202903
90217,2.9606330814224844
90218,3.1759138417878563
90221,3.0650468794858323
90223,2.8977989507703814
90224,3.076738248487577
90227,2.752109366761428
90232,2.668513731558648
90261,3.0536363251005016
90267,3.1037867643528663
90268,3.1932599266040365
90275,4.538655301309177
90276,3.099240156677114
90277,3.355643912160568
90284,2.840210451370584
90285,4.540275044421623
90296,3.0874312643713506
90302,2.5338634575599697
90306,3.028194721238836
90317,4.037370511769508
90326,2.7430803398458936
90346,2.6139383847985047
90351,3.1297046206920256
90353,2.641617682059863
90360,4.390940730499062
90373,3.034039864863426
90376,4.6992294295563255
90377,2.6784248990977675
90378,2.991099148318236
90379,3.576615452697223
90388,3.7260049982443713
90390,3.2288892156063005
90393,3.600408555982551
90397,4.7886031679118
90398,4.442225398686212
90404,2.652813736831367
90405,3.2529187016244783
90414,5.097899296758301
90426,4.944564837166897
90433,3.405156223304376
90440,3.024908038611876
90443,3.0937374751527082
90448,3.713484568248024
90457,3.0182517924357386
90462,4.587456790482371
90469,3.092412970992367
90474,3.5655606305891308
90480,4.480475597448244
90485,2.4982749108571447
90503,2.6874407185444547
90508,3.72641434647501
90510,2.841999306901924
90522,2.653985493965311
90524,3.0139258359783727
90534,3.124931080769621
90537,5.166075638440671
90549,3.352446010705184
90564,2.7545330878766614
90575,3.0023425961961134
90589,3.458970045468151
90596,3.5453352064584434
90598,3.0562918697740526
90602,4.047791026749464
90621,3.9976574596488574
90622,3.4888517716932053
90623,2.406740611626739
90629,3.3613518805881193
90630,4.64392031456227
90645,3.16357720718464
90651,2.430065729026396
90665,4.604083136070988
90670,2.6167556417074254
90677,3.6827230925111665
90681,3.520230455860839
90684,2.67185144110008
90691,2.6191533772361533
90708,2.691024393670285
90719,3.002692123200208
90732,2.7558669061988232
90743,4.12705861094748
90752,2.9839401216586414
90767,4.356227754948922
90783,2.7896285243139163
90798,3.159525133688505
90801,3.6319985831741626
90806,3.5224691521814786
90809,3.583449617655703
90816,3.3497313039529133
90818,3.1037867643528663
90819,3.112879562587621
90823,3.2444254429976915
90826,2.898149802097754
90830,4.5050123179773705
90839,3.2328750513395588
90851,3.0372256599584926
90865,3.22101874895645
90868,4.527181668650804
90870,3.127653122376123
90871,4.528406845617434
90873,3.0544955266882488
90881,3.25634221139101
90891,4.626483472786802
90906,3.443395558562531
90908,3.2301613706426777
90925,2.735127235961133
90931,3.602441871402623
90945,2.4925427223654175
90950,3.002692123200208
90961,3.3419587798034316
90970,4.621632604998382
90974,3.0574315896186133
90975,4.335471429160504
90981,3.197742028369504
90983,3.6503329067015495
90985,2.734469905809469
90986,2.720485735793122
91002,3.595700393775891
91003,2.906493562663811
91009,4.105730654252008
91014,3.5586085024331116
91016,3.1227132717314565
91017,2.8512457684061063
91019,3.0030431018243857
91020,2.8222864934165983
91030,2.745056551068825
91038,2.3218454678244935
91072,2.8239314465763945
91073,2.4715803078766707
91078,3.1001154820610677
91080,3.07242994085002
91089,3.6644503813049005
91093,2.6044805686764065
91101,3.2245786063114847
91106,3.1087770965513606
91117,4.9481931159488
91119,2.3578447760325276
91125,2.9606135986250295
91127,2.716143142862977
91128,3.3384643690315468
91131,2.649826602254702
91138,2.6132376483140214
91144,2.9844503474006907
91158,3.4439925712110044
91160,3.0018085446738776
91164,4.4270373660143605
91165,2.680890891354847
91167,5.0823459719618
91168,4.884799498122253
91174,3.443395558562531
91180,3.458581048119701
91181,3.096719447775548
91196,3.5951745962409714
91204,2.6844147854486224
91207,3.155938784908524
91219,3.0618929235405425
91226,3.137537768880594
91235,3.9212226900077627
91242,3.346867888590228
91250,2.895036957346796
91253,3.2674977950701125
91273,3.1263144707068555
91279,4.256778280117556
91292,3.5207209126137027
91293,3.217355238987476
91306,3.1489846682476537
91313,4.646792254436786
91318,3.0940075056219642
91319,2.846789079304875
91327,2.9410289411749235
91331,3.5726432749791743
91334,3.376121236672347
91338,4.568264507789959
91340,3.5466554142431814
91345,3.357003059532679
91347,2.835731249834132
91349,3.0150896279359447
91351,2.521330985710752
91353,3.0247932813789906
91354,3.394492709278275
91360,3.3842261157059093
91368,3.265463860605889
91369,2.668080284830889
91377,2.845653636173866
91381,2.69300132234745
91395,3.3735737866259807
91400,3.1028288233797077
91405,3.526265761004384
91406,5.469424670888284
91409,3.0928047061989687
91427,3.4969824015451474
91434,4.981955162615575
91436,3.059960709026474
91437,5.205273852458954
91439,3.704913584528874
91448,3.0598397361681196
91450,4.591486852381811
91452,2.508043370633036
91454,2.678657464097471
91456,3.205427921333396
91457,3.893857470515819
91466,4.764094515461933
91469,3.622675560770854
91474,2.717532167905679
91477,3.4001397086782332
91488,3.36839156221047
91496,3.5784181576465484
91498,3.4299166494651248
91501,2.848775052634325
91502,2.9537453745982374
91506,3.2549113456990835
91509,3.2929419945064917
91526,3.0562918697740526
91527,2.80323665559703
91528,3.343444631487861
91532,3.034701129654457
91535,3.0425922268360743
91538,3.8971460540520706
91541,4.722045980207308
91545,4.53578679545102
91558,3.062782718026348
91560,2.71810804466819
91576,3.6852077775732477
91580,3.6731448557766555
91581,4.34368310938425
91583,2.8381658159271157
91591,4.038170992829582
91598,3.237022314717174
91599,3.8066152141567597
91605,5.231757846747686
91624,2.9860885188792445
91626,3.431373870974464
91631,3.0148428454552616
91636,2.7972279785754655
91645,2.6269106323186353
91657,3.6410435444463256
91661,3.2841690152934166
91665,2.926325759425683
91666,2.6123064038189576
91670,2.7123785041312174
91678,3.240242310390472
91679,3.4104792156697252
91684,3.0995876908050684
91691,3.557729712589069
91699,3.028024974913887
91700,4.58326351723103
91704,3.085799886518586
91705,4.281463920917171
91711,3.3326462434433983
91713,4.607674521999629
91714,3.0461748534208937
91720,4.604134923622348
91724,3.224969282486513
91727,3.674519047016424
91731,4.3738187885262985
91733,3.246831551754104
91734,2.897896856671773
91735,3.7565759573909023
91736,4.587713044917438
91742,4.381261203477113
91749,3.778626668928137
91751,2.995473308109675
91756,3.5128553356011674
91765,2.9504910721891857
91770,3.362306836556962
91773,5.059722400984792
91802,2.607168902039665
91816,2.714084775136329
91818,3.2949045673084525
91822,3.478008771101279
91829,3.0219969623079295
91838,3.032495083348428
91855,4.613603975898023
91858,3.8378026848782545
91877,3.2825492957936824
91885,3.5436653594251224
91893,4.019946207683641
91897,3.187710682818274
91912,3.1585704169415028
91917,2.869944187669089
91923,3.485048114788285
91926,3.041008163053642
91928,3.1165922426594705
91930,3.2274882096913093
91931,4.312523822061316
91934,3.25634221139101
91948,4.899938138744087
91967,2.8126516391789838
91971,2.445386766626725
91972,3.3305325726916193
91982,2.8145954802554662
91984,3.4224928615891073
91991,3.1442964135292635
91995,4.573285486446525
92006,3.193081056070989
92008,2.886961856458763
92009,2.883265891875378
92022,3.810775483537723
92030,4.603916252529681
92033,3.110063429959176
92038,3.6545986416137057
92040,3.242652092218513
92052,3.3524438435456543
92069,3.0941575921767566
92085,2.699132766876092
92090,2.7502880806794487
92101,2.767184298347221
92109,3.026301831541179
92113,4.573282808971648
92125,3.1451603957187264
92136,3.730338027484385
92143,4.602874745079578
92146,3.0787821491899554
92153,3.1297046206920256
92154,3.0334114848955713
92161,3.61573855357125
92166,3.0347515609770466
92168,2.8627962121236106
92171,3.846053368554087
92176,3.1863747230786106
92182,3.514199152746104
92193,3.4028920424189653
92196,3.892384101350506
92199,2.7185260565624
92200,3.5505685394296567
92202,3.4146850276816956
92206,2.638620805343474
92210,3.131720909259536
92218,2.483049915787936
92225,4.341404855990393
92231,4.5462769488692505
92234,3.056246367668423
92238,3.3508430171799253
92245,2.677335578987565
92247,2.8477630056922902
92257,3.0280450514165835
92258,3.568815960298902
92273,3.9885703711167526
92284,3.2219617425852567
92285,2.9993110060359602
92300,2.732967175142803
92309,3.157786694364967
92318,2.726567881686181
92323,2.8192686489426197
92324,2.8430312346157156
92339,3.009632518247788
92344,4.9841490290884956
92363,3.532759848549914
92382,4.758060406909152
92386,3.6093612351547453
92401,3.0352621594770794
92404,3.2439194151353443
92405,3.5431456596373194
92407,3.2174257338717416
92412,4.307991034625123
92414,3.4743276211384493
92417,3.9527652157637005
92421,3.175276381396278
92422,3.6569445989032348
92432,2.9619941463773327
92450,4.9542525852757615
92470,3.097858360101129
92480,2.85327374344216
92482,4.513300255011479
92483,3.339614286663766
92491,3.2509822116623144
92506,3.7490875329709583
92524,2.991340952799099
92531,3.049336385897372
92536,3.6938650773063166
92538,3.679381606082106
92548,3.7531653842048716
92550,3.003679554375034
92559,3.409124081045108
92564,2.7387793288565154
92572,2.7209962507491245
92576,3.139414928471406
92577,5.45432878093852
92580,2.8142505603609824
92596,4.6997863937124995
92604,3.0591190309237373
92606,2.9506819915007108
92609,2.9867658104951373
92610,4.9949543211164595
92616,4.053028897720003
92620,2.699470804146493
92621,2.915004752226831
92623,3.0461954445936352
92626,3.497343262842481
92627,3.8714072630428698
92628,3.883498658655979
92631,4.5023403939946105
92634,3.0192974718330285
92645,3.226516415643229
92646,4.859769595861335
92651,3.8003329637710723
92653,4.122610908930552
92660,3.304186477406856
92665,4.270053790062818
92670,2.621184937351239
92684,3.014204825993884
92689,3.4016112559038527
92690,3.3738420494108023
92700,3.450691487925249
92701,3.59938621323569
92704,3.6617918092020987
92707,3.7730071123007765
92708,2.7671816299923186
92712,3.3958746096981356
92718,5.356309424881953
92726,2.788049037686923
92738,4.584227458786597
92740,3.8485192957197816
92747,2.8334655872939956
92751,3.3625342199118533
92759,2.946018259847315
92761,3.5415615130711404
92762,3.0290986908702853
92763,3.116685890383637
92768,3.020023488384638
92770,3.2022098203356393
92776,3.1144064316720175
92781,2.962785156119778
92785,2.856914248669829
92786,3.277569683551892
92794,3.6122467832204035
92801,3.136790216986257
92803,2.6906570098823352
92824,5.09309050142029
92829,2.360620206838874
92836,2.838598048462923
92857,3.0941985776079077
92858,3.224969282486513
92859,3.767008852705099
92863,3.327113743121404
92869,2.852761851372365
92875,2.9544548067084424
92876,3.347199047406572
92889,4.348521344319023
92891,4.568360432212851
92894,3.9063315225541135
92896,4.583112213816319
92915,3.3492282138776273
92924,2.835731249834132
92930,4.454311626773039
92931,4.619080145103855
92935,4.892077525959369
92936,2.587447391572426
92937,4.54667359272309
92940,4.987781661632099
92944,3.5639255677633264
92948,2.728710492882355
92950,3.829132082516826
92952,3.2401224768660564
92960,3.2488420406298433
92966,2.9952929485319815
92967,4.612979465590804
92975,2.9729898806835284
92979,2.840392920286997
92981,3.134958282515846
93002,2.653801039786138
93020,3.0975132417817557
93023,3.0885810898580806
93032,3.3441632760392648
93033,2.282759616014765
93036,5.719058962484424
93040,2.6880640318201636
93049,2.9404174609749507
93052,3.116685890383637
93053,3.7168578760925555
93056,2.6789795413799506
93071,3.1828964240885833
93079,3.5531812543389703
93082,3.409625578166143
93088,3.38188011888849
93089,4.936877638369946
93111,3.5883345171445873
93112,2.630102171249974
93125,2.7083439664346196
93130,3.001058717349178
93133,3.7951209950971387
93135,3.1121909690993195
93138,2.8149401838600676
93140,2.3822609933660024
93149,4.5198952384791715
93157,2.9309857142572553
93162,4.422419609616356
93169,3.125375435804645
93178,2.4542492873267125
93180,5.037309105879851
93181,2.7895528699201435
93186,3.630095903241944
93190,3.805918395824783
93192,2.8262641134042967
93193,3.3369264460859456
93196,3.054703431035035
93209,4.164903361986818
93212,2.422290200786057
93219,2.800043113902748
93246,2.830477409046277
93267,2.653801039786138
93271,2.8095448089840698
93277,3.099489551392589
93296,2.668184457959375
93299,3.335912977986539
93301,2.8078651254139992
93308,3.630095903241944
93309,3.705750827874858
93311,2.6784248990977675
93321,3.37463311543099
93322,2.858468129756173
93323,2.9752282899661426
93324,3.837651651768113
93326,2.967208249929406
93331,3.130973569176888
93335,3.0024711249733507
93342,3.22206415547345
93366,2.841367565255772
93368,3.098898254138829
93397,3.1019731946693785
93403,3.08455781513449
93406,3.1079973770444136
93412,3.1124341316333473
93414,3.397864120851988
93416,2.47376327465856
93417,3.2890606354007064
93419,3.118338250182612
93439,3.0277646386233847
93442,3.6143600842160186
93443,2.7202599253285826
93449,2.3519547409696058
93458,3.095769699322222
93459,4.631697653534184
93460,2.9855204981666708
93466,3.3852391566582476
93468,3.7894723703017803
93469,3.001461710750534
93470,2.963752272379409
93474,3.793683682857085
93480,2.6836443363420486
93481,2.7478479858276996
93494,2.534367341915615
93500,4.379998802218074
93501,3.5417090994430267
93505,3.5940631812834822
93510,3.0729716101752547
93544,3.5610503126630366
93547,4.624241247155238
93550,3.0770157506040827
93560,3.650508060014967
93564,3.2607619552021543
93566,3.048164095173538
93568,3.1503274924096667
93577,5.13638355777694
93583,2.8000705987928183
93591,2.69375824048857
93597,2.7468309597071565
93598,2.608907236322705
93599,2.9335972057482325
93600,4.834013107092409
93603,3.157786694364967
93604,3.2782712670397904
93613,2.7896382404601114
93625,2.910082286772368
93631,2.5983555622022183
93637,4.339369577823943
93641,2.9887905073504957
93644,4.2524198900115655
93648,3.011428145580099
93655,2.881695742484645
93665,3.7681608071202857
93667,3.782102030799689
93675,3.794696600201778
93679,5.533346208597994
93683,3.0715433194976733
93687,3.470963607506121
93697,4.31791855714506
93707,3.738456591612389
93709,2.9770253892240084
93714,2.8218199922577525
93720,3.02149043318449
93727,3.1182444794402175
93730,3.048164095173538
93731,2.8051995506981333
93734,2.6482829848451575
93737,3.5624318195931224
93738,5.00229121832859
93743,2.84423102187308
93744,2.3849577428928055
93759,3.817344807758215
93761,2.6694687409584943
93763,2.983765978723659
93770,3.451494813649297
93774,3.1513159052801623
93775,2.6808899095773615
93777,3.5309979489881034
93785,2.7151970740201565
93786,2.686296468883252
93800,3.5389149615501263
93802,3.0540764376078324
93803,3.6347234418443186
93808,2.7468309597071565
93814,3.004140250563744
93832,3.5378239355071797
93834,2.8058775643122065
93836,4.584577818771468
93841,3.063510907550354
93844,5.641652707601649
93845,2.7133841233791607
93850,2.882299564341141
93855,2.950594957791194
93857,3.1021802544075863
93866,3.2883138637240554
93876,4.575781090856149
93877,5.5822890851290445
93878,2.8242524672255467
93888,3.5972042046359185
93893,2.6836443363420486
93910,3.2337924282470114
93923,3.003985711049127
93924,3.099645008093145
93927,3.554436340509069
93931,3.2738866566224507
93939,2.951767179650817
93948,3.1991870537362206
93952,4.621347350332874
93953,3.022333833761322
93954,3.175276381396278
93956,2.9993110060359602
93972,4.598632506358139
93973,5.94601574375521
93986,5.068789513141672
93997,3.9891422753612744
94003,3.287052335876535
94008,2.854766517603216
94035,2.7799299241348905
94042,3.7212693745931276
94047,4.319438755606324
94053,3.0188668846206737
94071,2.711245629757254
94072,3.737822173244194
94077,2.7341328356031482
94081,2.455547542367419
94083,4.69853831123509
94098,4.916327870123275
94123,3.8090032049567664
94126,2.506491941718762
94127,3.0317549893371707
94144,2.9348716461464996
94145,2.9360236737036804
94150,2.983035784707674
94153,3.371307827485902
94178,2.6792895154823357
94184,2.7439211620550115
94202,3.4825982309604
94204,3.0224690393347267
94210,3.9370087631318498
94211,3.1557544767761483
94215,3.0906579165243335
94227,3.551603566029968
94228,2.811895221035312
94230,3.70014691090275
94236,3.387686232071931
94254,2.999129562219024
94255,2.8528336874910813
94260,3.101429735834762
94265,3.06575447276815
94268,3.547941862278011
94271,4.326442378216933
94279,3.4806952425140687
94281,3.6050114335207972
94286,3.52358780816788
94289,2.713167849346961
94307,3.576711503249757
94312,3.3859070055910854
94325,2.745695354832933
94327,3.5465799089886376
94329,4.578257028094409
94337,4.409616934237935
94345,3.569668672884379
94349,3.2287469834434166
94358,3.4239022949367253
94364,3.104960557622655
94371,2.8593953428336585
94375,3.224969282486513
94400,4.578610919905295
94403,4.315369498326101
94410,2.6836443363420486
94421,3.3730072155798125
94433,3.542689317566839
94439,3.053619354389258
94444,3.0668278777643936
94454,3.0074691420578734
94458,2.8433837052279696
94465,2.7146192279991888
94469,4.240665063469311
94473,3.0218788748909744
94480,4.58326351723103
94485,3.4670652636837085
94490,3.1585317144301577
94493,3.1262063514060463
94500,3.9807901550599163
94505,2.9247102044229263
94507,3.446388496744084
94509,3.497885381642733
94515,3.197099323758194
94522,2.908038854957876
94526,3.4637179211974067
94532,3.384929982713094
94571,3.355302976697067
94575,5.473621572675949
94581,3.587172487959018
94588,2.34244217521356
94591,2.597398789095114
94602,2.9101434724612933
94605,4.746716510904534
94608,3.0047178740823997
94610,5.329063794556457
94613,2.841606722514404
94620,3.748467049722315
94626,2.664132026321455
94627,2.536162578259761
94633,2.9900671170417956
94635,3.0668278777643936
94638,3.672572773006651
94639,3.3247242542734123
94646,2.7545330878766614
94647,2.5026467427026056
94653,4.89575722445542
94665,4.598122997370094
94666,3.410526692238312
94668,2.9136266086244005
94670,4.414481953010558
94671,3.3625035293848113
94684,2.69375824048857
94705,2.880902779836606
94707,3.3739536163097195
94711,3.0267433883383776
94732,3.3972625712706623
94733,3.7781538059289175
94746,4.330885840655775
94756,3.578045342037413
94778,2.674741789244323
94788,3.131720909259536
94793,3.4100567084671125
94794,3.0894768290059487
94797,3.199286890984722
94801,2.8388533383985948
94810,3.247242910868752
94815,3.5969280654225555
94817,3.419227961436722
94821,4.897340175023118
94834,2.777918946755339
94845,3.075545499323024
94854,4.175110417795649
94855,2.863824179738831
94868,3.104539095162876
94871,2.7491287517722904
94878,3.810741487502695
94880,3.1196877032717154
94882,2.6408773429132815
94891,2.4782894947436738
94911,3.321272772597952
94912,4.609234468389264
94915,3.1956762339502705
94917,2.842763781141717
94921,3.100665754218322
94937,3.771594797485635
94940,2.423675699333051
94941,2.9911305078481565
94943,3.1278960932787916
94945,3.5657209823605287
94955,4.293248560592948
94956,3.5972042046359185
94965,2.6473372069759176
94966,3.0045898196350023
94973,2.9655508667600072
94987,4.599550234683388
94996,2.687481891128721
94997,2.6673482014914267
95002,3.653234201812923
95007,2.724794256291985
95011,3.652649658449482
95031,3.4317678037781247
95032,2.7828763243627455
95038,3.337680410546931
95041,3.3594987421370357
95049,3.1799617721340643
95053,3.383310478629634
95059,3.036196806499189
95061,3.9065507295089743
95065,3.947294383279568
95068,3.5855293562226525
95070,4.5306513012503125
95073,2.7828763243627455
95090,3.057774802372948
95095,3.2298808111551516
95119,2.734025980824229
95120,2.8228566801479578
95123,4.503873590737477
95130,2.9946960581062445
95133,2.518756389423845
95134,3.3429009648910006
95138,4.466403161326679
95155,2.8051995506981333
95164,3.3088970520001797
95171,2.5239006536654016
95172,4.560613952456406
95173,2.8052644243430938
95178,2.6622398378646435
95190,4.5627541307162485
95194,3.227029509406703
95197,3.0974987277667996
95204,2.946143306973532
95210,2.711983966486526
95217,2.638620805343474
95219,2.515078930770388
95233,3.0461748534208937
95237,3.3821893642220315
95238,3.5207209126137027
95249,3.3851841366628017
95250,3.5623536096536608
95258,4.869456315027268
95263,4.209563435293052
95272,2.8025003158738695
95274,3.113902547829972
95275,2.713670534706325
95279,2.8132302423096047
95292,3.067216786900364
95303,3.8649715247315313
95309,3.156884776765801
95311,3.056706761874061
95314,2.967208249929406
95320,3.0518297779260033
95322,4.698628535967664
95324,3.8842036468808683
95329,4.846665921517637
95341,3.3573140042195977
95342,3.456897075802578
95365,2.8023810379205663
95367,3.626328430831769
95368,4.560337021580339
95371,2.822953848418538
95373,3.018671886245499
95378,3.3731067924274982
95380,2.727694141623432
95391,2.8166329894598245
95395,2.5151316470145413
95400,2.8067407841696412
95425,3.120172067598031
95428,3.1097872586343827
95432,3.113902547829972
95439,3.6924328758294083
95443,3.863075664130937
95448,3.18915100302044
95454,5.662420256292423
95463,4.621886667883546
95480,2.8441602384221203
95485,3.056706761874061
95489,3.1263144707068555
95491,3.2486865927980113
95500,2.727694141623432
95510,3.904631211641324
95511,3.236120868537688
95513,3.1131306530588048
95527,2.6773839412145315
95533,2.9935881800182242
95542,2.740885953534075
95543,3.724831485490209
95546,2.3161524411336605
95561,2.8143529982298547
95573,4.614012702528779
95574,3.1022908784079486
95576,3.0937374751527082
95578,3.5798812690206194
95585,2.973128783854252
95588,2.79890107975336
95599,2.41020273471546
95600,4.355520568584722
95604,3.647509557802985
95613,3.2575245988724753
95615,2.9825028721063283
95619,4.327714295683136
95625,3.4351137747741545
95634,3.195403692561741
95635,2.7491287517722904
95638,3.658703734827988
95646,3.1123277383661248
95655,3.029860657819927
95656,3.0940075056219642
95661,2.6479421868355777
95672,2.8586423062476984
95673,2.892180357120129
95674,3.0063730665074124
95678,3.1494329452156067
95687,2.961407525655865
95691,3.8996477458031507
95695,2.6446057839493946
95702,3.039984923545879
95706,3.955899761784468
95710,3.841046677643517
95713,3.102405504080833
95718,3.4923415335126933
95724,2.5883021091186693
95726,3.1088082584110817
95729,3.0257068894141548
95732,4.1144070209299715
95734,5.077528133943877
95742,2.8720560878308077
95744,2.981695401881472
95747,2.8318601837424264
95758,2.776521973481964
95759,3.053352305447138
95766,3.082367842052723
95797,3.080173118814794
95801,3.8672469407931978
95804,2.9016063904487646
95807,3.590741147540037
95814,6.098452727259337
95818,3.0395972066115706
95837,3.112693663356585
95844,3.5682096879944054
95852,4.538043458509808
95853,2.60074070847549
95856,3.465589181468451
95886,4.3952353431159725
95898,3.127653122376123
95902,3.800665093534811
95917,3.0065573112867385
95920,3.568815960298902
95925,3.1838042929654056
95931,3.08284814483201
95934,2.5939055056096434
95939,3.4381051065698935
95943,3.0957084922184444
95952,2.8577095730800885
95961,3.035098823359246
95966,3.0466363753958725
95969,2.7026278788976184
95971,4.559124781500669
95977,2.4958213800050517
95987,2.5133738578016156
95991,2.8367827121377442
96000,4.5247453369424715
96007,3.1072147524223124
96024,3.0402325899602713
96029,3.4106341906441764
96031,2.9993110060359602
96042,4.496435738098234
96043,2.5769753403466047
96047,2.42863721304456
96048,3.0989351710172333
96051,2.6291451367200676
96057,3.012286727702086
96073,2.7164686199363435
96081,4.516151688319194
96083,3.5102777126753564
96084,3.094427650357706
96087,2.668184457959375
96095,3.3081269162624243
96096,5.096864965176778
96100,2.740527376122423
96101,4.499355195374269
96109,3.4159366844114185
96122,2.747243775773367
96123,3.321107317500856
96138,3.254979300332854
96143,3.7690573992975738
96148,2.6873193276860334
96155,2.938378258814556
96158,3.5578313823073335
96169,3.440229941128148
96174,3.0019341303797593
96176,2.7725971071823245
96181,3.2229664355093757
96195,3.2211439022279262
96206,3.813070352136349
96208,2.6431341892664495
96210,3.499676989640012
96215,2.797397935995493
96217,3.093457939802194
96229,4.91716938987189
96234,2.373765631933529
96235,3.241925544131487
96250,3.734733655620469
96255,3.2138891901671025
96264,3.639368947007028
96266,2.797683967829004
96267,4.569330028494239
96273,2.8957353833468513
96284,3.3226406200690373
96286,2.7607866391768154
96290,2.783382613641858
96291,2.811004621855057
96300,5.415928925365813
96303,2.7482097885023453
96304,2.9997876662654472
96327,2.5981140664918563
96328,2.8991379792802023
96331,3.137537768880594
96337,3.0040155003000657
96348,2.9896631540046226
96353,2.7773245005251717
96362,3.1947239602240898
96374,3.651690154484108
96378,4.072148409510124
96381,3.0168432293428356
96407,3.0789255081373463
96415,3.4192436870601006
96417,2.9375199365131492
96419,2.822512152890252
96431,3.1761041238664847
96444,4.657818564837019
96463,3.231442992385739
96467,3.3961188648518927
96472,2.660504793711084
96473,2.3769640598347954
96476,3.0428528792205007
96485,3.209171140412458
96486,3.125216605589
96487,3.0935860457884448
96496,2.976274016422209
96545,2.313972023055805
96546,2.666589632076574
96548,4.565457669512941
96553,2.8157576111995235
96558,3.1656013309684816
96559,4.226136730146202
96563,3.5628042090431182
96566,3.234791355140257
96582,4.60640839965828
96586,2.991416518363461
96590,4.494905277724967
96597,3.6225864488461026
96601,2.669771853254351
96602,3.0003235224304037
96605,2.6422534445501102
96623,2.7420558353793267
96626,2.6832281907852313
96629,2.59158884739186
96631,4.097907420695687
96643,3.2606999638149436
96650,3.2975289177968725
96654,3.094427650357706
96667,2.9185909618317476
96671,2.9130229634391127
96675,4.6143916253743065
96688,2.8508064099726993
96695,3.653322934543232
96696,3.0137930103139903
96702,3.18283512471353
96705,3.1010582660013015
96706,3.0562918697740526
96707,3.2539841223495336
96714,3.0821617506405605
96723,3.3756174151848817
96729,4.457244297119068
96752,3.025772755005418
96759,3.340537714789428
96768,3.1063468051753436
96769,3.1095050838304106
96780,3.3269932615768822
96781,3.0042467124697723
96788,2.6836443363420486
96797,2.9426660695024314
96801,3.5013207855351585
96805,3.058885416428389
96813,3.1890658729932246
96816,3.396259574882568
96819,3.016877448530241
96834,2.719615638934707
96839,3.1124341316333473
96844,3.311789367677599
96845,3.7088350423779604
96848,2.9679404603980877
96849,2.5182246130874057
96867,3.0356858011878094
96875,3.2061646039883636
96881,3.475651871927007
96882,2.829392113757988
96886,2.956084366059243
96889,3.3192317404922775
96891,3.639812715354042
96895,3.922897989390953
96900,3.002692123200208
96913,3.157786694364967
96920,3.7857872815916265
96932,3.4725085629962504
96935,2.838598048462923
96942,4.463532024129234
96943,3.084966937135535
96952,3.1790926914790685
96961,3.624477881751994
96969,2.962975792262857
96974,2.6836443363420486
96980,2.7543640816127466
96989,3.9752260903040586
96990,2.9935159115753844
96994,3.019735306846744
96995,2.389868895634768
96997,2.7246730156167054
97004,3.283577476169838
97011,3.207954271325254
97012,3.0506406583332875
97019,2.3599830532053616
97022,3.088527324351916
97024,3.560834382284468
97044,3.732130430875197
97047,3.252940345613493
97055,3.0531069333601857
97061,3.590420757028224
97080,3.3342804153846695
97086,2.8602259461967994
97087,3.0087407437026004
97103,4.593100340844307
97104,4.878705910455565
97105,2.703757616824558
97106,5.139483774218682
97108,3.4310448048182733
97110,2.7722750321554974
97128,3.7852648135008895
97130,2.772248598901285
97137,5.3100949021395945
97148,2.7711074908313744
97150,5.081485884501884
97157,3.1888684500968956
97164,4.373055652961968
97168,3.5403938647637805
97177,2.7202599253285826
97178,3.592054407031058
97184,3.5232554212116276
97198,3.437037429280543
97199,4.890757525107512
97201,3.5370808928644086
97204,2.3529492549777307
97205,3.1295851594755484
97210,2.9687241591840468
97219,3.334151998073765
97222,2.9405958482926846
97228,3.687734348444068
97237,3.517736528438464
97239,2.4602585102056485
97251,3.5412536758314217
97267,3.0295221976602464
97271,3.3795010023185155
97272,3.4469269765052024
97284,2.393976171773236
97291,4.561870715675399
97300,3.254177099030696
97312,4.61223628246897
97323,3.639811799704587
97324,3.3647346252398767
97337,3.394945089687279
97341,4.496649282089282
97345,2.9844503474006907
97347,2.6773839412145315
97348,2.4861394555503376
97350,2.937108936639598
97351,4.03208172134681
97352,3.4818298643258574
97354,3.2867968031309327
97359,2.834688199387043
97362,3.3200813323238676
97367,2.728536977955433
97376,3.1137446808832117
97381,3.4139716716687536
97388,3.2738866566224507
97394,4.613956358512926
97395,3.355037372633569
97406,2.597027132978769
97408,2.7101596787912863
97411,2.81162385470828
97413,2.3509367922097466
97429,3.0940075056219642
97441,3.2714533735205045
97446,3.5017069971597894
97450,3.648335321392019
97451,3.1063468051753436
97455,3.4865852143918237
97461,3.0461748534208937
97464,2.386130057483962
97465,4.551279702156935
97469,3.362726880997875
97476,4.627653021502246
97477,2.7142578709835843
97478,3.10702631958476
97484,2.7504961330142748
97492,3.120172067598031
97502,3.2037430027207443
97510,3.100846230504788
97517,3.3387026967572195
97523,3.2061007436638773
97525,3.002191130780132
97526,4.507603890847115
97528,4.585751475710455
97533,2.8084857383938022
97538,3.645607879015287
97539,4.558329826345757
97542,3.474050247077733
97552,2.7393556448617047
97565,4.09216842182679
97569,2.768599657508887
97570,4.619514977337091
97587,2.927430963051414
97588,3.201271418826879
97589,3.183738136498969
97592,4.746751706285792
97594,2.8409741366838857
97596,3.325376723922256
97602,4.433285901047321
97606,3.173984593323329
97610,3.11487102835492
97620,3.002583118026876
97621,2.5926362259808573
97640,4.132900476646398
97653,2.3560583160700053
97658,4.854208763930922
97663,2.6434558604144414
97664,3.0428528792205007
97668,3.190237880362047
97669,2.5583486450277446
97670,3.9249403268344536
97686,2.9840027804973768
97697,2.9269062711831633
97699,2.677682653136861
97711,2.7777969157849296
97715,3.0551818241254285
97721,4.521220318556301
97722,3.3366114218009777
97729,2.906155518951784
97730,2.9664473733940464
97733,2.6344390863482823
97743,2.968531887938389
97747,2.772219283599392
97750,3.13805921244946
97757,3.057774802372948
97758,3.4778943129109763
97760,2.6773839412145315
97765,3.0474697538285875
97766,2.883124575958295
97782,3.2188451448401545
97785,4.653529801705387
97786,2.946172124695927
97799,2.7503124207231444
97802,3.10830228613609
97806,3.011008229703667
97810,3.50941959345328
97822,3.306483707211283
97826,3.0691495599883787
97827,2.465826739473885
97828,4.241245497093774
97830,2.8121593841527703
97835,2.6551750012765596
97838,3.519939890223691
97843,2.715308938982717
97844,3.7063704489034475
97858,3.4858701423373977
97865,3.0425922268360743
97868,3.919425776961271
97873,4.397072753987709
97878,3.625037957040132
97879,3.522089863506845
97881,2.980204262842641
97883,3.1596805388019784
97887,5.025105609778131
97891,3.0461748534208937
97902,5.84307136691431
97905,2.861130141963721
97909,2.9630827094867276
97911,2.8051995506981333
97913,3.224969282486513
97928,2.611281785491386
97945,4.4616361410218435
97951,2.7018496860213803
97952,3.639532367255035
97965,3.128402101688893
97968,3.1838679482945538
97973,3.1686764654589252
97988,3.125375435804645
97990,3.0147922507132416
98006,2.99143381930932
98008,2.800497598950558
98013,4.6580051371137206
98015,3.620288798791665
98017,2.7157384048735658
98019,3.0051533269399546
98028,2.650319190356552
98030,2.799423171590019
98048,2.9932460006248713
98050,2.806229196306036
98054,3.6734143222139544
98061,3.114027896187534
98063,3.6439799559916306
98066,4.6143916253743065
98076,4.556389538703308
98079,3.1645979429632645
98094,2.648951951025486
98095,3.3281172272415542
98112,3.48324200182067
98119,3.3604981212653064
98123,3.1042067484761486
98131,2.967208249929406
98137,3.8998077144276215
98163,3.134958282515846
98174,3.235959268933557
98175,3.093877202533769
98178,4.823209247242232
98182,3.652860619702171
98183,4.356877476706222
98185,3.0628249543528283
98199,2.6331159308329135
98213,4.607686970060066
98218,3.543795580700241
98222,2.8025003158738695
98223,3.057774802372948
98229,4.593376667254026
98238,2.505744450861229
98241,3.3389959914430762
98245,2.84907231864415
98246,2.985232344524641
98265,5.222811532914773
98270,3.0551531090953823
98273,4.355772511296796
98274,4.616956025758491
98279,3.064951316595651
98286,2.58624966714461
98298,5.446579634331771
98301,2.641753802754129
98304,2.8283567248437644
98310,4.602977719597059
98326,3.204429641607237
98328,3.5318095891877688
98333,3.1155937034679972
98370,4.575243942808596
98371,2.3424935612051065
98383,2.9141833438451084
98386,3.4874477983217473
98396,4.718510476277262
98401,3.2586701372246005
98405,3.092343256500894
98407,3.0094559707914152
98415,3.431614397408256
98419,4.8318030315927665
98432,3.0680899016689995
98436,4.173960664915038
98439,2.8562741387189345
98445,2.776543663013955
98448,2.9217059160370966
98459,2.6734785444592912
98466,3.3257485666167
98473,4.3621835840578465
98474,2.78759735113919
98485,3.0319753031461243
98487,4.050986089891882
98488,3.055123424022314
98505,3.6006692588458353
98509,3.0857602953226064
98521,4.637390219362915
98524,5.423308050982776
98538,2.6325073960947853
98539,2.904396075453325
98540,3.015041672311611
98545,4.611467607193603
98550,4.440920738060624
98553,2.593676233147072
98567,3.1976444221358915
98568,3.3905870891264684
98575,3.2883138637240554
98578,5.0213417123526956
98584,2.84423102187308
98590,4.622921423524732
98598,3.0512440034533297
98605,2.728313043050809
98608,4.570773772332311
98612,3.1670994835214064
98616,3.5180736329797804
98623,2.9461678927430657
98630,2.875242304780784
98639,3.7166046826640358
98643,3.5210866606105267
98646,2.6823511213384092
98648,2.4725749853697723
98699,3.6904616591201016
98703,3.267964353275207
98711,2.691024393670285
98720,4.005009761868612
98723,2.825506896647136
98734,3.030499318550592
98742,3.8975207440245185
98745,3.0225163799132067
98765,3.088569071996221
98767,3.127653122376123
98769,4.029868393437138
98775,3.626328430831769
98777,3.754415350814392
98788,3.1552693281704434
98793,4.626483472786802
98799,3.014789697204955
98805,2.707233143373661
98808,2.8004349542899822
98811,2.3182120249809737
98814,3.070471275195941
98823,4.642978526458549
98827,5.284124914079701
98828,3.5435499643610777
98832,3.1122492524417904
98836,3.084600167899294
98837,3.1463036130265123
98838,3.420606171519807
98840,3.038367425303628
98844,3.4768238967205747
98850,2.8494409965049803
98855,4.211186379283372
98861,2.6540264671750617
98863,2.784323637797973
98866,2.8160416830821684
98869,3.333568623497616
98874,2.8831218081749355
98882,3.0485853580133226
98885,2.8307212615087187
98889,2.674278880253048
98896,3.125375435804645
98897,2.851605253325484
98901,2.414727558276213
98903,3.5013207855351585
98909,4.148470031405798
98919,3.49042256341275
98920,3.0402892231700847
98934,2.895180101500511
98936,3.5447304702683624
98944,3.1143549536016417
98952,3.1214904346544423
98953,2.96650788026984
98956,3.419884341347844
98960,3.0033998341812653
98966,3.6852077775732477
98971,3.160544592556245
98987,3.1063468051753436
98990,3.189539181537159
98996,3.2207823609673416
99003,2.867124646023209
99004,3.946233508673223
99023,3.478327908389706
99029,3.5968622212433248
99032,4.092914987443596
99055,3.0503241967274466
99061,3.0402325899602713
99067,3.6322658878351124
99076,2.6580748794677787
99081,3.5010963632699985
99087,3.164172737101002
99101,3.093877202533769
99107,3.131720909259536
99109,2.3668358717285183
99123,3.35940135597035
99125,2.7973703133979337
99129,3.000546234189452
99131,3.0076423344116803
99136,3.9879204704948354
99171,3.3730072155798125
99195,3.1563935474108553
99198,3.8532843542588306
99201,3.5899728747541024
99204,4.643651296736347
99212,4.897160006106468
99217,3.1588652823557215
99230,3.0526991504198153
99233,3.5663902140985977
99236,3.294885900540373
99245,4.437951881274291
99246,2.9769771064574613
99253,3.114948159768647
99260,3.092343256500894
99266,3.120172067598031
99272,2.4824587548033397
99274,2.7950635908975494
99279,2.5294546912920444
99281,2.712392478726195
99283,3.403875485232417
99295,3.9083770243735434
99306,5.039687823886421
99313,2.834688199387043
99317,3.1299849738678938
99319,3.2620074578627993
99325,2.5049513920351263
99328,3.0551818241254285
99332,2.5537670806731105
99334,2.756846624263313
99343,3.443395558562531
99345,2.7442279242963807
99368,3.513464759718638
99374,3.6354332417249173
99378,2.840392920286997
99379,2.6773839412145315
99380,2.933266799345262
99383,5.099641481294388
99385,2.631569570948723
99387,3.459925599962733
99392,2.8716609768238226
99393,3.2904818966799345
99395,3.495345197742739
99398,2.876545278512193
99405,3.115523473171563
99419,2.583457294696578
99420,3.125375435804645
99443,3.057774802372948
99447,3.0012613669724133
99455,3.1472212337310497
99459,4.314625149937837
99461,3.6093612351547453
99466,2.5361199935717904
99479,2.6424679400410973
99481,4.526342522132098
99489,4.655488229832841
99503,4.157142697820603
99506,3.887287125830218
99510,2.6407252980686975
99514,3.4612298496327893
99515,3.073824724123856
99518,2.798176273978558
99519,5.579225479933921
99521,3.070931389750934
99523,2.9853705732320686
99527,3.2138891901671025
99529,3.4439925712110044
99534,3.051860498569893
99543,3.24514656067549
99549,3.024800914926431
99550,2.8122665648027447
99552,3.068249385770672
99557,2.3898833462387774
99559,4.5814075193108
99560,3.34290645315284
99575,3.3925895644911543
99580,3.6818337648714707
99588,2.5599674414819087
99592,3.5121014258438352
99595,3.2770488541591614
99600,3.550825264967305
99601,4.071832860885061
99603,4.3439856361853115
99607,3.803225717441732
99610,3.247725881426052
99614,2.8486416849502527
99620,4.753104556773666
99633,4.04021976742702
99645,4.5796451954991415
99646,4.619348059089999
99647,3.5406876687886695
99649,2.678695676060607
99652,3.807890755636877
99659,4.469272307547136
99662,3.5889859308495167
99674,2.6039566712114994
99675,4.087531372592895
99677,2.684044612854475
99692,3.125375435804645
99698,2.963323510348334
99702,4.0480880970207584
99708,2.9562073268929345
99709,3.0563178204586343
99712,3.1063468051753436
99715,4.540626371863147
99717,2.8466590036151653
99725,3.291455823335653
99737,3.3308166586096117
99739,5.252437895356049
99741,3.0903249515417976
99747,4.3413336529826765
99760,2.95424290019201
99780,3.621584266566126
99781,3.1058355536108464
99783,3.0424685061939187
99791,3.0834580942804113
99794,3.5106680998228756
99801,4.630800259467299
99802,2.789950989785189
99809,3.3895233366426294
99811,2.8415544824268144
99812,3.1336668225646274
99818,4.442412506106867
99827,2.9583562929708145
99836,3.12183316979568
99840,3.3389160400208917
99848,3.2207823609673416
99880,2.7844707608809305
99884,3.8973614792457916
99886,2.925778225697734
99887,2.8863469736666363
99891,3.307065737313613
99892,2.7671334178159346
99907,3.0392009426540834
99911,4.476754808169149
99913,3.0067793357747914
99927,2.8579239859581023
99930,3.5969280654225555
99935,3.1099737659844173
99937,4.435036034513325
99941,2.5400850412991662
99943,3.0186084264149464
99944,4.5821781326275675
99947,2.8138040128822985
99954,5.348420067452109
99956,3.021190679134642
99957,3.472482471286022
99969,2.853085429434555
99974,2.925778225697734
99989,2.7412579345734134
99996,3.073058376523048
100010,2.9055150255857627
100012,3.231504595643145
100016,3.6986259057946578
100020,2.9817338809494593
100031,2.5379997788879356
100032,3.2853715256513545
100036,4.311798530338809
100042,3.377772118762393
100047,5.0216834576288445
100049,3.5912314412191066
100060,2.497463926394538
100069,2.8577131571042047
100071,3.147790572070038
100075,3.131720909259536
100088,4.325881793294812
100094,2.727694141623432
100100,3.0452547024467114
100101,3.0567838311121
100110,3.3597839412764583
100111,5.332928289352805
100123,3.7613381068720755
100126,2.5966952938248693
100127,5.043724821076545
100130,3.1115513169179954
100137,3.139901380232396
100142,2.782406174799334
100146,3.3298738850004033
100149,4.530648869404719
100153,2.8139445234068416
100168,3.0360473527932617
100172,3.326785084761451
100177,3.1469261045610724
100185,3.1241135411249137
100199,2.8195009456325932
100201,4.972175973027303
100202,3.370842778887343
100208,2.8917680579659293
100210,5.294250014608734
100212,2.7187806330146698
100228,2.8027651744956916
100234,2.4237631181463466
100235,4.719027278315672
100236,3.1019731946693785
100239,2.6836443363420486
100247,3.1001154820610677
100265,3.2839321471938487
100267,2.835731249834132
100295,3.5724428922935405
100297,4.6143916253743065
100310,3.087947745382852
100312,3.0145973122329406
100317,3.503490271444767
100318,3.2994765689149363
100319,3.0792133744694548
100322,3.0221614654852105
100341,3.0717848859693233
100342,2.791225543977464
100343,3.1038280154303073
100344,3.0474697538285875
100345,3.458585650553897
100349,4.593873270254572
100358,2.726380318257739
100363,3.127135091600028
100365,4.455408358002154
100376,3.016333459434206
100379,2.561600200069488
100383,2.7249495084672164
100388,3.012840015668509
100389,3.0823702102896973
100392,3.0607228643626283
100414,2.983619859953608
100423,3.41174447120343
100428,3.3953971308487207
100431,5.7273631673767
100436,2.981415834796727
100441,4.592250798566968
100448,3.3207044788196884
100460,3.0531069333601857
100477,3.5435499643610777
100482,3.922571812144365
100483,2.7640560311875007
100485,3.653322934543232
100513,3.1078528625451978
100522,3.0230592513986525
100527,3.2004889230616285
100545,5.29933730891639
100547,2.9855204981666708
100551,2.9895766820161604
100558,3.0919028740834547
100559,2.593364590997786
100564,4.300582524853978
100571,3.0786778506118972
100591,3.314063022028719
100592,3.093563572156831
100599,3.3958294516769953
100607,2.6937993965370013
100609,3.2712080935938057
100621,4.575694711893756
100627,3.7238687339807557
100653,3.015929033397959
100655,3.4552383680762673
100659,3.083567888031476
100661,3.5956945355181857
100663,3.1411431883994125
100667,3.004140250563744
100668,2.946404853793946
100676,3.0828895436913917
100679,2.394860433545462
100680,3.00329839375764
100689,3.0819094420427495
100701,4.459479576493402
100716,2.4961199047376477
100725,2.9533055767241287
100728,3.599336282645659
100729,3.125375435804645
100731,3.40960151267895
100733,3.270054848437389
100734,3.697757202852827
100739,3.2030846228400303
100743,2.7979436714532646
100747,2.811638213995791
100761,2.530539110849277
100771,3.0023911622445585
100778,4.847013514901009
100785,3.0074691420578734
100796,3.129780565340285
100803,2.894587413218152
100804,3.278569776462446
100819,3.5945297818389763
100830,3.121378205437923
100831,2.5379519502958514
100837,3.276552369816821
100851,3.102405504080833
100854,2.9775491031325556
100859,3.2372745413454442
100860,2.7434994912223867
100862,3.7028507028229805
100867,3.3322355778502644
100871,2.911179539004193
100880,4.534824759932925
100886,5.074086406845716
100893,3.7346061440216674
100900,3.3141833193237025
100903,3.044101158463853
100905,2.4702636756649134
100915,2.760539966078487
100918,2.9404174609749507
100920,3.068249385770672
100927,3.687284527678754
100938,2.734664277097519
100939,2.6682554448514963
100945,3.9882925851724087
100954,2.7545330878766614
100959,3.0941985776079077
100963,3.038072649041672
100984,3.2943774194071187
100990,3.5673951892966698
101000,3.401505868297509
101003,3.5105911696381606
101011,3.276036722568286
101012,3.4837197999703164
101034,3.163001046899079
101048,2.9855204981666708
101050,4.004147183212389
101052,2.8043183022024825
101098,5.076640813532238
101099,3.5865533789841457
101106,3.3821100250967637
101107,2.8186868913839147
101108,3.780364829495695
101116,4.647344975827934
101117,2.919218425601497
101126,3.1507016352566315
101140,3.4834835979294003
101148,3.4445287296561915
101150,3.127653122376123
101152,5.3614574600029
101165,3.163727967394711
101178,3.0188668846206737
101179,2.4956135463838574
101184,2.9898135327575064
101186,3.7992427346216466
101187,3.2329789621206158
101194,3.403822209833058
101212,3.0530729777431986
101213,3.0634702338921875
101219,3.134958282515846
101221,2.6849191672386263
101237,3.0139955571718753
101243,4.515941257600002
101245,3.0998033841798986
101246,3.131720909259536
101253,3.45965683310738
101255,3.1120428452133964
101266,3.6109775866376363
101277,2.963323510348334
101285,3.18284996179125
101290,2.534583338688976
101297,3.3137830422979464
101305,3.1933014911236985
101307,3.475651871927007
101316,3.0503851775736273
101321,3.2625923236295984
101330,2.9382622015381346
101335,3.220846876371994
101362,3.2528988878739886
101370,3.7936383147083768
101371,2.6836443363420486
101379,3.7462546135845667
101380,3.219503140599342
101397,3.1803052004220502
101399,4.48155650119295
101400,2.360636375406192
101407,3.871942748027959
101408,2.998730410339592
101426,3.3356405555946123
101432,3.5951227683984244
101433,3.6009894947513823
101446,3.2220157775355207
101451,2.4793912458635057
101454,4.40369537884501
101457,3.9029054973175166
101463,3.2737901971081134
101477,3.1670551404472125
101489,3.0532517979754425
101493,3.254765644764423
101509,3.2598274432048546
101510,3.0238343808972163
101521,3.373562883503335
101524,3.030803496692102
101525,3.623793180825952
101531,2.6505108866310407
101536,3.7933929642057906
101539,3.192447776480466
101541,3.6418488171832073
101545,3.1693047227673707
101548,2.9165272161562035
101553,3.183973380163589
101557,4.2009963155641685
101562,4.929665160801346
101571,3.3213851392073206
101573,2.583038195436735
101579,3.162794623416854
101585,4.583892134830122
101594,2.9425166537707863
101597,2.8863469736666363
101602,3.2505990321961566
101616,3.458677161708146
101629,2.729621728332509
101631,2.6792895154823357
101656,2.97112874260141
101660,3.08571021507227
101665,2.7682680457297644
101684,3.3904037850637576
101690,2.9748364060234875
101710,2.7777969157849296
101712,2.5943060947763215
101715,3.1103558089598153
101735,3.220846876371994
101745,3.5169433395599583
101747,3.3967761698261816
101754,3.368305599573111
101778,4.5778622340863775
101779,3.4346562036734625
101781,4.0057605025998
101800,3.5881611665034407
101819,3.0039308954926613
101823,3.1037867643528663
101824,3.131720909259536
101835,2.546741374112189
101836,3.276374125273365
101841,3.6746092694671066
101844,3.018709595994237
101855,3.0457203531030284
101858,3.1227132717314565
101864,4.65085907398107
101877,3.116607934925027
101883,3.414507999228676
101886,3.1837948749181293
101890,3.093877202533769
101904,3.0266219446187046
101905,3.6696228699249245
101908,4.406447602025801
101910,3.3276911371120947
101918,2.911889090450767
101924,2.768599657508887
101925,3.0862828738253967
101930,3.5256680404246934
101931,3.567513286264871
101943,3.051330385995028
101944,3.0461748534208937
101947,3.1086046945267602
101949,4.569047497425755
101959,3.6734795279635617
101980,3.2914478711639377
101981,3.703608792773802
101983,3.573904194980449
101990,2.916283375787567
101999,3.026783311803623
102000,3.407170674888168
102007,3.129375676188811
102010,2.81057802108667
102016,3.4745636945016636
102017,3.7992427346216466
102021,2.6038987547655204
102032,3.1627047897606024
102040,3.4269876631092284
102043,2.5428286072560224
102044,4.400249719590919
102057,2.7101596787912863
102060,4.420959158734298
102064,3.9888529239340897
102065,4.204960037712925
102067,2.79426869896382
102079,3.490712975507899
102083,3.032701023326218
102085,3.6738426143804723
102087,3.6542759663970106
102089,5.483374454366734
102101,3.221783098049322
102110,2.7442279242963807
102114,3.8504634619210396
102116,4.167597316631151
102119,2.8475380225868068
102125,3.206760257359805
102136,3.205468112883013
102138,3.1063468051753436
102141,2.7545330878766614
102145,3.6954746149836097
102146,2.993067326351818
102149,3.69478443701378
102184,2.9675309033600104
102194,2.995238528256762
102199,3.175276381396278
102204,2.724794256291985
102205,2.9646447009602626
102208,3.8005439657183784
102232,3.4830448422538254
102234,2.7133841233791607
102248,2.8910735970386496
102249,3.653322934543232
102250,2.5909996357699057
102257,3.692353853319857
102263,3.8340525904968885
102266,4.366751282870853
102267,3.6642594289275823
102269,2.907969344873914
102273,3.18643031002416
102278,3.377597065187601
102281,3.088527324351916
102285,3.1063468051753436
102290,4.751171937498594
102291,2.6841798395381162
102292,3.6681311693189054
102293,4.451516330544539
102303,2.9935159115753844
102307,4.635998920897868
102329,3.474050247077733
102333,2.7123687544166
102336,2.768583340041071
102349,3.2512294783169784
102363,2.618489335224224
102365,3.099645008093145
102367,2.3606949407472477
102371,3.094427650357706
102378,2.6982359005030396
102382,3.5407729500181895
102384,2.6073670698716223
102387,3.114948159768647
102397,2.9535605694984954
102402,3.326397168587759
102403,3.1193246671657433
102415,3.7650763451736022
102419,5.063684546096686
102423,3.513464759718638
102427,4.884412038429231
102435,3.4154118807636715
102438,2.9455516105228887
102447,3.553957267658145
102449,3.0974987277667996
102455,2.7160487964158464
102460,3.2121277158539465
102461,3.1307073749456418
102468,3.137537768880594
102476,3.519939890223691
102479,2.998525541945212
102491,2.991416518363461
102500,3.563521816590858
102501,3.0875044681139068
102504,3.0578909585350362
102506,2.929402302452048
102514,2.6348283085928794
102523,3.1227132717314565
102524,4.736318843985854
102530,3.304865933113272
102532,2.60074070847549
102533,2.585228067091217
102534,2.9425166537707863
102544,2.900723264486094
102546,4.787389058830611
102547,2.9935159115753844
102551,2.8547836501685993
102553,3.5938487970625093
102555,3.1128266944838345
102557,3.00660431494569
102564,3.0069132520647286
102573,2.709950317283208
102577,2.5157712530710725
102586,2.9844503474006907
102596,5.020020181708895
102599,2.6832281907852313
102600,2.787636241425667
102606,2.7154101679409757
102609,3.0531069333601857
102612,3.41715667530397
102620,2.751095122413366
102622,3.418800502074792
102623,3.4391388226155417
102635,2.633140156103045
102647,3.739210729385534
102655,2.4426916787131794
102660,2.7133722774240723
102663,3.0461748534208937
102672,3.1299849738678938
102678,3.517104059868632
102690,3.168445374817396
102693,3.6617602048365385
102694,4.5787991288443095
102697,3.007415449385256
102700,3.0539274968655117
102701,4.620178017170413
102703,2.7025533118702096
102710,3.35248072090164
102715,3.9516990740427342
102717,3.3306823061514645
102719,2.622766101410276
102728,3.210105774788885
102737,3.048021783994198
102741,3.0542953035484985
102742,3.279682242474967
102743,5.379397724559284
102745,3.512886408967929
102749,2.670115815348694
102755,2.9999634705928906
102757,2.800119574574587
102758,3.970149534315522
102768,4.559427998363765
102769,3.035900695029909
102770,3.335281703497464
102773,2.57036560735325
102777,3.990017627661465
102779,3.6157448134425936
102791,2.740868165131748
102794,2.9102200080384755
102799,2.454549461194252
102802,3.5022284344243793
102806,2.6748514754991457
102810,3.196246789433306
102817,3.0456243308386877
102819,2.9037183424926427
102832,2.8062354425267637
102843,3.011791595153252
102844,2.7365918360965282
102845,2.6306671048268524
102846,3.2169191268973294
102847,3.025698274079215
102850,4.271696356509452
102865,2.892193156679582
102878,3.122543153874617
102882,3.4227793813401988
102888,2.7809507711500006
102892,2.6707858400727114
102895,4.102719668203683
102900,2.9318511945870176
102902,3.1569800854424246
102911,3.137441721461053
102923,3.1103558089598153
102925,3.6474977387776675
102938,4.829248203247602
102954,2.8384631489783376
102956,2.7898069061393582
102958,2.5363610011252296
102959,3.1761041238664847
102963,2.8919876139339054
102964,3.3518319298527164
102969,3.303693959663214
102978,4.570130667236946
102982,4.447798108831591
102985,2.96323902610351
102988,2.5709840921735676
103000,2.9685482922399844
103001,3.6504858929650243
103002,2.711405377148787
103010,3.414621205011981
103024,3.139975833152487
103026,3.4602850362987176
103032,2.8613694971004895
103038,2.8494714147931948
103045,2.5944446521174607
103063,2.6650289131488676
103066,3.972824713472122
103078,2.8666003654720615
103083,4.262653474917589
103085,3.12112630028724
103112,2.7019987235170477
103129,3.57145930483662
103135,3.1790926914790685
103142,3.1122492524417904
103165,3.3816789010683412
103170,5.918440570706539
103171,3.131720909259536
103173,2.808785813019079
103175,3.089253247287099
103178,2.9581031996286855
103183,3.4567507881546717
103187,3.558815905516271
103194,2.592935124432032
103201,3.1918616422991946
103228,2.9420963193871703
103230,3.178615952519035
103232,3.3172037424240766
103234,2.8229732140130026
103235,3.6771256023379566
103242,3.1724612303025364
103268,3.4046033732383822
103272,2.7545330878766614
103276,2.6399385408336955
103296,3.0531069333601857
103302,3.5366009290553015
103305,3.3510796846143522
103308,2.906155518951784
103316,3.404045545561496
103320,3.639856041290898
103330,3.0941575921767566
103346,2.9613714464425156
103347,3.9369321820204357
103357,3.1063468051753436
103361,3.9936160762849813
103362,3.257343786182382
103368,2.7491287517722904
103396,2.788964622518136
103397,3.222440519182246
103401,2.714460425375826
103407,3.8466539182101935
103410,3.1074546372639302
103411,2.7797748271948004
103412,3.7439120722058616
103420,3.6230370318295906
103438,5.070900835362009
103444,2.794363162618378
103452,3.2642956394510456
103469,3.4185106250318773
103474,4.4947780045236065
103494,4.322390205794635
103498,3.2602924033873877
103513,3.6782456921095976
103514,3.0634702338921875
103515,3.122543153874617
103523,4.0593839486477235
103553,3.4279955719632995
103556,3.368538574311497
103562,3.0823484229892246
103566,3.20840209068927
103567,4.978917734676182
103578,3.2207823609673416
103580,4.330291955737664
103581,2.9487363844980656
103590,2.5444875678677827
103592,3.1338631246784012
103600,3.823518808031444
103608,2.567315960996982
103611,3.357003059532679
103612,4.335249958727184
103613,3.137537768880594
103614,2.874297236774638
103649,2.435640260033096
103657,3.1196140726835075
103660,3.6157611630448603
103670,4.2810093198385495
103675,3.447476698686074
103679,5.100626859802441
103686,3.377239389637888
103690,3.623706156274226
103693,4.736134686991375
103695,4.646035087381018
103707,2.95424290019201
103715,5.139455036395806
103722,3.014988033540857
103727,3.354994151643523
103728,3.37098600902083
103745,2.843598810292724
103756,3.356683942293823
103757,3.1238580393806945
103762,3.0984619602259897
103763,4.61587915029749
103772,3.0710484995942333
103774,4.216085270346041
103784,3.0853799019196537
103792,2.882299564341141
103797,3.221843357943862
103800,2.83755769980208
103824,2.8824446455282526
103825,2.633619233497334
103828,3.0899444799495552
103833,2.9618255192942033
103837,4.728350004081755
103839,3.0909164364808164
103840,2.9004136885373075
103842,2.474757591767786
103843,3.8804754482731814
103848,3.0659754556368606
103851,3.588735970379711
103856,3.3817330159509678
103867,2.806526680630407
103875,2.899642513047801
103886,2.9652816925799974
103891,3.0562918697740526
103898,3.089030148946762
103901,2.8123298904090053
103908,4.305048419577504
103911,3.626328430831769
103912,3.6642594289275823
103922,3.975587312208617
103934,5.615211224038827
103939,2.5826263953259847
103944,3.494228030830178
103948,3.692718254660578
103952,3.22206415547345
103955,3.0051533269399546
103966,3.5174950094299735
103978,3.9702270577503462
103981,2.7155261212280233
103989,2.988150349471379
104010,4.69621438917895
104012,2.5220714739287717
104013,4.631815126916214
104022,3.0438346878394014
104040,2.562571257826692
104055,3.655557722896149
104056,3.055123424022314
104059,2.5034405475596397
104067,4.418822613237626
104070,3.8218597153819043
104081,3.240526432857163
104082,3.406122480374696
104085,2.584062276068817
104093,2.555949754304763
104096,3.1124961668887634
104098,2.679330846126761
104099,5.188538835966157
104112,2.7260759371883005
104113,3.085742858968816
104114,3.1504806781578205
104116,3.7992427346216466
104122,4.77086937604187
104123,4.376415114709754
104130,3.167419007004485
104131,4.352512473210784
104135,3.0586324830890774
104158,3.2364171282417415
104161,3.032328748536451
104168,2.9681241487667216
104182,5.499518989048059
104200,2.8023810379205663
104201,4.025070030307271
104204,2.74338800222198
104208,3.2802867934469435
104218,2.7938171786777732
104222,3.2946101164098267
104223,3.151684077654308
104230,3.216824428370491
104243,2.733446631790919
104244,3.093457939802194
104247,3.1992300888311305
104255,2.991099148318236
104259,3.5516456701643255
104268,3.9505581644464423
104269,2.91796068434059
104280,2.9421083760337434
104294,2.9796322979074104
104320,2.6185423888538613
104324,2.745695354832933
104328,3.1180108970739706
104333,4.509029940743126
104335,3.152148774406528
104340,2.64005761538433
104343,2.3188624680813312
104351,3.147748205985793
104355,2.5145199335189234
104357,2.563414888175635
104359,3.6141660204198263
104361,2.939249061763122
104363,4.585049387382423
104368,4.26416729925732
104371,2.368287233626711
104382,5.324847658723801
104384,2.7605223354950463
104393,3.543914149691172
104395,3.0117803901905247
104396,2.665517399188861
104413,2.401750713362688
104419,3.168445374817396
104423,3.3322435795986545
104437,4.476017009756098
104438,3.1299849738678938
104441,3.5547459268764054
104442,2.7278466494883467
104443,3.144628469859993
104444,3.7816816274793856
104448,2.7405771759973043
104460,2.83250370773009
104461,3.0923880964045423
104488,2.9251837732054344
104491,4.613603975898023
104493,2.991796482761663
104498,3.293500914359016
104506,4.7246436496249045
104509,3.3049806985995946
104515,2.719669741104236
104523,2.9150367664758376
104566,3.7099329478284986
104575,2.7101596787912863
104580,3.8150411310599015
104588,2.605527579383985
104591,3.593368240835205
104592,2.5049513920351263
104595,4.585593402287739
104596,2.823414488946363
104604,3.089870795309637
104609,3.7782218259718974
104615,3.4246849964620822
104617,3.566716792137908
104622,2.9871454035498792
104635,2.515285814795307
104640,3.6347234418443186
104643,3.224553939688168
104645,3.040467989962256
104646,3.131720909259536
104656,4.6143916253743065
104658,2.8814648747579183
104661,3.669923204652939
104671,2.1945967781973557
104677,3.832949011023419
104697,4.085830173015576
104699,4.570524519998451
104704,2.9844781850014965
104712,2.709845645714654
104714,3.1335756026331296
104724,4.430449378653451
104726,3.4159366844114185
104733,3.162412308894316
104735,5.187159709344678
104741,3.146617123284592
104746,3.073891380137415
104750,3.0531069333601857
104751,3.4737423093571698
104760,2.8416389131821647
104774,2.987213687800037
104781,2.988108655801079
104785,3.2949132541628052
104788,4.413092521352809
104796,3.3229398352902946
104800,3.62348262110366
104808,2.2623488377696326
104811,2.8529142061299666
104813,2.9993110060359602
104829,3.153909190134159
104830,2.7487671437910297
104839,2.3007820235769323
104843,5.127545649660979
104844,3.2236893571625282
104848,2.880586688828663
104857,3.0407067398414758
104858,3.2628805650539583
104865,3.0436361551229054
104866,3.2009068489386876
104873,4.612978717113911
104881,3.0457203531030284
104883,4.589475850517868
104896,3.5327362674590725
104897,2.9898135327575064
104907,2.8845851696146134
104912,4.125933957659723
104919,3.1491233067548032
104927,3.4239022949367253
104937,3.163727967394711
104947,3.098747377233244
104960,2.773926414652082
104965,5.334968984189312
104970,3.3936178315512286
104972,3.030869635112719
104973,2.421737184710885
104980,3.146282915253401
104990,4.597634634115724
104991,3.3193389451491555
104995,3.947118038519453
104997,3.0988863874183132
105000,3.2289098338596576
105009,3.307468529063953
105017,3.223206362476071
105021,3.0975132417817557
105025,4.583078257943642
105030,3.373735003542508
105032,2.745396299909792
105037,3.8702477492617193
105046,5.422196805251166
105049,2.7331887426335384
105053,2.660093356565187
105057,2.7463191369647952
105075,3.131720909259536
105079,3.1337279299340133
105081,2.766404315138748
105087,2.7993400381348468
105088,2.6700819664163076
105097,3.038051088672367
105102,4.644579785887782
105104,2.868302762190285
105113,4.618837709899901
105114,2.792250066721565
105118,4.497372832970044
105123,4.426593091548587
105136,3.0306770344093126
105137,3.4686642347097907
105149,4.1926348674341885
105151,3.1849182626322694
105153,3.53028082537161
105164,3.772585810951769
105165,3.1078528625451978
105173,2.6347658108361274
105175,2.906155518951784
105180,2.672680131772409
105181,3.016058153903105
105183,5.231810741377022
105184,2.717449212483608
105206,3.0503241967274466
105208,2.7828763243627455
105210,3.000660872045618
105218,2.572144173606475
105219,3.2073052458487727
105227,3.0304738981487036
105235,3.2207823609673416
105243,2.8376265825279074
105251,3.1040266279492905
105258,3.056839818724193
105261,2.74338800222198
105263,3.137885248435475
105270,3.206227102710569
105272,2.649596781098299
105289,4.603642267587126
105308,2.7822651943216417
105313,3.6055230955193944
105318,3.17225000842596
105320,2.9627966494324234
105323,3.265415072205113
105335,2.986455124988368
105347,3.04314331627426
105348,3.8678216988097427
105374,3.1410843161599487
105395,3.8247748583136447
105417,2.7033115597006754
105438,4.67447999232799
105440,3.48007959995922
105443,3.930274326688371
105444,3.4623171699696287
105451,2.907969344873914
105455,3.72322016832843
105461,3.0214656146223247
105463,2.7880293378516923
105469,3.041470574342551
105485,3.6511629553633194
105487,3.0828895436913917
105500,3.595700393775891
105503,2.9404262413710516
105510,2.387922165839483
105516,3.1063468051753436
105533,4.117488224135963
105537,2.4897054731597033
105539,3.0362903773792556
105545,3.109429423037775
105547,2.633140156103045
105549,3.000546234189452
105550,2.638620805343474
105551,3.2461113843791263
105569,3.9995837753751275
105578,2.873144748747346
105581,3.10611247777082
105601,4.396590945562442
105605,3.1769036590698425
105607,3.0209668761994446
105614,3.8233222953733166
105619,4.409285336941757
105620,3.619032838927865
105621,4.09900324197514
105623,4.31380904822165
105627,4.584551636078441
105641,3.114144516301774
105642,3.1848314364787154
105643,2.378513592383384
105644,2.501176662109223
105645,3.065617581769872
105649,3.1865910995755433
105655,3.3889528109499363
105666,3.0457203531030284
105667,2.9629048180953683
105670,2.4052862778682984
105672,3.523723178403436
105676,3.6104985067568944
105680,3.3060313635275786
105691,4.377140439663921
105697,3.1678394488632438
105702,3.2928729740753133
105703,2.9855204981666708
105708,3.4648234478569457
105714,5.229619248404765
105736,3.7449511362947985
105737,4.149185184564725
105747,2.8415544824268144
105771,3.034701129654457
105789,3.3388498590917934
105805,2.868143418888362
105810,3.20431044066563
105811,4.454484837223147
105821,4.686538072445266
105822,3.474489331134266
105824,3.1813963708977857
105828,3.073058376523048
105832,4.9109659983053024
105837,3.0925189835956504
105838,3.195403692561741
105840,3.3793443214604957
105845,2.668184457959375
105847,3.0974987277667996
105851,5.034981408972822
105854,2.6817489282079943
105855,5.497542008825662
105857,2.992830763886928
105868,3.4052936691211015
105876,3.1399147207338536
105882,2.9993110060359602
105885,3.5711974549324372
105886,4.420636580238228
105891,2.777178552734697
105920,5.502928936158954
105925,2.69345170321596
105928,4.9974637860943485
105944,2.969791390383459
105954,3.086248217171599
105955,2.945217753931313
105957,2.6913714246416856
105958,3.6695542419589624
105959,2.806750935471338
105965,2.749766947922733
105968,3.09436772063053
105973,3.1765767640498206
105979,2.926248106677857
105982,2.840392920286997
105983,4.582515693117877
105985,3.4043679472524446
105987,3.7930478901625095
105995,3.647810129740003
106003,2.767515097435374
106008,3.1124341316333473
106010,3.1981775548785563
106015,3.19273611930163
106044,4.232853638690943
106049,3.2494071899384798
106061,3.7221948862950875
106063,3.086859288233016
106066,2.9369923030111447
106093,3.06575447276815
106101,3.4718563969803937
106102,3.041933655000627
106116,3.531203211498198
106121,3.309937248890451
106138,3.8104874207098813
106139,2.8508749773861175
106140,3.0018356841569847
106141,3.5637613673836155
106144,2.6576710980352454
106147,3.021092853481402
106149,3.0540764376078324
106150,3.287215223755556
106163,2.9387862959251403
106164,3.1790749389939736
106167,2.624940917456243
106178,3.1063468051753436
106179,4.164702052586877
106182,3.201967365506508
106192,2.6965184462312073
106197,4.298635453655432
106202,3.198183077695419
106203,4.968295155306748
106205,4.572862618121613
106209,3.7574744669134463
106223,3.754787011133673
106225,4.367333389898948
106229,2.6462906943268707
106236,3.0940075056219642
106239,2.605656227602464
106244,2.6773839412145315
106248,3.1122492524417904
106251,2.691319952271135
106262,3.298243450867947
106279,3.5510663784479606
106286,2.851605253325484
106288,4.562142941900502
106293,3.4956143552607943
106298,2.7169792445694076
106299,2.8132302423096047
106307,2.9461056580393525
106311,2.634094575160964
106326,2.9844503474006907
106333,3.7019338513247066
106337,2.9117458462066517
106341,3.639532367255035
106346,3.604820588705569
106355,3.1112818130151285
106374,2.4649020136362587
106377,2.650778530624914
106379,3.144111257547134
106381,2.931646726047173
106388,3.099825095411926
106392,4.3290530374786975
106397,3.6600757371025634
106400,5.103436738528042
106402,5.176735240488711
106407,2.9574544365018713
106408,3.1343786488415692
106414,4.27971157072964
106429,3.957134463450886
106431,3.5197988916616785
106433,3.243439100788769
106435,3.10830228613609
106437,3.8061432945215325
106452,3.12564401440489
106458,2.674313082278037
106459,3.4432370612155783
106461,3.649787089001797
106463,2.656222651473107
106466,2.6209745037729917
106489,5.422687838116667
106491,3.6149058749204084
106499,2.8801202028097936
106507,2.937804226726208
106510,3.7385318452633545
106520,2.8775352819215527
106546,3.0692012603075822
106554,3.639502706970601
106560,2.7331466136678615
106567,3.4975544154109004
106569,3.099645008093145
106574,2.845881300097818
106582,4.086892781412131
106594,3.2904818966799345
106605,3.3828337453211828
106606,2.7966744696592936
106607,3.1347722310733888
106610,3.157786694364967
106624,2.745056551068825
106642,2.9016405225538042
106646,3.6304919818392842
106650,3.2255178846493866
106651,2.6903481963871547
106653,3.619820671984129
106660,2.9400587504187783
106661,3.7047634353220733
106666,3.057852248604086
106671,2.8914427609115148
106676,3.1046959079664527
106681,4.0685059658092
106684,3.0717820628881376
106685,3.536633295870513
106691,2.6446160826674054
106704,3.360153833503599
106709,5.234464087060437
106724,2.8245966085288723
106726,3.196246789433306
106729,2.567709929608847
106731,3.0974987277667996
106734,2.779019373992371
106735,3.5784181576465484
106739,3.233630375653841
106740,4.566449479372922
106743,3.157786694364967
106758,4.591486852381811
106763,2.9887905073504957
106770,3.2163440414958853
106777,3.2222540966036872
106791,2.649182247895042
106792,3.0531069333601857
106794,3.0207020092056998
106801,3.4599994074318636
106802,2.7491287517722904
106807,3.9137026942593605
106809,2.600192306585733
106818,3.2861803083073355
106821,3.5234124074755386
106823,4.490924085981153
106833,3.327819854120841
106838,3.1810044589248805
106839,3.058091963827889
106840,3.590857410091624
106847,2.9102292902137235
106855,4.325074349746142
106859,3.116685890383637
106866,3.9778694672188757
106879,2.6773839412145315
106886,3.180366462155846
106895,3.324583833657691
106901,2.7864088343729723
106906,3.0163598675576164
106907,2.9026032477873884
106915,3.1542315757811576
106917,3.062195605665492
106926,4.356230277221302
106940,3.650686641204603
106943,3.8454120454353182
106947,2.5426488416545716
106948,3.958190566845135
106950,3.0396752843872035
106952,3.0023425961961134
106958,2.83755769980208
106969,4.560158114456074
106975,3.655896783342495
106977,3.035315547493383
106987,4.1236181868770885
106993,3.258514963569596
106994,2.6626232551950904
106998,2.8597777634772723
107002,2.8995341823972973
107003,2.6146887728202164
107011,3.253884834571328
107013,3.2473114960969034
107018,2.6236786503914082
107019,3.1122492524417904
107022,5.162239386968816
107028,3.659641234366193
107038,3.756633616933802
107040,4.327501402708058
107041,3.4887673892457434
107058,4.512027360728444
107062,3.339873056750453
107066,4.604083136070988
107074,2.916092321868313
107090,3.4468092395909555
107096,2.961606342507043
107098,2.8142306321150534
107117,3.108854139285062
107123,3.5927009077635375
107125,3.0940476356225504
107132,4.009294304870951
107134,2.765790511137043
107146,2.983035784707674
107157,2.4327187205147145
107162,3.918278996391217
107166,2.580667116438974
107173,2.872526672700824
107174,2.904393732587046
107179,3.270203937624168
107189,3.092343256500894
107197,2.7722957838928957
107207,2.8529142061299666
107209,2.492618952692845
107211,3.197344593789202
107214,3.736086332033512
107216,3.662003780108058
107217,3.001679326494362
107228,3.057774802372948
107229,2.96650788026984
107242,3.092202701563163
107247,3.2200376857064184
107267,2.908038854957876
107273,3.685290829812205
107276,2.845009337626343
107283,3.5427472735407477
107284,3.088110169253334
107285,3.137537768880594
107287,4.273778857293369
107294,2.85960294669575
107304,2.9926227975398523
107306,3.9609308552884293
107312,3.5454340242191726
107328,3.0429021821825373
107339,3.5435499643610777
107342,3.133566530475568
107344,3.893158480419558
107348,2.428746933305892
107353,2.877972460760582
107365,2.8589567690033864
107366,2.9055946108094917
107371,3.5516456701643255
107373,4.598485671943147
107378,4.7325316223501215
107392,4.130325722167169
107397,3.8861710757641594
107401,3.5427494878048753
107418,2.752109366761428
107435,3.3124937893744946
107444,3.427356659825045
107445,3.3418192991447158
107450,3.245561987621491
107467,3.6231702294835433
107474,3.2214560204913125
107476,3.6531109900752243
107478,2.89664025031757
107483,3.0572942356480373
107487,3.6256070422515405
107488,4.218576496074656
107494,3.1087770965513606
107495,3.4310448048182733
107501,3.125375435804645
107503,3.847001201842251
107504,4.567783213059532
107508,3.042578769310981
107526,3.4257345718132757
107527,4.533762876979306
107532,3.4968475938142864
107543,2.946018259847315
107550,2.754630405291806
107552,2.8675820567430264
107558,2.5848690186792407
107560,3.5853439341191926
107568,3.0562918697740526
107572,2.3771430169858836
107579,3.795416941522688
107586,3.220229063677354
107590,3.5784181576465484
107598,3.4298403152416324
107600,3.0801504367392805
107604,2.9031724307098803
107606,3.4647272076780933
107613,2.921577490940547
107626,3.470741097516248
107627,2.9971505810229213
107634,3.4729187141223687
107637,2.8224693011061
107641,2.95835065846276
107645,2.983826758763443
107656,2.9293678342872953
107662,5.36966545237512
107668,4.595051091388598
107675,3.756677909038812
107679,3.4215400904379107
107687,3.5612050195150426
107692,2.359993529257957
107697,3.1232035269406877
107698,3.1267411583812517
107709,3.457476797542167
107712,4.958869569084111
107740,4.3825278838196695
107744,3.7102420716426483
107762,2.741514530333229
107764,3.4695392117506842
107765,3.163727967394711
107775,4.631306969240964
107776,2.3922245619739315
107798,2.9618398369513574
107806,2.931953184277359
107819,2.3676705267719322
107830,2.987213687800037
107834,5.266830715632849
107840,2.809879809101697
107843,2.59273019250018
107854,2.8591028584712883
107869,5.111080576446305
107873,2.8360158701969733
107899,3.913967712024014
107914,5.053763153303521
107921,2.6877764175444705
107931,2.9384657024650047
107946,2.906492716038562
107947,2.8557778555368194
107956,3.638120980953559
107958,2.608540824415622
107959,2.9845420577598776
107960,2.463099840171611
107963,3.49699771533012
107973,2.6171001658090325
107975,6.006817715313917
107980,3.082493171214567
107984,3.163308316648832
107985,2.928520790536922
107991,3.5828646695548088
107997,4.3486499108741405
107999,3.363715287254919
108000,2.6524915066034476
108003,2.799381269404039
108007,2.6009242293642174
108010,3.4392473422864693
108014,3.6295109790472377
108033,3.322914119006028
108071,3.6490219226960523
108089,4.036038089642689
108090,3.201779635051554
108091,3.0778962844031468
108105,4.386921990423225
108106,2.834688199387043
108113,3.2744343083469527
108115,3.110365167038909
108126,4.648318072947131
108132,3.055123424022314
108151,3.0555384297003836
108152,3.5928025641193013
108155,3.6097468145964178
108157,5.985607167692149
108160,3.092426883432512
108162,3.1670993633950846
108166,4.398335760136279
108169,4.883348994217541
108173,3.7250969135959258
108188,3.2077118717784487
108190,2.7136239984441115
108212,2.8240241813920073
108215,2.7574182133555367
108228,4.453616966378072
108235,3.629836735458875
108239,4.812262211772303
108240,4.515329377660953
108244,3.4331125588794125
108245,3.049005539327784
108248,2.788049037686923
108255,2.8475380225868068
108261,3.4834835979294003
108263,2.9380341693770093
108268,3.124205903103898
108275,3.569668672884379
108282,3.002845538877323
108283,3.230833679289586
108286,3.2373284267881064
108289,2.7468309597071565
108299,3.524278300281127
108305,3.110324008337085
108312,2.7412579345734134
108313,3.112332505373694
108318,3.840399971716086
108320,2.516520957965155
108330,5.038514930350664
108346,2.729621728332509
108347,3.1963252974430008
108359,2.6471414308859162
108367,3.0551818241254285
108368,3.056706761874061
108370,4.662544116619062
108383,3.2685839644273393
108392,3.1784665656408166
108397,3.0277646386233847
108401,2.739020148002379
108402,3.627102058612369
108405,2.81905999293591
108410,3.5516182088825943
108417,3.639812715354042
108419,3.549033424435009
108430,2.889352475657632
108434,2.834688199387043
108436,4.754191925451185
108441,3.425635775561595
108447,4.647247116202539
108455,4.252491520520221
108474,2.988807659592715
108479,3.929491287057904
108480,3.109337353318131
108486,5.188621467696839
108493,3.0531069333601857
108497,3.3630399826626056
108498,3.0532517979754425
108508,3.1182089655273937
108509,4.429317770861173
108516,3.0935860457884448
108520,2.5049513920351263
108521,4.001964706491437
108546,2.987213687800037
108554,4.063927966933248
108555,2.7029807089420803
108557,2.7963393255782503
108559,2.9406504086269503
108560,3.0562918697740526
108563,5.3283583355359845
108569,2.853888594375362
108573,4.618837709899901
108574,2.9844503474006907
108576,3.8434378744434294
108579,3.409251153143897
108582,4.767471577526001
108602,3.275614939904406
108610,4.210223130942101
108613,3.1088732183049697
108625,2.7890504091066566
108629,2.830330164569552
108630,2.3987420160885504
108631,3.4152220039001895
108640,2.7250383269092904
108645,2.8167495666864104
108655,4.622041162137981
108656,3.109337353318131
108660,3.5541705338284517
108667,2.656792430008912
108671,4.841823467372919
108689,3.212151341165028
108696,3.183973380163589
108699,3.3347409968774935
108702,2.845114668964894
108711,3.101900119280074
108712,2.630523702970428
108740,3.0288196598721218
108755,2.736681992806641
108759,3.3559332511978335
108761,3.1577236472555392
108769,2.9775491031325556
108771,3.137537768880594
108772,2.7570699461845876
108774,3.650577281338072
108783,3.6681060320661176
108790,2.9836570279357097
108791,4.568360432212851
108796,2.9301024581037316
108800,2.7245654560434573
108806,3.491909489730772
108824,2.8422601895393407
108837,3.840399868362675
108848,2.5495029356126153
108857,2.4798101094326803
108860,4.964175705460205
108867,3.4259166065034607
108871,3.0940075056219642
108879,5.448901986508696
108892,3.2928819742273836
108916,3.054064280916105
108921,2.794085956448076
108922,2.680260298299862
108923,3.68073421609171
108931,3.280720469391215
108932,2.7278466494883467
108940,3.0187602047323057
108945,3.5389109653137822
108955,2.849288489283866
108962,3.555000375195349
108965,2.9414527191802855
108970,3.5724788048884584
108974,2.6709274098600417
108981,3.0457203531030284
108986,2.9150367664758376
108987,2.8667133630212827
108993,3.1405510326104973
109002,3.1312439254860123
109024,2.7128763414710098
109025,3.407961226005508
109039,3.0956235598358184
109042,3.0657861080709528
109045,2.4613873021808166
109051,3.6356811052746814
109057,2.6850118380198107
109067,3.19066990643224
109068,3.594088062827657
109077,2.9194710515161977
109082,3.153845887918821
109088,3.5337978882794445
109092,3.221783098049322
109096,3.0828895436913917
109121,3.0457203531030284
109129,5.296952461413659
109130,3.1004515954410348
109134,2.727694141623432
109142,4.546547813908433
109143,3.175276381396278
109146,3.2335542319612776
109148,2.746366709391784
109149,3.273257203749554
109156,5.888880471869795
109160,2.8164109165749576
109162,2.8257258147619897
109174,3.443395558562531
109179,3.855267550494661
109184,3.9236007556036014
109194,5.457482349845298
109196,3.5856426464802347
109199,3.2657847714008756
109200,5.328662248281785
109202,4.601353180944889
109207,3.903568039406076
109215,3.027122975113135
109216,2.9807644647922205
109220,3.609137489666172
109221,3.769600065471737
109224,4.562356971324501
109233,2.658942085790552
109243,3.3928579277971527
109254,3.1348090482842172
109259,3.3876133975142966
109263,3.5454340242191726
109265,3.7529925978984715
109276,3.4305365642783507
109282,3.061412995988369
109284,3.0469600557025047
109288,2.7930131311868203
109289,2.9617629925751925
109290,3.81490551251424
109292,3.44491790496558
109296,2.835125385390548
109297,3.0034185572609498
109308,3.134768123197958
109315,3.0595622358992145
109324,4.55744001302267
109329,3.436557116371841
109347,2.9940759399159256
109350,3.169545641907536
109355,3.7849230027191707
109364,2.5774214136625426
109365,2.7051330489819225
109368,4.277038311374199
109369,2.7948035261407544
109370,4.0824108051748
109382,3.570247806227904
109395,3.3337638071733586
109398,3.6167998855141295
109405,2.584984090360018
109417,2.88940429335472
109421,3.6450857884019516
109447,2.258217312746321
109458,3.1045798659127644
109460,3.2293861971703084
109471,2.4978299294648205
109474,3.4141393650732876
109482,3.033665821333942
109484,3.0209426637521424
109490,2.7150245034533826
109509,3.198607954102902
109513,2.8310887738045794
109518,2.867419241866918
109530,3.8864848632835134
109535,3.158978676169931
109537,2.4736556368320373
109541,4.685941512194259
109543,2.83755769980208
109549,2.679312090199652
109562,3.21446967371398
109573,3.7301711428969058
109583,3.7624185514111
109584,4.825357636410496
109588,5.530884601037805
109590,3.49144352931984
109594,3.2461978450362365
109601,3.2751031741771217
109602,3.2847012016867425
109609,3.0650468794858323
109618,2.343382078318472
109635,2.927664857748141
109638,3.227322924033096
109645,3.338564983608533
109648,2.986642131450077
109650,2.760461572280671
109669,3.866226654741333
109677,3.3517072359589912
109679,2.9884230515771164
109681,4.603957766823788
109682,3.1171080654488375
109721,3.639812715354042
109726,3.25413784952427
109727,3.1901274464648317
109730,3.1590165262478567
109747,3.6041562250219883
109754,2.811221717097552
109755,2.9141196166671315
109760,3.203395630979305
109770,3.6825555128871805
109795,3.0105773161147003
109810,2.7986629510630197
109812,3.812399343078309
109813,2.8553422237033206
109814,2.6616250979376415
109815,3.0650468794858323
109817,3.653322934543232
109818,2.983765978723659
109844,3.1161809177060396
109845,4.328180231732885
109856,2.6205433503320688
109857,3.6200153911299053
109877,3.2363889461395896
109900,3.0877452948126702
109902,4.38228350744755
109909,2.9529878387884256
109917,3.0596630354807286
109918,3.068249385770672
109922,3.10485385832037
109930,2.761725346332983
109932,2.5513691579145346
109934,2.7934471520471424
109939,3.0182599110984416
109947,2.913294664520709
109949,3.002692123200208
109951,4.461791110459821
109963,2.97367885463999
109966,3.018738941067996
109974,2.7409615245796335
109988,3.0555384297003836
109989,2.9269062711831633
109992,3.105662581851069
109995,3.0773895197076473
110002,2.818178834111869
110007,3.049941967486144
110016,3.6772220366537067
110017,2.9887905073504957
110023,4.545736784714235
110026,2.986642131450077
110029,2.7896337013695063
110031,2.909031276774782
110033,3.393573185749582
110036,2.985466905979278
110038,4.5331470089881645
110042,3.362495733910653
110044,3.013851564458822
110058,2.5740899032560605
110059,2.693242164661397
110067,2.8186003863585363
110070,3.787585313013821
110072,2.8047472407365506
110074,3.486691132935161
110082,3.0601548930793183
110084,3.027496668445871
110088,4.354354630031887
110094,2.4149827266158574
110099,3.28699991565437
110116,4.596344798190017
110120,2.783967607924783
110121,3.2921706619187368
110125,4.972275228218006
110131,2.81319866935481
110137,3.2214586683126147
110140,2.678249498653221
110165,3.3892149321558476
110167,3.0562918697740526
110169,2.7133722774240723
110171,3.408432906561517
110177,2.6373359681791912
110184,4.374899080697446
110185,3.018826103284661
110186,3.025566305883962
110187,2.74390318190175
110190,3.4867980222923016
110195,2.821180998373416
110201,4.643651296736347
110221,3.1251088733622874
110230,5.437276732718544
110235,2.9620561470763307
110246,3.701695296179842
110267,3.878725224557712
110274,3.001372038280449
110284,4.333171651582246
110290,3.1063468051753436
110293,4.561549738254781
110298,3.003796921872589
110299,2.7935553790220777
110300,3.643289664463797
110302,4.6910825128176725
110306,3.1122492524417904
110333,3.590714476849891
110335,2.7272321040716476
110340,4.567622464957862
110341,3.549033424435009
110342,3.1079035913040594
110344,3.0457454765849286
110363,4.605438924924217
110371,3.1405510326104973
110372,3.4432330983050212
110375,3.127653122376123
110389,3.071099413488234
110404,5.030903122343836
110416,3.135675631259535
110424,3.5830305691883484
110435,3.065207839060272
110436,3.2419175303535686
110437,2.967208249929406
110461,2.6872377117607487
110467,3.2037128674966513
110468,4.097907420695687
110472,3.9791866669139067
110481,4.125570491410432
110488,3.203395630979305
110497,2.8482402114164
110522,2.5498357750665788
110528,2.9204674190840603
110529,4.574101494216325
110543,2.3109353645493753
110546,3.197855334161595
110548,2.9429184805617563
110555,4.16862943983586
110563,2.233509775752985
110565,2.375676077591626
110568,3.653322934543232
110570,2.929089741798932
110571,4.894357192046229
110591,4.609750386540765
110599,3.0650468794858323
110610,2.6673482014914267
110612,3.118249465339054
110626,3.493078816006027
110627,3.6535904746192718
110629,2.9437151758822253
110637,3.7393512660961505
110639,2.9851853696918185
110643,3.0653526703151504
110666,3.099559240496271
110673,3.0128339441702785
110681,3.786657492050474
110682,2.996623107874465
110693,3.379751735364699
110700,2.9844503474006907
110703,3.115382998708788
110713,2.615429165268625
110715,5.370663335979517
110728,3.928242472709028
110756,2.7641814572250074
110762,2.473563719119383
110766,3.084966937135535
110783,3.4267339641957832
110790,4.618535953352543
110794,3.1019731946693785
110796,2.9583562929708145
110802,3.359634412780385
110807,4.55719573473681
110814,2.9639106243867297
110815,3.4508100436927855
110816,2.9882187249676972
110820,2.9826962990631034
110830,3.1789847165619136
110835,2.6922298845861796
110843,3.203404842566866
110860,3.0064484343243603
110862,3.0065858028593375
110863,2.6510761686837934
110865,3.66558523154597
110868,2.957458813550141
110870,3.499341816773815
110872,2.796963575227696
110879,2.7755411531665506
110880,3.1063468051753436
110883,3.0059888288430425
110885,3.0584815342923264
110891,3.523703224442418
110892,3.959063617825235
110894,3.204429641607237
110900,2.9608169283244132
110920,2.864475904622959
110921,3.684300312719976
110924,2.896723197440227
110932,3.2497483292838822
110933,3.2321460006212313
110938,3.048325727513746
110941,2.7232889516186507
110960,3.525794338980071
110962,3.897150995504122
110976,3.2095822353764683
110980,3.0182517924357386
110986,3.8975062245291943
110989,3.463533277500898
110996,2.3478424616228706
111006,3.0074691420578734
111013,3.290663271273401
111024,3.319734593871855
111025,2.974743543794064
111028,3.1539795437387164
111030,3.216604459068526
111032,3.0782882301799916
111036,3.28246763987061
111052,3.8740419521173775
111062,3.8014346792132594
111063,3.5884057134847627
111067,3.5781667698258564
111076,2.7848381700900338
111077,3.471272131732184
111078,2.8820011417191647
111083,3.287712851223498
111089,3.170633638706954
111093,3.0841407002363472
111096,3.131720909259536
111102,3.6201232306739493
111103,2.897949271835828
111108,3.6395838649666055
111116,4.477356645639235
111118,3.1972674295833543
111119,3.153328306866341
111125,2.9114415099445194
111133,3.562917477126571
111142,3.517867051209996
111149,3.395955334323803
111153,2.789055313260547
111160,3.4678467243772992
111167,3.748195933909152
111169,2.95835065846276
111170,3.9180995839372375
111171,3.119658634997756
111173,3.198607954102902
111178,4.910214800233392
111189,3.3239247069625115
111190,2.8545103100286373
111191,3.1063468051753436
111193,3.578871862883182
111195,3.1785474238428084
111208,4.585587647136531
111211,3.499019871731865
111212,3.956966414985935
111221,4.600338660407834
111222,5.535171545764933
111223,2.9844503474006907
111224,3.2151519059044826
111231,3.0354415229875804
111251,3.104482720241015
111253,3.0937374751527082
111257,4.921994044893745
111267,2.8754696846895427
111276,3.111297137311009
111282,2.882299564341141
111286,4.493765789736478
111299,2.650537654339424
111303,3.6806465159002393
111312,2.2679903328088127
111314,3.206620502854045
111315,4.939304881609438
111330,3.002081771808288
111331,3.4880998590983396
111337,3.332383449183431
111338,3.0028682929054744
111352,3.175276381396278
111357,5.003550912527894
111361,3.9952520347689893
111392,3.309591163801717
111401,3.035470989573673
111420,3.0457203531030284
111430,2.9841468197042738
111433,3.352260371816042
111437,3.8759763861818826
111442,3.1507016352566315
111449,2.6989735118137497
111454,3.597410891611071
111469,3.144644879044576
111471,3.1063468051753436
111477,3.0052589122855964
111479,3.5030019178361447
111480,3.873664086708838
111484,3.041933655000627
111486,3.6449120539958075
111492,4.701185396030148
111498,2.813152337923623
111519,2.9504910721891857
111527,4.502326601150418
111533,3.087369870072186
111536,4.384676203576006
111548,4.007008343909941
111553,3.5485760543787768
111554,3.863881966592343
111556,4.345745181407043
111564,3.0461748534208937
111566,3.5638503782767565
111568,3.9083508546503722
111574,3.5142055348777355
111577,4.682385707957115
111578,2.6115021116059958
111587,5.370037260991158
111603,2.74753335693171
111620,3.4266383459238536
111623,2.2810414007030735
111627,3.0773385996174207
111632,3.2545807776942013
111635,5.268611744825363
111636,2.6873193276860334
111648,2.8602259461967994
111677,2.9855204981666708
111680,2.751336706868415
111682,2.956927106394777
111683,4.192692090512951
111686,3.2420029085095305
111699,2.5541943375861274
111715,2.7274369274808037
111728,2.923170193927321
111729,3.0291537482393265
111731,4.357716151178976
111739,3.5554672580162805
111742,3.16442616510578
111748,3.035315547493383
111753,3.0933457005265748
111754,4.262049245192679
111759,5.1146375721870125
111761,2.9531218492500315
111763,2.5331884606615205
111764,2.7278151048160595
111768,4.566972943588424
111780,2.8281127103637624
111781,3.2095415592181786
111785,3.2133099976712054
111792,5.710645107523887
111794,3.522769387788352
111798,3.0428528792205007
111826,3.7979222588766306
111847,3.3070411157055717
111866,4.8948174372976325
111872,3.0218788748909744
111873,5.150680927603415
111875,2.502433495007182
111877,3.477231246576107
111890,2.949049802346153
111900,3.394527931964951
111911,3.2258534396146006
111915,3.0425922268360743
111926,3.2804777370408162
111931,2.955595355164639
111932,5.035041000016928
111938,3.209301788218159
111940,3.564757977592824
111949,3.2207823609673416
111958,3.7808864861767977
111964,2.6708090990000786
111970,3.4012546652254136
111981,3.4198740400276417
111986,2.8261091466671906
111988,3.9068409580430963
111991,2.6872377117607487
111993,3.2236893571625282
111995,3.4163421414911186
112005,3.6062608947763866
112013,3.158763435834108
112029,2.7264600137207275
112037,4.664148070186857
112048,2.7609158724229586
112049,3.487677443768212
112052,3.0528988326811373
112058,3.11253084917106
112062,3.1227132717314565
112063,3.7873135814745083
112065,3.0817661294027316
112069,2.4952753874190075
112078,3.117909040446443
112090,3.7685559999511105
112091,2.925778225697734
112092,4.710199820285308
112096,2.6756525038164565
112115,3.125375435804645
112116,3.615069277595147
112118,2.805960672223931
112122,2.886961856458763
112128,3.3606391313163844
112139,2.982857850463188
112142,4.611818115460846
112165,3.318686734973336
112169,3.928965256693517
112174,2.938807801302896
112192,2.3873622213846257
112202,3.0457203531030284
112214,3.0937374751527082
112220,2.9333684960088786
112241,3.736335283459957
112247,4.56837119026552
112256,3.1088082584110817
112280,2.9360461519325334
112295,5.356854862296247
112296,3.666866027168709
112299,3.3393984076919567
112300,4.889818966919723
112307,3.1832739264098477
112312,2.6195611954011864
112314,3.458990174986588
112316,2.641753802754129
112318,3.7832861268636133
112320,3.0907981674880016
112323,4.529891880085813
112324,2.380260683356252
112328,5.0026698585777005
112334,3.3641587826784773
112348,3.08248435186773
112350,5.2346711358900535
112353,3.1299849738678938
112362,3.6788706946435825
112365,2.9151965639390585
112374,3.086178942212379
112378,3.1759138417878563
112379,2.9668702221339376
112389,3.0188668846206737
112390,3.1078074464419947
112401,2.743130907510282
112409,3.002692123200208
112414,3.069242915604349
112426,2.7133722774240723
112430,3.733996291013592
112432,4.563269237662494
112439,3.092426883432512
112440,3.0626507055746472
112448,3.173493527169488
112450,3.8849999698548627
112451,4.166223561244268
112459,3.4035782212963235
112473,3.004140250563744
112475,3.0634702338921875
112478,4.693453600791102
112489,3.2053484133514694
112491,3.5409691389815543
112505,4.4492682094269425
112513,4.6081800389691026
112523,3.5531386664775253
112525,3.3498989312175387
112553,3.015184173938857
112556,3.7025749832857127
112562,3.22269446279171
112564,3.0531069333601857
112565,2.809657459994955
112572,3.5943021343081054
112573,3.573164294731037
112582,3.1594731623587795
112601,3.9047117429129212
112615,3.9740843509662884
112619,2.6660560007050784
112622,3.146613742816045
112624,3.1533187473168196
112630,3.1124341316333473
112648,2.711914564507819
112650,2.627271669831936
112660,3.825022195866786
112675,2.7545330878766614
112676,3.8190027113784
112679,3.248656920745208
112687,2.7737200847362242
112706,2.9832330877199587
112707,3.94631333832159
112709,3.5262312898630777
112710,3.116685890383637
112711,3.119522337665802
112718,3.6436301127940807
112723,3.6390991579604286
112725,3.121552550805129
112728,2.9935159115753844
112730,4.273190063725417
112741,3.638291642666533
112742,3.142667155403344
112743,3.028968851449505
112747,3.4057948537812153
112750,3.6703897643154897
112751,5.10930671056534
112762,3.5657910485263615
112775,3.6259504260835507
112779,3.088499255451792
112790,2.624321860624868
112797,2.653801039786138
112799,2.7272321040716476
112807,4.396833788994482
112816,3.799502557962483
112820,3.2980350083876924
112832,3.56518887703785
112843,2.8494211365953013
112846,3.5216460040127657
112848,3.0531069333601857
112855,2.7123797363541247
112862,5.7151778791913
112864,3.400018067706303
112869,3.556684093410532
112872,2.6392405269374937
112881,3.079729541739228
112884,4.514333955102037
112909,2.9591914320931676
112918,3.6118168554119077
112927,3.3992789776565333
112928,3.0461748534208937
112930,2.9772717292172497
112934,3.175276381396278
112950,2.799193878453224
112954,2.5632485823318047
112956,3.1375393239998295
112957,3.0503010247828253
112959,2.9878021323965016
112966,3.0096525914045107
112968,5.503636540221574
112976,2.8198774799782385
112980,2.9514177719153305
112982,2.4104066356624037
112995,4.57255012949571
112999,3.0940476356225504
113001,2.6460772765389446
113012,4.707535733634813
113021,4.594325595575315
113028,4.538710286434111
113033,3.61001098206855
113047,4.983886376368495
113052,2.454771061509344
113055,2.6773839412145315
113058,2.5639336525551824
113061,2.550910911877587
113063,2.684044612854475
113078,3.139996386998047
113082,3.4567733890468872
113090,2.671217427634942
113141,3.688941520529714
113146,5.109834235830501
113156,3.7776347526885066
113159,4.306920694327553
113171,3.921169975226486
113194,3.485088599738767
113198,2.9840027804973768
113199,3.6505339414365996
113214,3.3136468791981155
113227,3.5106680998228756
113230,3.206452206538817
113243,3.125375435804645
113244,3.242490480840285
113246,3.9040190419690792
113250,2.7321784106450346
113254,2.9002438839870557
113255,4.016807719385671
113259,3.843195639675269
113269,3.0191649894623933
113283,3.1088805641420496
113289,2.2544687008279585
113308,2.841999306901924
113320,2.510439412479294
113325,3.132131583925634
113353,4.120384771139965
113372,3.5796001896972145
113375,4.579407174719696
113376,3.0222282924370667
113393,3.2715628444904303
113402,2.9993416671648157
113419,3.647620797635499
113446,4.303803181158224
113447,3.079835649579218
113448,3.1526202092853115
113450,2.818178834111869
113451,5.262772343709392
113457,2.985323445171624
113460,2.946463091428215
113462,2.844069468442722
113474,2.7983464344352718
113479,3.5928096878546887
113484,4.938850653297301
113488,3.6694568049867677
113495,3.6477654016162213
113500,2.5191729172223765
113503,4.801112346784158
113506,3.0937374751527082
113522,2.9604932164931954
113532,2.9024611724612517
113546,3.45153446677949
113552,2.7278466494883467
113556,2.6419747335869292
113559,5.223396102729674
113582,5.548713838935035
113585,4.631697653534184
113588,2.8230798878350076
113595,3.0668278777643936
113604,3.068583568505227
113615,2.7532561810834895
113626,3.4239468912837765
113628,2.8901481977861465
113632,3.0973262916009743
113634,2.9809261826590667
113635,3.1063468051753436
113640,2.692004088448443
113642,3.5174950094299735
113660,2.5183227933490726
113662,4.292159519097034
113677,2.896723197440227
113684,2.972749422599968
113718,4.57516973206055
113726,3.240462961388516
113727,3.065571566274672
113733,3.718816499127107
113750,3.120172067598031
113752,2.683377257997779
113757,3.3573410129564207
113759,3.2165443164791396
113763,3.763200705438237
113775,2.915460185222109
113780,2.5389587762660693
113791,3.4226063220555876
113814,2.8433837052279696
113828,3.5102584632402407
113854,4.0255999850384905
113857,3.639697477152936
113858,3.3447116391330254
113865,2.834612104164125
113867,3.70568535916133
113884,2.7790357425071157
113892,3.005359057520729
113899,4.562443994000476
113910,2.9534802353389473
113912,3.937441869628116
113913,3.306565250559464
113919,4.5320190144153125
113920,3.390182781556709
113927,3.133566530475568
113930,3.5429817375818167
113932,3.1000515262862085
113933,3.057774802372948
113936,4.624241247155238
113946,3.503024059128962
113947,3.259032429901596
113949,2.9150367664758376
113957,3.442962869006153
113976,3.5097592494338814
113977,3.5695184047502546
113984,4.6143916253743065
113992,3.529284049843838
114001,3.6304691471657016
114005,2.6877764175444705
114016,2.9840027804973768
114017,3.137537768880594
114018,3.0567695446872323
114022,3.00019823250647
114032,3.6129192655129203
114036,3.057774802372948
114044,2.8222602713239295
114046,3.1977193360453944
114052,3.037352144759806
114058,3.204804039689143
114065,4.57516973206055
114067,2.8337725782110734
114074,2.5093180199690464
114075,2.913173779734878
114101,3.595700393775891
114112,4.650441587574851
114119,2.7027686231296086
114124,3.0503241967274466
114131,2.796621779869079
114133,3.11149055497305
114144,3.4871376754055845
114173,3.4058331053358706
114176,2.502384553183825
114180,2.7799299241348905
114184,2.767515097435374
114191,2.7922226958249325
114195,3.584029102034032
114208,3.702323643379154
114212,3.155938784908524
114219,3.221980797673483
114229,2.9918305890488828
114239,3.0428528792205007
114248,3.8527201583787685
114254,3.125106054697513
114261,3.6852077775732477
114265,3.4755968538058526
114267,2.8179537980641642
114275,3.0940075056219642
114277,3.212031046984803
114284,2.9914351026469754
114303,3.3892149321558476
114310,3.989209044089
114311,2.8734600757932727
114321,2.8944412022301
114324,3.065552028050635
114331,2.9940759399159256
114333,3.092503964996015
114334,2.761610715986357
114340,3.1124341316333473
114341,3.4448446500944576
114346,4.139107105503394
114350,3.0433351272160873
114351,2.931030788537195
114356,4.416853840940426
114357,3.669141281249087
114366,3.479134704639656
114372,4.0821293161886585
114378,3.1155937034679972
114379,5.4906033790620015
114381,5.314402404942788
114389,3.5227541715643524
114394,2.7726430638308956
114396,3.2935889819970634
114397,3.313418101951944
114399,2.946018259847315
114401,3.674416956910262
114409,5.208089015535585
114412,3.116754882374162
114413,4.332668542616654
114418,2.927477774306536
114422,2.797239830056167
114429,3.922350063620995
114436,3.045237410395339
114440,3.7618227973388256
114443,3.656121392918348
114451,4.246639476643104
114461,3.014038202151056
114467,5.514030717869169
114468,2.5358854986550172
114473,3.184717284371032
114477,3.823750124020211
114481,3.084966937135535
114483,2.8804026835627408
114484,3.5480777478183847
114485,4.89025533117951
114496,3.1588652823557215
114498,2.6468736706203275
114499,2.503873431425639
114508,3.1058355536108464
114509,2.6800698390097963
114510,3.099044643287391
114519,2.6880103614828137
114525,4.070369837989009
114527,3.0530325426732356
114528,3.038072649041672
114530,2.9426334786347677
114536,3.3563868396007757
114545,3.130958756120473
114548,2.8889388454706766
114553,4.075278249462825
114556,3.4263082122375446
114560,3.7503256657495525
114565,3.174872733795139
114567,3.0461748534208937
114569,3.051900090047102
114581,3.9528227323744387
114595,4.4572235573438235
114597,2.70497056633425
114598,3.0857543925169906
114600,2.6009242293642174
114608,3.0804126628462782
114610,3.6875004994168146
114614,2.3133145820537724
114635,2.7468309597071565
114641,3.48732768767321
114642,2.987213687800037
114643,4.007310560252841
114645,2.3606835045732213
114648,2.890667085740769
114649,3.8588392057655416
114653,3.664411706486361
114659,3.1302426289850738
114660,3.0000453172814163
114661,3.153777711529372
114663,2.8610079821777274
114669,2.8587993510126095
114671,3.2511645164696024
114690,3.8400036994054014
114697,3.2473084409288204
114705,2.2412403941397288
114707,3.0737345535336362
114712,3.861844125310041
114727,3.534002836945911
114730,3.373661965027159
114743,3.0461748534208937
114749,2.725072179318082
114750,3.610287297427203
114757,2.8384153091558697
114769,3.2855051868749188
114786,3.811693759145096
114793,3.12572868371511
114794,4.554865742700745
114800,3.1063468051753436
114812,3.0650468794858323
114818,4.976633779167258
114819,2.591179819005692
114828,3.383956453410322
114855,4.378472173557842
114859,3.4985675329094947
114866,3.1104389440338327
114874,3.1862167883190353
114881,3.131720909259536
114883,2.669626188176885
114884,3.516356067839749
114888,3.6391707828465876
114891,3.087731660000715
114899,2.688467402980697
114917,2.5403368238020425
114918,2.800119574574587
114920,3.036373495489853
114923,2.7797748271948004
114930,3.050086718806493
114940,2.7797748271948004
114941,4.2295268841196005
114950,4.003558727205931
114960,3.565022154219663
114962,3.4389789069433574
114966,2.882299564341141
114967,2.8414635949889604
114969,3.088150508886109
114976,4.725195626911272
114980,2.7557788533639607
114983,3.125375435804645
114990,2.75417438265289
114993,3.3455891051772655
114994,2.667955709041509
114995,3.234708272487967
114996,6.444218692582971
114997,3.677448514335262
115000,3.0902633188302846
115003,2.9830183414529925
115006,4.228261936657019
115007,3.1931239013547272
115011,2.642000045352221
115024,2.6967118048460774
115031,2.4085652072708283
115032,3.412605491215755
115046,2.735989353759836
115050,2.6177938723515792
115063,2.698016788449694
115064,3.8466285671866283
115086,2.982857850463188
115087,2.7482097885023453
115089,3.3071864743503805
115090,3.0928047061989687
115094,3.0457203531030284
115114,2.867817590170261
115132,2.7739326015140544
115142,3.8815834676205334
115151,5.079661407515802
115154,4.456654224631896
115161,3.8287849815869954
115164,3.253335025958507
115168,2.955518161879617
115209,3.676291141825192
115211,3.007373059780349
115220,2.9054436383470157
115221,3.7016604285610577
115238,3.2214560204913125
115242,3.234895494413934
115243,3.0260010981599805
115246,3.6674933420383824
115247,2.9005687300473877
115252,3.137537768880594
115260,2.5062870072108767
115265,2.877871759035255
115268,4.425411622268526
115270,3.240526432857163
115274,3.1586911478944355
115307,3.906982678715579
115308,2.77999114835307
115325,2.97367885463999
115328,2.9844325350346153
115332,3.0547240226813397
115336,3.1058226813761896
115339,3.5555654701689923
115342,3.7370374284152823
115360,3.210410451980647
115362,4.877649395808865
115365,3.655232496016176
115369,2.904396075453325
115381,3.720401953921309
115386,4.951134877635929
115389,2.6571295507404313
115397,3.985831806355922
115399,2.781646416524185
115402,4.591936327415892
115406,2.5445747638274767
115413,3.130987773239806
115419,2.7430354946405004
115436,4.604083136070988
115463,2.973959550763858
115475,4.55475199350038
115483,2.7403162625777435
115490,4.682731345129692
115497,4.586037817485904
115498,3.155938784908524
115501,2.9224546253911354
115503,3.077906976759705
115507,3.596697659228206
115511,3.6189481875318736
115512,2.848878681001756
115515,3.196246789433306
115523,3.2326450305264354
115524,2.8569440194211992
115530,2.9305801432961274
115538,3.040474780148904
115539,3.4451303406802687
115543,3.814225741832429
115545,3.2055189930181456
115547,3.63131327241367
115553,3.7669381766038703
115560,3.105708049150146
115568,2.785394283499176
115576,2.77496375008022
115583,2.8697578233290577
115589,2.882299564341141
115590,3.2214560204913125
115609,2.517416128675541
115615,3.656866995236807
115625,3.0616813991503404
115638,2.371414610262647
115639,2.9147268091858187
115640,3.0828895436913917
115655,3.005608499814422
115657,3.4544159501205502
115659,2.6697493432195536
115660,2.9749927950185286
115672,2.8025003158738695
115688,2.682291390726393
115710,3.224969282486513
115714,3.461112769251443
115715,3.5984813888594505
115716,3.9127811388309146
115723,4.006500647670454
115724,3.6661178378751136
115726,2.9916692639418083
115729,2.281883985125871
115735,3.0941575921767566
115739,3.2087890349609034
115743,2.624162218167261
115746,5.0119747760218925
115747,3.521077914137036
115760,3.0538577177890986
115762,3.7249120044782384
115766,5.516328397909975
115769,3.2270184798898316
115776,2.9095868125310558
115777,3.496444648292627
115786,2.950032652588587
115793,3.871071099633524
115798,3.0420721089904124
115803,3.3543561866500426
115817,3.5817629959237167
115821,3.11149055497305
115826,3.1413909143320606
115828,2.9127278998202835
115841,2.206708450447679
115844,3.275768920661018
115851,3.654721962771459
115853,5.240118581246987
115854,4.004877070009624
115859,3.031303661624129
115865,2.977469731254403
115869,2.974743543794064
115870,2.864979683511047
115872,3.313800587165742
115873,2.9618195885683933
115874,2.823641340189946
115876,3.7798826098190146
115879,2.5029111034109177
115883,3.693271683374685
115887,3.7236508723513264
115893,2.8365141526884283
115895,3.481364537339468
115901,3.801526455866957
115908,2.925778225697734
115915,4.556231032186662
115917,3.160283846097092
115933,3.9165492352194335
115943,3.054703431035035
115944,4.926779386052823
115947,4.201921006848564
115956,3.1445971444943175
115961,3.4109876862393995
115963,2.802898764135592
115964,4.530757229847192
115986,2.352268478241239
115988,3.5273578911880694
115992,2.9892523491851217
115995,2.8016166281458594
115998,4.567829762520337
116007,2.9885947788761857
116011,2.392345491421811
116015,3.4511348573722342
116022,2.9657205942247957
116024,3.170067624238105
116035,3.6500450801573523
116063,3.492524335363097
116067,4.093700408219162
116083,2.8384897486727865
116089,3.1334314153848863
116090,3.792139760999559
116096,4.018524476072716
116103,2.7029807089420803
116107,3.1203289911553806
116109,3.082911347542853
116111,4.403531126568632
116113,2.6550256692933982
116118,3.7478132210129615
116129,2.7367581041396085
116130,5.30815340253196
116133,3.111213391141158
116136,3.003374117848743
116140,2.94254471792119
116141,2.520661067992351
116142,2.833550975254237
116152,2.900701561875034
116160,3.925847308926711
116167,2.570180900065796
116168,3.1015580808841587
116173,3.038072649041672
116183,3.0105015571655227
116193,2.6546302520138196
116198,3.1087399792444703
116217,3.932221037314683
116219,3.002081771808288
116221,2.5501424525282665
116228,3.8909157956792386
116235,3.116607934925027
116243,3.0317418594202703
116250,3.764306435112196
116252,3.568092811905519
116261,4.188884143462859
116264,4.99554990010529
116270,2.5610790542200377
116280,3.9489198164230888
116291,2.6766695666219733
116293,2.794363162618378
116302,3.7031193828485915
116306,3.234791355140257
116307,3.226761253859423
116310,3.6623135922922767
116311,3.343503004258741
116330,3.465086151889975
116333,3.054557199087599
116334,3.5333369706902884
116336,4.578311123352374
116337,3.085203267492978
116349,3.817969943685783
116357,3.9995837753751275
116370,2.882232545109418
116371,3.5412570521590165
116372,3.1163415368068943
116373,2.9533360367620785
116374,2.987213687800037
116379,3.7446049962933214
116380,2.678695676060607
116383,3.6020887931843326
116387,3.0693375410202903
116391,4.57516973206055
116398,3.150235233339622
116400,2.9347546525106734
116401,3.696572993548264
116413,3.0686573126442984
116418,2.7140981243263553
116419,3.253576536074986
116422,3.4518586740316572
116430,3.1591135285960537
116444,4.193829678017216
116456,4.84488530418039
116464,2.383993333665767
116474,3.885393642297247
116475,2.579804862348256
116486,3.5696393365488173
116488,3.133494639466133
116490,2.7224668878270237
116492,3.0161886046890536
116493,3.624346899377157
116495,3.1789847165619136
116504,2.9138516088847854
116538,3.7531025545455794
116546,4.643651296736347
116550,3.098747377233244
116561,2.8514832470700875
116562,2.7761617675863515
116576,3.5698267574377276
116579,2.6624414629862763
116581,3.08284814483201
116591,3.2105014871880946
116602,4.600729488314286
116612,3.019422183646038
116620,2.6340946108901258
116622,4.274233169514526
116627,2.483904484482963
116642,3.26449500306913
116645,2.4073836088382596
116664,2.4371574347583027
116668,3.0940476356225504
116673,3.1928718737350357
116678,3.79696119843949
116680,4.249663360546642
116683,2.916879517413269
116691,4.642978526458549
116692,3.0686197667058144
116698,3.131720909259536
116702,5.147462618115643
116708,3.682001794873504
116711,2.727694141623432
116713,3.5729540062512246
116722,5.905148353015427
116723,3.116685890383637
116725,5.14898243426006
116735,2.41020273471546
116737,3.2108276251921444
116738,2.636350061185305
116742,3.157786694364967
116748,2.8632588568964787
116763,2.717449212483608
116772,3.3087434775486915
116778,3.5275073210915844
116780,4.5657550805602165
116788,4.613288448688785
116789,2.9952929485319815
116794,3.058945055265897
116798,3.089440045126562
116804,2.78759735113919
116809,3.1941557240022775
116815,3.521681652377225
116820,4.653069092693982
116827,4.57986404821392
116869,2.9951800443946333
116875,3.549636475626924
116889,3.595804177877061
116893,3.681105512970529
116915,4.129131156390386
116919,3.0662448741399957
116928,2.9328910617253254
116931,3.683718938729231
116958,3.7136476117156056
116982,3.103348686130149
116984,3.0769468115992304
116987,3.6537683636685436
116990,3.557019192566429
117001,3.2244749662708023
117003,2.7495987082518005
117018,4.56837119026552
117021,2.8921033970315917
117027,3.5666881401246107
117031,4.772120082045889
117040,2.6754297853662465
117044,3.3970597962619014
117045,3.116607934925027
117049,2.9844503474006907
117051,3.6873376957106165
117055,3.614269251354422
117057,5.559794242763085
117060,2.9844503474006907
117063,4.0589391059226285
117067,3.0562918697740526
117068,2.9873521214474983
117072,3.224173435996756
117075,2.729530828352426
117079,3.1791149148677373
117081,2.7349867528823033
117083,2.9174111189503114
117087,3.2427929325165294
117093,3.8790470393373644
117098,3.2368757548771434
117102,2.9318511945870176
117105,3.0940075056219642
117115,2.7278466494883467
117116,2.942306113305745
117118,3.051860498569893
117122,3.852800376740536
117129,3.556684093410532
117130,3.0089462099686073
117133,3.0794462827563733
117144,3.796086941860099
117150,2.6804473508162148
117159,3.643816383928841
117163,2.9993110060359602
117174,2.9840027804973768
117175,3.655145259128748
117184,3.0179269755848805
117197,3.143731405459559
117198,2.992290648276819
117200,2.7708101430768344
117201,3.0562918697740526
117203,2.927477774306536
117217,3.178068442663008
117218,3.0300942432151516
117244,3.649818058106935
117255,2.6961158999448482
117258,2.7006184183456146
117260,3.051393213113456
117283,3.0650468794858323
117284,3.728755557015541
117285,3.2613618017206836
117288,2.1962192611513798
117294,3.6517249426671166
117297,4.019364191476252
117301,2.6530780543575085
117311,4.868499160595498
117317,2.6762067980660036
117318,4.50499543781908
117319,5.0821042872887405
117324,3.2045322483010987
117333,3.595700393775891
117338,2.946018259847315
117340,5.076266067166863
117341,3.916986962564988
117350,3.137537768880594
117354,4.086335878261681
117355,3.7175317139098825
117357,2.847290590142266
117365,3.6061018685226096
117373,3.4140463316597636
117376,3.0937374751527082
117383,5.381538051417495
117390,3.0693375410202903
117394,2.990868938113809
117395,2.6638032377116367
117413,2.741223861725911
117419,3.432363630087175
117435,3.8765821609516786
117447,2.7430354946405004
117448,2.5590511065779578
117450,3.108854139285062
117452,3.3858435537044405
117465,2.8934388780262252
117469,3.1122492524417904
117471,3.1135251133315367
117473,3.1949541525661687
117487,2.6309334650078515
117490,3.9251390700140707
117500,3.5090930645889795
117501,3.393716140808121
117504,3.066621593077254
117517,3.3130699346928223
117518,3.781299358964054
117534,3.308074764544929
117542,3.7091564724720847
117552,5.266148652288214
117553,2.669771853254351
117557,2.968615304536342
117564,3.3521895082357793
117566,4.989162180953503
117570,3.3521170213301636
117571,3.535466143196361
117579,3.916290148371446
117591,3.796836200870712
117594,3.2335241914991846
117601,2.79890107975336
117602,2.979719964360608
117604,3.504915515145119
117611,2.991221413189655
117616,3.2207823609673416
117622,3.595700393775891
117623,3.2596210559301726
117644,3.4389789069433574
117649,5.045529537701262
117654,3.6361632661826944
117657,3.1063468051753436
117658,3.198607954102902
117674,2.9423774910113893
117679,3.7110674547449163
117686,2.728536977955433
117691,3.3963233701926896
117692,3.9346322723952167
117701,3.549436943307862
117706,3.5170786336350384
117710,3.715998914603107
117714,2.830477409046277
117721,5.780819715911113
117729,3.0794041732342228
117731,4.07293446277491
117733,2.8589567690033864
117747,3.2413945582853176
117748,3.375164274785033
117754,2.9775491031325556
117771,3.1759138417878563
117782,2.9448838121029266
117789,3.542789244117457
117792,2.786550960209683
117793,2.911183354017692
117812,2.92769676002936
117813,4.035918681269565
117815,5.085487374053626
117824,3.0163598675576164
117829,3.0648450672496703
117842,3.0686573126442984
117850,3.8073589045739045
117861,3.0792515548932924
117867,3.0275229647748647
117871,3.175940570344456
117881,3.0559973267733924
117887,3.724757408891908
117893,3.41053515744867
117894,3.1253913733108614
117899,5.0382311085137195
117900,3.4757860335753046
117909,3.5568461736353907
117925,2.9775491031325556
117927,2.9015620460163745
117928,3.0107697840520093
117930,3.518946302827686
117938,3.7522136330798075
117950,2.4591689407088704
117955,3.137537768880594
117957,4.439288994490823
117959,2.449934487738139
117960,3.480292690587178
117965,2.254307928852509
117974,3.2847012016867425
117986,2.938378258814556
117988,3.5954476642583564
117990,2.981415834796727
117996,3.6475847998750233
117998,3.4741089565476253
118000,2.8270131786353168
118009,4.696743164231281
118012,2.7205075722962184
118022,3.096932294497323
118028,2.35955554810871
118043,2.9983032012727353
118050,3.5339595046988137
118053,2.8331167661064374
118070,3.795421160247492
118071,3.320181678814743
118076,3.281673412346409
118087,3.611407441883982
118089,2.573840399360253
118090,3.7530512260360585
118093,3.1680608989986085
118094,3.1251088733622874
118098,3.6488461575666884
118099,3.1103558089598153
118100,2.565089269902916
118104,2.7501490952633243
118132,3.131720909259536
118133,2.8863469736666363
118139,2.997653358102322
118145,2.508666087029888
118148,2.384028644367038
118158,2.678657464097471
118162,4.505023803827434
118163,3.1765885736147155
118174,2.8490236621457847
118182,3.092166869960156
118184,3.079229536625936
118195,2.9818308398709283
118196,3.0792133744694548
118197,3.106557527945521
118206,3.057663283438743
118210,3.045103129265769
118213,4.5773621843128804
118215,3.581467477501003
118225,3.220846876371994
118226,3.6499795329012987
118227,2.9022105091666104
118230,5.000497375109718
118244,2.9571095473198814
118251,3.1726675743637416
118257,5.09422939485813
118261,4.601272756642405
118264,3.476751103781866
118296,3.063962083696086
118311,2.970237360764829
118314,3.0531069333601857
118318,3.5972042046359185
118326,5.0753833566027815
118336,2.99338622531932
118348,2.8062354425267637
118349,2.5572795730178535
118353,3.2215312105433123
118372,3.998849420536968
118373,2.7734258844061275
118379,3.0428528792205007
118380,2.5762027679384234
118390,3.177549838954278
118397,3.0262034569300833
118406,3.0941575921767566
118416,3.054296340001981
118417,3.1001167509979113
118419,3.034903704667757
118426,4.884352033314801
118428,3.0832138354838343
118438,4.380713366909677
118439,3.3118233250479174
118453,3.0548629534859644
118458,4.321922377080499
118460,3.5646439236444465
118463,2.9855204981666708
118471,2.946018259847315
118473,3.497720919351923
118484,3.0456243308386877
118487,2.9581031996286855
118499,2.7836897684262656
118501,4.616026496446066
118504,3.671166485068278
118506,2.413764799722572
118514,3.033939401245025
118517,3.0425922268360743
118525,2.764861392591234
118526,3.248005718924202
118539,2.7121288972909587
118541,2.8019585210349907
118553,3.1803612115232696
118557,3.8563140806160803
118578,2.8183907645835897
118583,2.9666923396993585
118585,2.828108551440521
118588,3.0024711249733507
118591,2.669291102134401
118594,2.995431848739002
118612,3.7283706968847072
118618,4.4242155615964815
118622,2.9840027804973768
118623,3.594672115961843
118631,3.125375435804645
118633,3.379804160984076
118637,2.758944693199011
118638,3.416242637548172
118652,2.7430354946405004
118653,4.27860693285942
118656,2.984635611751076
118659,3.2981904873439545
118667,2.724794256291985
118674,2.751811309670226
118675,3.0935650227582134
118679,3.0606936616214555
118680,2.85006865179984
118682,2.86920273516033
118686,3.3835627963375656
118690,3.8381156977735413
118692,3.0785439916157946
118697,3.0246448735174294
118699,4.506859226781907
118717,2.7526957028174617
118718,2.717449212483608
118719,5.319736614434525
118721,4.347731122231286
118722,3.092552065062124
118724,2.8816953791172333
118728,2.6664295276698855
118738,3.443808507403124
118741,2.682329296514119
118747,4.563609960725288
118752,2.611281785491386
118762,2.9995661042422133
118766,3.6141323115143162
118771,2.978323016844409
118772,3.131720909259536
118776,2.505999737134653
118777,2.7545330878766614
118781,2.8450469636184446
118797,3.3295635033220323
118798,3.4728893214985925
118805,3.0364329785457533
118808,3.1268510190751626
118814,3.0151604379613994
118815,2.6779720285836137
118826,4.880627162052525
118828,2.7828763243627455
118834,2.906155518951784
118835,3.643408846022595
118836,3.224969282486513
118848,2.832602275215301
118850,3.0133448512374676
118865,2.921598234940907
118872,3.0128339441702785
118880,6.306983662501531
118888,3.0567547206788626
118889,2.8362446440820963
118890,2.9799025952523697
118897,4.046966418322519
118898,2.668223076174302
118921,3.2388064727486605
118924,2.604565315084868
118940,2.9630062758140325
118945,2.343765146782611
118946,3.035315547493383
118948,3.4956349337941637
118952,3.0701372770673183
118960,3.1227132717314565
118962,2.922181517689785
118969,3.1122492524417904
118982,4.190087483054157
118984,3.9995837753751275
118985,4.546271862395818
118992,4.615227705903823
118998,4.483815126523547
119007,2.71921934040779
119009,2.896723197440227
119016,2.8966094651681447
119028,5.055616682857811
119029,3.105145614535545
119030,3.0960853675991813
119037,3.3072586595399307
119041,2.7797748271948004
119042,3.1698737074073042
119054,3.7826987688737743
119060,2.7545330878766614
119066,3.2236893571625282
119076,3.4590396118155917
119085,4.541730884110263
119086,3.2407706170850705
119108,2.8226902609280633
119119,4.101695588333606
119128,3.568815960298902
119129,3.8287308465965837
119132,3.5519376136795833
119138,4.634546207865183
119140,5.419766919317444
119149,2.5752878235997043
119153,4.948814990299835
119156,3.0673171517458515
119161,2.653801039786138
119164,2.668184457959375
119170,2.956927106394777
119172,3.5412289906610757
119174,2.7859114477343003
119196,3.357748535896401
119206,2.6450400562453917
119219,2.8019321869120146
119222,3.6185510928193305
119244,3.0531069333601857
119247,3.27140826157467
119248,3.9079268606745297
119276,4.551141105231625
119281,4.973515609028966
119284,3.0822295343714696
119287,3.317985621565569
119288,5.3233574358727145
119289,4.460574165136032
119290,3.0562918697740526
119293,2.6242317212241115
119294,4.274867960428367
119298,3.0461748534208937
119305,3.6203612967447625
119309,2.8164109165749576
119312,3.8508098624692972
119316,2.7413093548291827
119324,3.1759138417878563
119335,3.552748069544254
119345,3.3088259518717096
119363,3.163727967394711
119376,5.101135715079582
119387,3.106194114607876
119399,2.8528336874910813
119414,4.581468173829591
119415,2.878490965572077
119419,3.1726280937445392
119424,3.5439633623937272
119432,2.742083768603162
119434,5.009931566895206
119450,3.534987156261126
119455,2.870939196718297
119458,3.136890447998077
119471,2.584769288026682
119472,3.040474780148904
119480,2.7165558334587487
119491,3.2482829654077365
119495,4.402435111838253
119499,3.1849182626322694
119504,3.5784357879592497
119514,2.841999306901924
119520,3.0511187096621373
119521,2.9913025665624766
119523,2.802403887070015
119536,2.8025003158738695
119563,3.0940075056219642
119567,3.6207852162268797
119574,2.9311973923100885
119575,3.6351672824423167
119584,3.0855986138700504
119589,3.621342166874232
119592,3.0503241967274466
119600,3.507484616726
119613,2.5623502556424844
119614,3.778939482223487
119619,3.7790296852206593
119625,4.085410226175547
119626,3.2561110454773226
119627,2.6792895154823357
119636,4.955799023808908
119642,3.0590619866860718
119648,3.0244354871755266
119649,3.1199730156795082
119666,3.1124341316333473
119668,3.0739068749217546
119677,3.0530729777431986
119681,2.6508141763538378
119683,2.678830872351724
119686,5.002244470963747
119702,3.274244039119975
119703,3.640067731173472
119720,3.0609369238301696
119725,3.0856718666893332
119727,2.895423962067325
119731,3.056706761874061
119735,3.3550235875104466
119736,2.6906248107876576
119744,3.0668278777643936
119760,2.8051995506981333
119764,3.1273284567099333
119772,3.5191918825650688
119774,3.6642594289275823
119776,5.127426968748268
119777,2.690695001786381
119778,3.484585945447673
119784,3.4230663935343277
119793,2.4604182051991947
119797,3.0555384297003836
119800,2.8917302928053266
119810,3.52026132240303
119814,4.517399151609095
119815,3.6778555791460734
119819,3.3041546331331313
119824,3.941924848263591
119828,5.03189725970298
119829,3.0362546387377614
119832,3.192630220641093
119833,3.4507624476736485
119848,3.120729368490726
119853,3.2449178758851165
119867,2.970237360764829
119890,2.8026213392853845
119891,3.134958282515846
119899,3.094679531916807
119904,2.6441161894705774
119912,4.620633801879093
119920,3.3045520236510155
119924,3.5085422368065116
119927,2.883410825237906
119928,2.529308825914677
119936,2.853802544496471
119944,3.713160841852946
119947,3.765834123490709
119950,3.131720909259536
119970,4.684723085107512
119976,3.2494071899384798
119981,2.7522315673002584
119996,4.995709648291533
120002,3.166259764185439
120006,3.437631668520013
120008,3.044580708747088
120019,3.284353679420879
120020,3.6608868700287553
120021,3.2185387765319096
120025,3.1092513102790096
120035,3.021190679134642
120037,4.626483472786802
120039,3.9099667418313837
120041,3.569668672884379
120043,3.561644022542877
120049,3.13419795812263
120050,3.2602568017491116
120051,3.6821015790011113
120055,3.242490480840285
120062,2.95424290019201
120077,3.3449756494885547
120079,3.232278270970805
120088,3.088527324351916
120092,3.3652447440763726
120105,3.7843764996475056
120109,2.9485228354783386
120115,3.245174123548938
120116,4.3812865851946325
120122,3.450911112039334
120128,2.5527554193951927
120132,4.422028158296507
120149,4.757973320832303
120156,3.3869453153305287
120158,2.3749417963450368
120159,2.662781989555297
120160,2.6812095514150767
120165,2.3571220276166667
120167,3.0457203531030284
120175,2.528303554235906
120193,3.44434438767542
120195,3.1684042674361312
120207,3.7473407186888186
120208,3.1232035269406877
120210,3.0082686620600705
120211,2.9549755073907256
120212,3.4282815672511537
120214,3.0547526890895624
120217,3.472733578544946
120223,3.851681598550092
120240,3.2425903103553417
120250,2.8053811166164815
120255,5.0821042872887405
120273,3.327113743121404
120282,3.0532517979754425
120286,3.1321974350924418
120296,3.6811075641717093
120308,3.220195871934742
120314,3.1272714589730284
120318,3.406011103855355
120345,3.1137016863151823
120350,3.1530338814449257
120352,2.8507424450869814
120356,2.64909183554861
120359,3.678220076378666
120362,2.9451255993627536
120380,4.370488873793896
120384,2.897184935464828
120399,2.9867658104951373
120410,4.46067711552928
120422,2.7430354946405004
120424,3.261921653655872
120431,2.9632415893796598
120437,3.1359649953107893
120438,3.352011785392126
120441,3.549319032084268
120443,3.4482524898651077
120455,4.6314232302891885
120458,2.556814183025024
120460,3.1679954839729234
120466,3.1987485848257324
120474,2.6750369266996192
120492,3.0186084264149464
120499,2.867920734231687
120500,2.8825483696908325
120514,2.876545278512193
120516,2.822113763104004
120517,3.2242517697654627
120520,2.9993110060359602
120523,3.1539276009539288
120528,2.6138915661290842
120530,3.283126409085107
120541,3.6942117816187694
120542,2.676870481540897
120547,2.994948960469728
120548,3.1543078701617393
120550,5.870021033305594
120563,2.515275970469587
120569,2.7827693856908216
120571,3.985195383780321
120573,3.883348584325653
120574,2.667875960542802
120578,4.018843101393037
120588,2.78759735113919
120602,3.544777570084884
120610,3.0128081905267763
120611,3.4251739554725753
120612,3.1102694351568703
120614,3.4484724806222684
120621,2.848775052634325
120629,3.137537768880594
120642,4.368957294124025
120643,3.440237597907239
120648,3.658563046744984
120651,3.530250190155827
120656,2.873941410151433
120662,2.9835733090995307
120671,3.542717096957313
120692,3.041933655000627
120694,2.8934388780262252
120714,3.4815941978388563
120716,4.5550485283285695
120724,2.3838976155976486
120727,2.6836443363420486
120729,2.7797748271948004
120730,2.5682693197260273
120736,3.163727967394711
120748,3.190941896542455
120754,3.082081934438008
120764,3.0444327491246432
120767,3.0531069333601857
120769,3.8613058639699034
120770,2.471538054089567
120776,2.602904723639186
120786,3.023640853653596
120788,4.521690001019724
120791,4.269175482376847
120792,2.9933370418903595
120795,3.092426883432512
120796,2.966839278569124
120809,2.4457746478503903
120813,2.6791913882614424
120817,3.717337602304779
120825,3.374690276408201
120844,2.4799945171841564
120859,3.0492538262899163
120861,3.243891976403704
120884,3.2504848261770385
120898,2.6241337444935824
120920,3.131720909259536
120925,3.219350518596477
120933,2.9346947612475156
120935,3.690562838081118
120942,4.547403428883656
120945,3.0023425961961134
120947,3.300735983315325
120949,3.2325304345762347
120960,3.038367425303628
120969,3.303393446622481
120976,3.456452914432411
120983,3.430603171161022
120984,3.159335962075073
120993,3.405748470486283
120995,2.4980578607231116
120999,2.543036467647198
121007,2.400262786461499
121015,2.6633360765389638
121016,3.7377459035283263
121020,5.386434555042651
121032,2.928996517913817
121049,3.219332533882144
121058,2.994310533597923
121089,3.6107890790506834
121097,3.127653122376123
121099,2.9928810031378745
121120,3.1063468051753436
121126,4.575387281031984
121128,4.28616194321625
121139,4.2509556216857165
121143,3.7228060479356433
121152,3.290133731947506
121166,3.5796619621273726
121199,3.0291907303269996
121200,3.6284686140398508
121212,3.114027896187534
121228,3.522789575976371
121231,3.328482739937683
121232,3.9224701599512968
121242,3.015929033397959
121251,3.1828262155664073
121254,3.1877045443379988
121256,3.024302069158942
121257,3.1109261703623097
121266,3.0693469000314204
121282,3.156154069458876
121296,2.98977244731709
121298,3.157786694364967
121299,3.7263240330222107
121302,4.346312253524738
121304,3.6503329067015495
121312,3.08898807290219
121333,3.5008374712425296
121336,3.4937439527528
121349,3.1744018733420925
121357,3.055123424022314
121364,2.925778225697734
121366,3.0668278777643936
121376,3.138879539686819
121386,3.0511281066433886
121388,2.91674174271487
121390,2.9699195044808198
121399,2.918566816312537
121401,3.3967514376500105
121406,2.833346060102107
121408,3.163727967394711
121417,3.653197749391228
121422,3.5435499643610777
121429,4.666846448713832
121458,2.9844503474006907
121466,3.1124341316333473
121468,2.982817165216273
121471,2.7848381700900338
121479,2.5049593704174367
121484,3.1459738189997575
121490,3.8973975416315194
121495,3.0461748534208937
121496,4.406540651779755
121508,3.0094963438684315
121512,2.98834245292399
121522,2.69224103581082
121525,3.115244099187095
121526,3.361113937793747
121534,3.6456749489765996
121546,3.795421160247492
121547,4.201539052764889
121554,3.7330532751934893
121558,3.151938826344319
121570,3.6542788749458013
121571,2.748799716655458
121583,5.380134986263347
121586,3.259709824659671
121587,2.44122199731719
121591,2.664806772549811
121597,3.1299849738678938
121599,2.955545201014455
121607,2.978083142426307
121608,3.183335222011754
121612,3.1072758532355396
121618,3.87325594130488
121619,2.49634616020134
121624,2.505323647049991
121629,2.782230001239793
121630,4.730059021471751
121636,3.137537768880594
121637,3.639812715354042
121642,2.7769961939393863
121643,4.287569400555759
121646,3.8348789863720825
121661,3.1233432583268645
121667,3.0375813785185573
121677,2.8230798878350076
121683,2.7559783225513184
121691,2.6164779595957657
121704,3.4130954845079353
121713,2.928026898055251
121719,3.498208548392749
121720,3.8244975927101414
121723,3.1838679482945538
121726,3.7383857239306453
121729,3.409679653539361
121734,5.09378101494698
121737,3.015929033397959
121739,3.0407476551233157
121744,3.2255151693076978
121751,3.189424527337342
121753,4.203318838164743
121759,3.055123424022314
121778,2.706156269485468
121781,2.995761377121055
121784,4.4141244560431225
121786,3.0163598675576164
121789,3.9488845590528543
121790,2.8926980288854995
121796,3.031756042298798
121802,3.6703335435950146
121807,3.0789255081373463
121816,4.6068768047582545
121822,3.7304568455570957
121825,3.853099742389822
121826,2.7333665265168308
121827,2.5683822917291566
121831,3.215128519057827
121839,3.5315789278761858
121843,4.865978384880409
121844,3.4455251986814277
121848,3.0438034265104297
121849,2.947399588568689
121855,2.6481005231643993
121856,2.6199449654801663
121861,4.627141918055463
121862,3.098702559030367
121865,3.626893391258643
121878,2.6913714246416856
121879,3.063758710416748
121886,3.0532517979754425
121890,5.7472522060253555
121898,3.1267411583812517
121907,3.03841140570696
121913,3.0657861080709528
121932,3.991766854220399
121944,3.094427650357706
121945,3.445182073666828
121946,2.967430000744978
121950,3.006265570336775
121952,3.8233756134817325
121953,3.212632375779987
121974,4.8723844440769
121975,2.509300833022311
121980,2.6917850352239654
121981,2.800119574574587
121985,3.0428528792205007
121992,3.122543153874617
121999,3.0227113938500882
122008,3.0466348357154516
122012,2.399321529690261
122022,2.742083768603162
122029,2.658679029137492
122035,2.6286920393033264
122047,2.7667532245207815
122056,2.9780564194335772
122058,2.9444268372547713
122066,3.0940075056219642
122074,2.846759475982823
122102,4.740384993317168
122103,5.078340904110149
122109,3.3540543153053357
122119,3.6759392729363864
122137,3.5885084276741326
122138,4.4533709694574695
122147,2.95424290019201
122152,3.855346641772103
122155,2.84907231864415
122156,2.987213687800037
122160,2.3709905120344206
122161,4.081304870478441
122170,2.765790511137043
122173,3.0903870690931243
122178,3.175276381396278
122181,3.114948159768647
122188,3.0418259258802767
122191,3.2062340630233654
122194,4.520350954449063
122211,3.305401361683339
122228,3.172398344872722
122235,3.8902236886123074
122237,3.626409018282769
122249,3.480097679028442
122253,3.290428093270899
122260,4.402639371671893
122264,3.3415957862236314
122274,4.205474584884856
122280,5.340448681836368
122284,3.1196877032717154
122293,2.3522097954720054
122299,3.0739035888769215
122305,3.0328048652469732
122307,3.9206007453944176
122312,2.932443583086282
122314,3.7033322796218684
122323,2.993067326351818
122326,3.894493043730517
122330,3.131783508782107
122351,3.1124341316333473
122365,2.9907242966655683
122371,3.6165446147827858
122373,2.9007901717242306
122379,2.4532050412810085
122385,2.936119516030273
122390,3.860927731948326
122402,4.802846639102137
122408,3.094122088288608
122413,2.405337561764561
122418,3.002692123200208
122422,3.7880645933341768
122428,2.9689070240922595
122438,2.9818308398709283
122445,3.2942737993733613
122464,4.357212296708044
122476,2.782511603463331
122482,3.035315547493383
122492,2.9845759798897373
122495,4.520113631480498
122501,3.2232242323300047
122502,3.4788914467329515
122507,4.2027630717996765
122508,3.2088292180137117
122509,4.76595501025983
122513,4.575312143598924
122518,3.312181657755065
122520,2.6849191672386263
122530,3.6631871780885206
122537,2.96712564357448
122539,3.786110950537863
122545,3.638767124476989
122549,3.897524309881458
122554,2.924259852083402
122563,3.5951745962409714
122583,2.633672241206402
122584,3.623276385551612
122591,3.1063468051753436
122592,2.7065994964539954
122608,4.139327997170249
122614,3.249795067713578
122616,2.9531179063746857
122626,3.0218788748909744
122630,3.2194287462487825
122631,3.175971808019053
122636,4.57823427830065
122642,3.6625889011618553
122652,3.4515840003121263
122655,2.856072508930936
122656,2.9246384816057884
122662,3.1745619868256396
122670,4.427052870239025
122672,3.314761399002091
122675,4.468863051584196
122680,3.066429556116488
122700,3.613888172711521
122707,2.658542680405673
122709,3.1426314119291257
122718,2.907969344873914
122720,3.137537768880594
122732,2.872526672700824
122736,2.9102200080384755
122743,3.192778473304065
122753,3.031303661624129
122760,3.481097378122357
122766,2.993067326351818
122770,4.569047497425755
122788,3.3264961119663714
122789,3.766990643228277
122792,2.838598048462923
122794,3.162815112827519
122804,2.734186956022224
122809,3.114027896187534
122811,4.620178017170413
122816,3.0650468794858323
122821,2.7828763243627455
122835,2.955661009319323
122837,3.032162767189932
122838,3.0214413191239253
122843,2.69180095611923
122847,5.539912148867839
122859,3.1789847165619136
122861,3.1262063514060463
122872,3.0402892231700847
122874,3.5041729346617734
122890,2.9844503474006907
122891,3.357335521584384
122894,3.1605801344669433
122899,2.5216491699387515
122902,3.249899688659123
122906,3.825945616074124
122922,4.454383617839153
122923,3.003374117848743
122927,3.6193595437691273
122930,3.4305870538207293
122932,2.6925790512274093
122943,3.815044766251968
122956,2.535337705095989
122958,3.070879038941621
122969,3.6574554080640884
122971,3.6313394796131617
122984,3.2214560204913125
122990,2.7502880806794487
122995,3.270155956654887
123007,4.969787955470997
123011,3.1903954028820913
123018,3.195936541705019
123025,3.869840237096391
123033,3.68649131287121
123035,2.752506116847199
123040,3.796399754217769
123043,5.5454464427808166
123044,2.942791797365516
123045,2.9770762990789144
123048,3.363873512567787
123051,3.0188668846206737
123060,2.727694141623432
123069,2.564587870323324
123076,2.9299075634651706
123080,3.081656659945192
123085,3.032054406626276
123092,3.454056643291399
123109,3.740400980655498
123123,5.0069111274439875
123125,3.6232375687027876
123141,3.6074685925355223
123142,3.5279271716515486
123143,2.4590977356376067
123151,3.395097855004684
123162,3.0069132520647286
123166,3.0223615138689
123169,5.097552438535988
123179,3.0082686620600705
123182,3.4380283333175594
123183,2.6592712177283633
123196,2.9757464875305475
123203,2.98834245292399
123206,3.035315547493383
123211,3.5972042046359185
123222,2.8509297950959245
123225,3.182893154158756
123227,3.4369537746257395
123233,2.6821040671672356
123243,3.0362903773792556
123244,2.9404174609749507
123247,3.402763513271401
123254,3.0315211704248393
123265,2.825506896647136
123267,3.7999790461229823
123273,3.137537768880594
123291,2.9861503534399847
123304,2.907979133902216
123310,2.858395641168921
123311,3.04810693282155
123334,3.472330435046735
123335,2.658942085790552
123348,4.698343651239465
123351,3.539659422541076
123353,3.643170777207275
123355,2.780258238118941
123359,4.466530079777562
123360,2.649182247895042
123365,3.0885810898580806
123375,2.8799713550557993
123377,5.559265773800954
123394,3.125375435804645
123396,4.797359250695088
123406,2.7625923023325707
123411,3.454457357202166
123412,2.542993743813338
123416,2.901535358649825
123425,2.9440669501217536
123433,3.0818175031888164
123440,5.780616658284142
123442,3.451453364045897
123443,2.931901383529157
123449,3.6642594289275823
123451,3.039818006385032
123454,2.7289787692771377
123455,3.4679977959662827
123468,2.5785889440855185
123476,3.1227132717314565
123479,4.693506492841147
123480,4.533547106352605
123482,2.7426049322036317
123484,2.6910022162397036
123509,2.711241733005322
123513,2.929473822571369
123517,3.0710106489744993
123535,4.06333023235124
123536,2.7754142884063904
123537,3.0461748534208937
123544,2.71921934040779
123546,3.262677378614383
123552,3.1198161133237305
123555,3.740122691702623
123563,3.101726737491275
123565,2.7375325323444986
123576,3.1624302789216405
123578,3.0590619866860718
123582,4.012564919458681
123597,2.9861778430374164
123598,2.7251303687611
123601,3.183217195221796
123608,2.9913821931348865
123619,2.7401813804038775
123624,3.5450589430338533
123626,4.539991867991963
123648,3.212787969067232
123656,3.485088599738767
123665,3.335912977986539
123678,3.5498806390842033
123690,2.3944711405947925
123695,2.6912553205755145
123708,2.697449773215842
123718,2.9768461740994336
123720,3.4522277477708307
123729,3.295420209148473
123730,2.7713688530556944
123732,2.7828970792446794
123743,3.5436653594251224
123768,5.076097174571984
123772,3.1037867643528663
123776,3.08371559945316
123782,2.713039672513912
123783,2.823414488946363
123785,2.7487671437910297
123790,4.631697653534184
123801,4.639865174390946
123803,2.7089627127359788
123808,3.002081771808288
123812,2.766212360567312
123814,3.4242352152193556
123823,3.6436040938065584
123834,3.8233194845857
123836,3.0443463965425033
123842,3.0562918697740526
123845,2.5329981720803074
123850,2.92419087278146
123853,2.7821586198148482
123856,3.105798540323218
123864,2.31131728225546
123866,2.8215976587594747
123871,3.618094560622416
123877,5.008773451552218
123879,3.4609427569767766
123882,3.3241330844480332
123891,3.0378161938805146
123892,2.543020138018865
123896,3.6865767070704103
123902,3.056706761874061
123903,4.6935874980854635
123906,3.170528016994057
123908,3.098040300858561
123923,3.5280386663403953
123925,2.50914298251551
123928,2.8198774799782385
123929,3.1299849738678938
123932,2.835043558553955
123937,3.79696119843949
123943,2.9526451558746345
123945,4.930871569165114
123947,4.757424194249677
123952,3.4914444126746798
123954,3.0618929235405425
123955,2.9382622015381346
123959,3.6511629553633194
123964,2.649326047675112
123965,3.190932697321681
123969,4.457404150559608
123971,2.606208352367843
123978,3.081654933832836
123982,2.978270847125321
123989,2.877487660358257
123996,3.2351861453712374
124005,5.057293051865491
124011,3.6655671399642102
124018,2.6873193276860334
124019,3.7472730691409115
124028,4.580475996522008
124032,3.00277157535718
124033,2.714650076436247
124034,3.015568940978229
124039,3.137537768880594
124041,4.520187627789908
124045,3.0650468794858323
124055,3.3442828253565375
124069,2.6784248990977675
124072,4.472607851402943
124073,3.226034749732714
124082,4.220744822683164
124086,2.977617171092235
124087,4.001964706491437
124091,3.218690373560838
124098,3.0395972066115706
124100,2.8878632927359287
124101,3.939715760193876
124116,4.995602768963501
124119,3.299371221474877
124120,3.2396188626540003
124122,2.98834245292399
124130,3.5587442316767546
124141,3.053706896937148
124145,4.557435060000404
124147,2.633234036814471
124151,4.365258544290214
124159,2.9946960581062445
124161,3.634284462847196
124169,3.706318954591955
124171,3.6652818640332896
124178,3.375630868764121
124193,3.8118402328878274
124195,3.1088082584110817
124198,3.1108348167075164
124202,4.703168249314413
124207,2.9550988050721188
124212,5.046379930561619
124217,3.3828058000718584
124223,3.2602361616572324
124230,3.0674198099977787
124231,2.861721990017176
124234,3.9391832686221173
124239,2.980204262842641
124245,2.510663102458537
124251,3.4497234596206625
124268,2.882450923608294
124269,3.6706965034233487
124272,3.140816454472135
124274,5.065941693595455
124290,2.6721631714570853
124291,3.3934276052958885
124305,3.7095564981374105
124312,3.0032050962134935
124322,3.6226593047652207
124327,4.5751068006572755
124328,4.35148229316739
124347,3.5655606305891308
124348,4.207258086624327
124373,3.218896148375461
124380,2.8475380225868068
124390,3.655569144575377
124402,2.6661697618676232
124407,3.03057755372294
124416,2.5471376888861235
124418,3.0420721089904124
124420,2.4461647794158363
124421,4.66192278005739
124425,3.251180134500121
124426,2.8327991922188493
124428,3.04314331627426
124429,2.4314178334691467
124434,3.1355840879915093
124457,2.6713591714124085
124468,3.1658716189902107
124517,3.2146243374424133
124518,2.82345286866886
124531,2.8528742284733446
124535,4.633203386437643
124538,2.565873866257429
124546,3.1446334182194473
124553,3.003898161505405
124555,3.093877202533769
124560,3.357003059532679
124562,3.0909931667745347
124576,3.054703431035035
124607,3.3641587826784773
124615,2.7806506707199516
124621,3.108421040671399
124627,3.3551678997713443
124639,4.5756730678135185
124649,3.6447212794709882
124650,3.7819788173515017
124655,4.640512888245583
124657,2.638620805343474
124663,4.853296082908191
124664,2.754099740642601
124668,4.532878583654392
124681,2.7401813804038775
124688,3.4241245203431925
124689,2.8025003158738695
124701,2.6847867837683355
124704,2.484787011050377
124718,3.220846876371994
124723,3.62142127513515
124731,4.449623871418201
124736,2.9707897890779034
124737,3.4920585107528943
124746,2.60151670976293
124752,5.038766005719201
124753,3.0461748534208937
124758,3.573164294731037
124764,3.156536342878032
124774,3.3595734235168893
124775,4.476007137821961
124784,3.3305554114936258
124785,3.2585347330032417
124799,2.9101434724612933
124801,3.325118301276652
124807,4.0649732354207195
124824,4.442682480555884
124826,5.329609833908351
124832,3.051580069466054
124839,2.7273387416797394
124843,2.815308838468851
124846,3.5637642008648225
124847,3.224969282486513
124848,3.0297662845426228
124861,2.2404561156512806
124877,3.696500222173792
124878,3.0929964164542705
124885,3.120172067598031
124890,3.0076423344116803
124892,3.6984562665751444
124902,4.602755989009159
124911,3.2834190322091605
124918,3.8043916469060646
124921,3.1108348167075164
124922,2.6171833641332647
124929,2.7251795270246526
124940,2.9307395103984253
124946,3.5591689672373197
124950,3.5585644106909555
124954,3.515625134506415
124967,2.766991694804496
124968,3.9654290478625827
124979,2.3506032646772503
124982,3.057915828453841
124986,3.41751047361896
124988,2.976402994182682
124989,3.194078919991281
124991,4.642978526458549
125012,3.0848367678979987
125015,3.77397597461587
125019,5.066191668319152
125025,3.452256888791321
125039,3.015934893478774
125043,4.670171321448306
125047,3.9913120852253585
125054,3.5946700733589436
125057,3.8270446903152378
125066,3.9147421543977887
125067,3.1802036389956894
125069,2.624940917456243
125073,3.4837197999703164
125080,3.204429641607237
125084,3.054244971812283
125093,2.8826501141903216
125094,5.536543953404988
125105,2.970237360764829
125112,2.907969344873914
125115,3.787677752079593
125117,3.1735246214972554
125132,2.3448684313386634
125133,2.2580070022542706
125134,4.712426916162542
125144,3.033557311706191
125146,3.158474009340897
125147,2.763294987484169
125159,3.220846876371994
125169,2.934799830122705
125170,2.782343652500582
125178,2.8543947920592463
125179,2.9404174609749507
125184,4.5812805931062925
125187,3.0995068486290456
125194,3.1404663965925805
125201,3.112307529373325
125207,3.2689528062356965
125212,3.375523944306678
125214,2.6954526226943045
125216,3.4834835979294003
125217,3.145516742744588
125219,3.8607279019507983
125231,3.520042916832698
125232,2.9228573132629108
125239,3.335066316901457
125241,2.8514832470700875
125242,2.553079369260489
125247,3.02174758923095
125248,3.024800914926431
125250,3.114948159768647
125252,3.114337058720056
125266,2.9430067156235062
125270,2.7697048130810518
125271,2.6095554504233043
125275,3.862437677868763
125279,2.7278466494883467
125282,2.8051995506981333
125284,3.0922985186501486
125285,3.1257716353669407
125296,3.1888553477607395
125298,3.0855500368340785
125307,3.764935427116287
125309,3.131720909259536
125313,3.233222507176
125314,3.4065531509211064
125335,4.606171959349239
125339,2.8355953710761246
125342,3.183339127046945
125355,3.033939401245025
125356,3.099645008093145
125367,3.208949384766394
125370,4.6123959528191865
125379,4.59869013324653
125397,3.166135594001629
125403,4.748467347996069
125409,3.604552853636366
125422,3.5623536096536608
125428,4.545675030660201
125445,3.137537768880594
125454,4.608291828763485
125455,4.134337106596319
125457,2.46590444062438
125460,2.804863072021384
125462,3.400412239768793
125479,3.731865675723596
125482,3.5719626590569145
125487,2.8785607767979418
125491,2.5048497429804994
125500,3.0504931353699956
125504,2.888848887617759
125509,3.2854030834391175
125511,3.015929033397959
125515,2.6700369954460976
125519,2.5191409471495465
125530,3.1852310626972056
125532,3.1326891741925635
125534,3.157903038641887
125547,4.684447100316788
125548,2.678657464097471
125549,2.6664295276698855
125551,2.934251526290431
125555,2.7797748271948004
125573,3.4427241852198813
125576,3.3812511483811747
125578,3.2037128674966513
125587,3.305401361683339
125589,3.659713753841924
125590,2.587360596324883
125591,3.5207209126137027
125594,3.0668278777643936
125603,2.9657205942247957
125608,2.6975584293251313
125609,3.2023215842798547
125615,3.2829933366133206
125620,3.6815103985205173
125625,3.1122492524417904
125646,3.597654690201433
125648,3.033939401245025
125649,2.6482398856816975
125658,3.13225164210644
125659,3.1474423953668067
125667,3.2352264191100804
125673,2.835419533569955
125676,5.138853967659164
125680,5.623252442656935
125682,3.341041622895796
125684,3.7132039243362875
125692,2.698748434185566
125695,3.948674551913845
125706,3.0699719264598646
125714,3.052758958425473
125734,5.431268928509351
125735,2.9884230515771164
125737,2.8705249406233477
125744,3.266035021404505
125754,3.302357428703425
125758,4.618535953352543
125759,2.83913051352053
125760,5.059722400984792
125761,4.593376667254026
125767,2.638620805343474
125769,3.362332882665851
125772,3.0218788748909744
125780,2.4111269024610107
125785,3.062530993345231
125788,3.473243743765046
125794,2.7151925335207605
125795,2.7434994912223867
125810,3.276967404270411
125826,5.120580431887258
125833,4.326886735847439
125843,5.1606702402168665
125845,3.0518128432380975
125850,2.9844325350346153
125855,2.7519242722790387
125863,3.5952248248057033
125865,2.6276708287317483
125871,3.176075259147038
125875,2.939841893817397
125883,2.983561829023307
125888,3.5622339229637
125890,3.8123975319719996
125898,2.8058775643122065
125900,3.4631766067233962
125907,3.3702770749069577
125913,4.166331799998922
125914,3.7651327325387745
125915,3.4526610929703536
125926,4.5677077860449575
125931,2.90656201708248
125936,3.305401361683339
125940,4.336449638350944
125941,3.7686229821965265
125942,2.913294664520709
125956,3.0340333905386
125965,3.0531069333601857
125974,3.6027154172004128
125982,2.7024013334412866
125985,3.0562918697740526
125988,3.218589022598068
125997,3.137537768880594
126004,3.1055427516424032
126011,4.57683809307059
126020,2.6913714246416856
126027,3.475651871927007
126044,3.550825264967305
126061,3.634978334886394
126075,3.496543044034726
126089,2.722225675319321
126108,3.0357342724443668
126112,3.495195600150092
126113,2.668184457959375
126122,3.3039363437697165
126125,3.038072649041672
126129,3.127653122376123
126133,2.9550988050721188
126142,3.597442421585832
126148,2.9221565277148738
126150,2.827378070519188
126159,2.972256329520086
126166,3.220220281105841
126172,3.544050245513031
126179,3.7220918402837815
126191,4.593906357569647
126195,5.399840561317339
126196,4.7267695588276855
126206,2.7885346027991265
126209,2.3876793021217684
126211,3.0040337304581715
126213,3.3117286812225917
126214,2.915460185222109
126216,3.1022908784079486
126219,3.3370938303750246
126229,2.5986747058952178
126233,2.967208249929406
126238,3.1343534929264054
126239,3.4755968538058526
126244,3.834945323557896
126245,2.8846120204583485
126246,3.1468549047061973
126261,3.4576815494803346
126264,2.9952077841447213
126266,3.1241135411249137
126267,3.626409018282769
126269,5.531286507942321
126275,2.7482097885023453
126302,3.8540468029820807
126307,2.842301828488587
126319,3.2372219162264466
126327,3.0657861080709528
126328,2.74338800222198
126332,3.140380504260468
126341,2.997415260006068
126345,3.0341144115694676
126369,2.7189807054855972
126373,2.8320059217007003
126376,2.882299564341141
126380,3.5646439236444465
126384,3.175870788018865
126397,2.8554402896962934
126402,3.0531069333601857
126403,2.958194303553816
126404,3.4989375946769545
126419,3.2935859868342616
126422,2.936291705560824
126430,2.7344072514334368
126441,4.448935447984783
126448,3.5814388711619713
126449,4.967438595880228
126450,3.4555287657036113
126452,3.19556396019202
126466,3.9822396922174184
126471,2.8993087002454043
126473,3.5981040041410877
126474,4.065902760067923
126476,2.7668776049269006
126477,3.9156644223533448
126501,4.383937407487289
126505,3.273189281770801
126512,3.766614660229191
126515,4.417637814067864
126516,3.33993285848812
126519,3.1059870281945097
126522,2.8850109656926155
126531,3.185015167587508
126540,3.2543811538918535
126543,2.7916708874485927
126545,2.8704468684296773
126554,3.431852547313362
126556,3.9219056935680734
126571,2.8051995506981333
126575,3.4737118533209053
126578,3.1573404367798026
126580,3.987074594231714
126581,3.238799861908647
126601,3.223584250173429
126606,5.338221780595907
126608,3.085388984720763
126617,3.2235497673075386
126621,3.7020467484343293
126624,3.015922862582115
126632,2.9348245689399
126635,4.271374786918523
126636,3.6542521559565966
126647,3.0364538036900415
126655,2.4744353926019675
126657,4.403775356624966
126661,2.961479648455428
126668,3.1306978462957717
126679,3.7235903849919154
126681,2.9844503474006907
126688,2.814053256564555
126690,4.016615370206542
126693,2.726567881686181
126700,3.519939890223691
126704,2.844745324872621
126713,3.1519074457265037
126717,3.0562918697740526
126720,2.753983051379234
126721,3.190833747414754
126724,2.946806238451104
126725,2.7249244944476665
126732,3.517488532513014
126733,3.133566530475568
126736,3.0607299767590455
126737,3.1664842533180675
126740,4.9391452023576585
126743,2.5782865736918943
126747,5.198171368809183
126771,3.1912657531872495
126774,3.0503241967274466
126779,2.834302880653135
126783,3.828825223666336
126785,3.189445889996412
126790,4.618883018106264
126792,3.5660198912533403
126797,3.0157788203156546
126800,3.6391707828465876
126810,3.8134130494199514
126814,3.576120192037301
126816,3.1018805749401173
126822,3.134009768304881
126828,4.649214020543548
126831,2.766212360567312
126833,3.0906790057227362
126836,5.008991715639402
126837,5.333549442325099
126855,3.710482985997565
126856,3.7040784291744924
126860,4.29277541443895
126863,3.132548888553505
126865,3.19994269927404
126866,2.7202599253285826
126874,3.3227762547221795
126876,3.051860498569893
126878,2.906155518951784
126885,3.8114697797738963
126890,3.7322063580154623
126895,3.5622339229637
126923,3.274214771920087
126929,4.76451310790499
126937,3.588432446284853
126938,3.3732311236922525
126940,3.006411378578197
126941,2.6674083102552757
126944,3.039818006385032
126945,2.8590092277608554
126951,3.097491786278062
126954,4.072995783513514
126964,3.8918508401963616
126974,3.127302586855848
126987,3.403839920507048
126988,2.8304840684255232
126993,5.028541032007988
126994,3.7992427346216466
126995,3.137537768880594
126996,4.529675826086384
126997,3.5210866606105267
127005,3.1232035269406877
127010,3.116685890383637
127025,4.450453620271827
127032,4.667293111776728
127034,2.9404174609749507
127048,2.6329830888018377
127050,3.767275482871735
127054,2.701406015987144
127067,4.637738865980588
127075,3.904294186819105
127084,3.0121432543862863
127090,3.0949366548155335
127091,3.4520406561747277
127093,3.0657861080709528
127095,3.772786608580505
127100,3.486471385496342
127101,3.098808505127935
127104,3.474050247077733
127105,2.9307395103984253
127112,3.146147690991654
127115,2.7487671437910297
127116,2.75373559883786
127117,3.5646439236444465
127131,3.111034358477728
127144,5.2657591113686575
127149,2.3598952726942777
127156,4.289751950097848
127158,2.6109263762079244
127162,3.094427650357706
127163,3.4313477133583152
127189,2.605527579383985
127209,3.502186504083869
127216,2.9797105159952135
127217,5.743768240057707
127219,4.281082756930008
127229,3.294286567261932
127238,5.196824149735152
127243,3.0838372350218086
127245,3.089440045126562
127248,4.028242230731573
127260,3.1902173448672104
127275,4.537824594887269
127289,3.063614106557383
127291,4.448741571921335
127299,2.446893215184786
127334,2.729428111569017
127351,2.967207554158999
127352,2.7565584272435397
127359,4.613288448688785
127363,2.3721180086100313
127364,2.4463929751831053
127369,3.2648641682187307
127372,2.9772717292172497
127373,3.0400420331555043
127381,2.2424009777536424
127382,3.317956054413678
127383,3.252305126253182
127390,2.387598400367393
127392,2.7430354946405004
127394,3.305493567518471
127404,4.379932321020412
127408,4.9305989978235125
127409,3.1813284004980167
127414,5.10583237143995
127419,4.57378235134818
127426,2.993479286832698
127433,3.052758958425473
127445,3.0142621808875436
127448,4.562565849873108
127453,3.685192066130725
127458,3.054703431035035
127468,3.3947889362032844
127487,2.713704740655813
127489,3.6621321823030386
127491,3.629914110378243
127492,3.173355694679522
127497,3.0383118045585524
127499,3.585434351553981
127503,3.8940482355650867
127506,2.8528336874910813
127514,3.1088740824317376
127520,2.7837897615596567
127525,2.801182684524905
127528,2.9775491031325556
127529,3.630095903241944
127531,3.088537563351365
127540,4.634839543703082
127543,5.442685068962891
127551,3.98194571271297
127557,3.3591666538320974
127558,5.281633881745486
127559,3.6241229242889306
127561,3.8215349808104575
127564,2.7002290625214767
127570,2.571816639823406
127571,3.0668278777643936
127573,2.983035784707674
127574,3.1090724214868732
127579,2.482633278279216
127582,4.3274963238614
127584,2.8867777076634056
127587,3.1356342037091376
127588,3.4062213806513064
127590,2.8300800416958656
127598,4.368072653683439
127606,3.0230592513986525
127609,4.630343710254592
127617,2.9191796009356312
127629,3.4863515963117253
127630,3.565423747371793
127642,3.585434351553981
127646,5.092910968866735
127648,2.9775491031325556
127652,3.9995837753751275
127653,3.093877202533769
127656,3.346714889998717
127661,3.5838152326416677
127665,2.259996802542745
127668,4.708247961679028
127678,3.196615296270828
127681,2.6703585684618756
127685,3.6300643982791163
127687,2.637318467290707
127688,3.6975867665369613
127691,3.879330693836022
127694,3.2207823609673416
127707,2.9934388179133267
127712,3.661067780713423
127718,3.52184876493891
127720,2.983035784707674
127724,2.843741686486168
127734,3.0365818669407956
127735,2.802898764135592
127739,3.1251088733622874
127752,5.3721310915578915
127768,3.469805721088016
127772,3.109337353318131
127782,3.0470654734474767
127786,3.0428528792205007
127796,2.734570905913321
127808,2.6300653647951435
127811,3.4922096619895346
127836,3.08110517843131
127841,3.170067624238105
127857,2.751811309670226
127859,3.2834392329098834
127861,3.103457560265125
127862,3.9201961667264777
127868,4.920351816760045
127872,2.8579239859581023
127875,3.2524345693644383
127877,2.778782759408494
127881,5.817727604247565
127883,3.394390603721219
127888,3.133143152073467
127891,3.6191924726782623
127894,2.6798076561492024
127896,2.7575976220528786
127901,3.1087770965513606
127917,2.92956104080977
127920,3.0118286667819283
127924,2.8934388780262252
127936,3.2097344043326097
127952,3.057774802372948
127968,3.1240149714637684
127970,2.6708632457461983
127985,3.625362161925651
127995,3.617640151857878
127998,3.2317969162043267
128000,3.3965392333568394
128006,2.7118856397624063
128013,2.5966924271967775
128016,3.163587443911164
128017,3.18587415695385
128020,3.2111001189497426
128023,3.2889053563505066
128024,3.5359672405320595
128028,3.224969282486513
128032,3.014988033540857
128034,3.5099295501699004
128038,2.841999306901924
128043,3.1063468051753436
128048,3.018389435217663
128052,2.797756138904803
128054,3.9394933537878645
128056,2.717449212483608
128064,3.261668824430384
128066,3.740935914452644
128072,3.5548209902610743
128076,2.9549755073907256
128081,3.224969282486513
128090,3.043107440080634
128094,2.9654430949185313
128096,2.793161078062893
128108,5.035373711389052
128111,4.308562339587562
128113,5.068384212636689
128123,3.1070022001702657
128140,2.7111281473493483
128143,2.9425166537707863
128153,5.724028867833999
128159,3.0174698530388184
128161,4.031653848538042
128167,3.2071429491577828
128172,3.175276381396278
128174,2.7836897684262656
128176,3.1066306206297734
128195,3.125375435804645
128198,3.2111001189497426
128216,3.0229560894782894
128220,3.716239336807039
128223,3.5721699735414854
128224,2.872368196487386
128227,2.734570905913321
128235,3.363610664497884
128250,3.475315048009408
128251,3.0023425961961134
128254,4.61060909117868
128260,2.715308938982717
128266,2.7537571152245226
128272,3.796233292211944
128273,2.74671950640694
128287,4.990060392711611
128291,4.613706755673005
128296,2.7948890853220982
128301,3.295408356347686
128304,2.985225603891082
128309,3.2192335322638543
128315,2.5860142298314592
128316,2.621553473938768
128320,3.4961763447496526
128322,3.2528988878739886
128327,2.612650073006685
128331,3.1215861160799507
128344,4.5439500982109085
128346,2.3870250519051677
128352,2.7777969157849296
128355,3.768548416057353
128362,3.625362161925651
128366,3.241951653813449
128373,2.8672007874772363
128379,3.022180443672143
128386,3.1854973087031073
128387,3.0024711249733507
128389,2.464863887415171
128392,3.3568768996927427
128402,4.425199991498666
128406,2.9644867163495348
128407,3.0862828738253967
128412,4.965867861007888
128415,2.8546234802919574
128416,3.0188668846206737
128426,3.2091471917494543
128434,3.156724120241854
128462,3.1321445980675455
128468,4.664560055012297
128469,3.063614106557383
128482,4.116258401647199
128485,3.513464759718638
128488,3.548894227847901
128489,3.4033282207998337
128497,2.8749978711652013
128498,6.376579965942032
128508,2.92876304622945
128509,3.116132997849759
128518,3.6980689414499666
128540,3.2086707490935997
128541,4.897331810318323
128549,2.9102200080384755
128556,3.815601479451013
128562,3.388557861880522
128570,4.858690775081182
128573,4.533810646259006
128578,3.04771169144305
128584,2.5175832777616627
128593,5.8239971156302115
128597,2.7431216178448503
128601,4.355408164428733
128603,3.0555384297003836
128609,4.5546309551872755
128611,3.2076121851094044
128613,3.9676587934665104
128616,3.764430946869007
128633,3.51628462085587
128643,2.6192791660895534
128646,2.6773839412145315
128668,4.90114001057383
128682,2.533043438839081
128686,2.55524350985431
128700,3.6452636779848855
128713,3.583578447463812
128717,3.545098214967012
128719,2.8840766393017208
128721,3.0582961574883925
128725,3.224969282486513
128734,2.941461049260888
128747,3.2460249048339773
128758,2.771006280544292
128770,4.230784055840976
128781,3.523505357078589
128782,3.632824264176061
128783,3.013874479577645
128787,3.5655606305891308
128798,3.0244997428099922
128801,3.2801400847576634
128804,3.91695321322545
128811,2.5139024386846045
128812,3.257451540567024
128815,3.835573259404108
128818,4.94773093651412
128821,3.2269012442742153
128823,2.9873521214474983
128825,2.537979395005097
128833,2.786931474019849
128840,3.131720909259536
128842,3.0564681992419387
128845,4.347135269973234
128869,3.732742500058621
128880,3.063614106557383
128888,3.103348686130149
128889,3.4509822787408906
128900,2.7394822100891223
128903,2.6220094115956236
128910,3.666078754680235
128916,2.6700819664163076
128920,2.5234115348826145
128930,3.6958448195716205
128935,2.6804473508162148
128938,3.54143977189662
128945,2.9382622015381346
128957,2.9799574853509885
128961,3.0008836432898
128968,2.6785974316784364
128976,2.96473160558402
128978,3.0476670793881198
128983,3.0120771160231703
129005,2.9862959628768295
129007,3.5732677404996385
129012,4.547824522834145
129017,3.1129679049878747
129018,2.7166861952265635
129032,3.0975132417817557
129042,3.0461748534208937
129049,3.0392514738060017
129073,3.5436653594251224
129075,4.453958705353837
129081,3.099645008093145
129084,2.934627023771594
129090,3.057774802372948
129105,3.0225299009142783
129107,3.3409055335214077
129108,3.0851766775603133
129112,5.046379930561619
129114,5.417822562163078
129122,2.9844325350346153
129134,2.674537292901833
129135,5.1054865246766425
129136,3.200467972537938
129139,4.70228537647368
129154,3.1217740589326555
129161,2.6897196869732696
129184,3.065436018538742
129189,3.5476247746177725
129198,3.669610807780492
129200,2.9277617900231543
129202,3.082387817702093
129207,2.761725346332983
129208,2.794335791507667
129210,3.147573107193153
129212,3.131720909259536
129213,3.6220672886422802
129231,3.2000168925430628
129234,2.8529142061299666
129235,4.455385083464167
129255,2.3007820235769323
129258,4.615710362405398
129259,3.729585141171427
129261,2.7150876314139842
129269,3.7549152660864427
129271,2.6039566712114994
129275,3.0912773194597714
129278,3.276590692360745
129284,2.5439866921668566
129288,2.858287823451556
129292,4.103523527366517
129295,2.742536936045004
129298,3.034426361328601
129305,3.723844521036542
129319,2.357552506245434
129320,3.5706222887117254
129345,3.076694929688151
129346,4.628608993170371
129353,3.475272648361482
129358,2.690990914079217
129359,2.661093566408794
129360,3.2214560204913125
129366,4.504819183398811
129371,5.040845413480585
129373,3.263309309106818
129374,3.026783311803623
129375,2.8415544824268144
129409,3.206873291815051
129412,2.7559783225513184
129413,2.8711403314684896
129433,3.1090724214868732
129435,2.9091782858450226
129439,3.181995634470484
129441,4.516323819614742
129451,3.0461748534208937
129459,2.7799299241348905
129468,2.9727581908102616
129480,2.342734700158235
129481,4.465359987701467
129486,3.463156945878746
129494,3.306905662383236
129506,2.915460185222109
129509,4.394335671439849
129518,2.907979133902216
129519,3.923271449635422
129527,2.9953743585307433
129528,3.2472284032927856
129536,2.796963575227696
129538,2.93225814399024
129539,2.6878733834504884
129553,3.0402892231700847
129558,3.6574437499238712
129560,2.765385055992602
129563,3.3230458470192703
129570,2.9632848796821465
129579,3.282595708840267
129589,3.089232609885064
129592,3.4790071593220513
129604,4.678838847388695
129605,4.6143916253743065
129612,3.3881406324720817
129618,2.6435052186747523
129625,3.212761669835594
129627,2.830237629356598
129628,3.512229638341866
129630,3.5015760520473442
129633,4.367771767084751
129636,3.5781402316892565
129643,3.054966902507059
129645,3.0828895436913917
129647,3.0362903773792556
129649,5.2155511386485625
129655,3.1078528625451978
129657,3.1547369796495732
129669,2.8053811166164815
129672,4.523674977297274
129681,3.202624345383096
129689,4.666459637352865
129693,3.683088646899339
129697,3.002382058875706
129698,2.548891760940235
129711,5.363504526512866
129720,3.057663283438743
129728,3.0956235598358184
129735,4.724628734359461
129739,3.2374344156264336
129751,2.7538068802531988
129753,3.04314331627426
129760,3.583047041117223
129761,3.3905249374514734
129766,3.0417813703674517
129769,3.200490611454144
129777,2.8129686120597492
129782,3.491218531559514
129785,2.7482097885023453
129803,2.7625923023325707
129805,3.6006735044227844
129820,2.9054618896750286
129827,4.451847402096077
129829,4.595984091489543
129846,3.015929033397959
129850,2.9903087126175447
129856,3.2159185683718503
129857,3.991117253008467
129865,2.6629914772234122
129869,3.175276381396278
129879,3.0650468794858323
129881,2.717449212483608
129882,3.9307259515365867
129886,2.8619253037508425
129889,4.268835151358719
129890,2.928996517913817
129898,3.3387152013017296
129904,3.4685890350566693
129907,3.720900125516805
129908,2.7737861607304564
129910,3.070931389750934
129916,3.2650638820295885
129928,3.2948452368186043
129940,4.756537715710648
129945,3.3707155598269
129955,3.460992189395077
129963,2.7985705145256556
129965,2.897135203357855
129967,2.950549536088164
129968,3.0857602953226064
129970,2.6097413950575676
129976,3.9518443547408184
129977,2.7426049322036317
129981,3.6290063184811547
129982,2.7929404094626813
130024,3.0940476356225504
130028,3.177606788208701
130036,2.9840027804973768
130037,2.92769676002936
130038,2.9531131236997585
130039,3.5647798490658893
130053,4.3540454225806275
130061,3.2152502822613522
130067,3.151938826344319
130099,3.448938553347167
130106,2.856651218939403
130112,3.610727485053461
130124,3.0124849489853425
130131,3.057774802372948
130135,2.565332197323134
130147,3.032701023326218
130154,3.343075627027063
130156,4.025071497368025
130164,3.0186084264149464
130170,4.455811772507666
130174,3.389648755871434
130175,2.9844325350346153
130177,3.490555177927234
130181,3.094427650357706
130193,3.7482303401980532
130194,2.848878681001756
130198,2.6820127180774884
130199,3.397620861227201
130206,3.4379532954654537
130208,3.1344772244317336
130228,4.078701263364415
130230,2.866845226615165
130247,3.496959667979433
130250,3.102405504080833
130260,2.601151995934682
130261,2.900213025835111
130277,5.026990935959418
130281,3.5953142446668727
130288,3.305401361683339
130305,3.114027896187534
130311,3.1227132717314565
130322,2.5696037477459313
130332,3.0531069333601857
130343,3.8183200115036193
130345,2.9842088892292384
130359,4.641180651538195
130360,3.6185664351005395
130367,3.0168432293428356
130379,2.700856892051888
130383,2.8644499081537873
130412,3.321987838115037
130416,3.685182064506156
130417,3.0647504214618815
130419,2.8562015601651427
130421,3.1766739121424785
130426,3.045487843787857
130427,3.498178904275045
130430,3.4212554660384735
130433,3.0425922268360743
130439,2.633140156103045
130440,3.0792133744694548
130443,4.356628760186156
130444,5.165622005606771
130447,3.5679637953768433
130448,3.0531069333601857
130452,3.688534887153101
130457,2.942306113305745
130465,3.5415467493324364
130466,3.065164888395532
130481,2.86852949191802
130484,3.9586766189210105
130488,2.74338800222198
130490,2.7385195151704895
130501,3.387666506626205
130516,2.8942735262245236
130519,3.3844345463018706
130527,2.9946960581062445
130530,3.48020688414822
130545,2.9618398369513574
130555,2.48402122435997
130561,3.1761041238664847
130565,2.8331493670770986
130578,2.9013465709302864
130580,4.878166800268849
130581,3.0902535524776797
130585,3.0461748534208937
130588,2.831040980844204
130597,3.456904759002354
130608,3.0940476356225504
130614,3.706027402923488
130636,3.3974893392397045
130652,2.9918305890488828
130659,3.3610805881302928
130662,3.548495175124197
130668,4.56933114247927
130678,3.0941575921767566
130681,3.009995322067643
130685,2.870480721530213
130705,3.172398344872722
130724,2.690026025735551
130737,3.4916789150033085
130738,3.0656556194928797
130752,2.8536938945730137
130754,3.365610300041449
130755,2.6820127180774884
130756,3.0042369250249705
130757,3.4370794332911108
130764,3.462075765408509
130767,4.3700955791133405
130784,3.0233148020296166
130795,3.6006735044227844
130802,2.652027462924943
130811,2.7625923023325707
130817,4.56933114247927
130819,2.7930876224710155
130822,2.989301764717839
130825,2.6947352531893785
130838,3.536633295870513
130840,2.9844325350346153
130845,2.416889212232956
130847,2.822263154916218
130850,3.460256405432667
130854,3.6093612351547453
130861,3.7898616015358177
130863,3.0089462099686073
130865,3.335732247622671
130867,4.35848887288311
130869,2.827340472045778
130874,2.5365084980257024
130884,2.794838854970077
130885,3.108333701263527
130897,2.7975132064278196
130898,3.2271063260464703
130899,3.190973694332443
130901,2.9844503474006907
130902,3.3887705102448806
130907,3.056706761874061
130911,3.1251088733622874
130914,3.3461631895514685
130918,3.054703431035035
130919,4.655530382597133
130926,4.591255089940608
130929,4.631697653534184
130933,3.579839464363636
130935,3.125160287089198
130936,3.7669381766038703
130949,3.117909040446443
130950,2.848295012826506
130975,3.7192582471257154
130986,3.080730061182032
130988,2.6525564821610685
131000,3.203404842566866
131004,3.262145886644836
131008,2.8198774799782385
131010,3.4159286556888215
131018,2.766221854659626
131025,3.1491233067548032
131031,3.131720909259536
131037,3.596235949192451
131051,3.518052939633855
131052,3.1058355536108464
131056,2.747993183531996
131058,3.007373059780349
131062,3.11149055497305
131064,3.137537768880594
131068,2.424266581797189
131076,3.482903343024736
131086,3.7924822606919233
131087,2.9144259107495127
131093,3.0176894993578043
131098,3.961201386087569
131105,4.947064582992133
131112,3.175276381396278
131114,3.015929033397959
131115,4.1562179126396686
131120,3.2412346287161657
131131,2.4063785072454857
131133,3.1660750306802194
131138,3.1088082584110817
131139,2.6913714246416856
131140,5.014601313697707
131152,2.890256477637182
131162,2.6594545765869064
131171,3.4426852638342766
131173,5.206268811940041
131179,3.3406432392433087
131185,4.61328168242334
131193,3.0973132377509427
131207,2.843001870004287
131219,3.034748883037575
131222,3.0608002287125773
131227,2.968787070932256
131234,2.9845420577598776
131249,2.9761981392161077
131255,3.087389236085512
131258,2.538707134361378
131260,2.6345917383536217
131261,2.925778225697734
131265,2.9055150255857627
131268,2.6349347196073345
131279,3.137472850250333
131290,2.239016406291732
131293,3.0996860328514235
131296,4.6542239947811215
131299,3.694652042874333
131320,3.670335122484428
131322,2.9451255993627536
131337,3.051860498569893
131340,3.481538865843079
131345,3.0347515609770466
131349,3.137537768880594
131351,3.611022745412747
131358,2.9627966494324234
131360,2.573840399360253
131361,3.209688196157396
131384,2.993067326351818
131387,3.1611614821642795
131430,2.9452386358950116
131434,5.09422939485813
131447,3.6320472381996067
131456,2.9217389450772173
131457,3.450145622387247
131460,3.0362903773792556
131461,2.930886963334627
131471,3.024610883895967
131472,2.6622398378646435
131474,3.002890100184466
131479,3.1078528625451978
131500,4.313576973612053
131508,4.642978526458549
131515,3.0118286667819283
131531,5.37501083518588
131533,3.041933655000627
131539,2.6863663125433828
131544,3.5532632470246
131547,2.9770253892240084
131549,2.997653358102322
131555,3.0284180097068996
131557,2.553079369260489
131558,3.0247421490485924
131563,3.01713816522228
131579,3.1359792900035646
131581,2.986642131450077
131587,2.6850304258082205
131599,4.774770281297897
131641,2.8511619280075866
131642,2.998790396279848
131646,3.7427627390171754
131648,2.6922298845861796
131681,2.6286920393033264
131686,2.9911437322652406
131700,3.131720909259536
131701,2.7606400637433492
131702,5.007776602764909
131708,2.5978214044167682
131710,3.7713856599499893
131711,3.1570603200309257
131714,3.638392558011062
131719,2.9287225663849057
131720,2.729621728332509
131721,2.6975584293251313
131732,3.5335124209327105
131737,2.6975584293251313
131743,2.985515646615056
131745,2.9627966494324234
131753,3.187577714824963
131767,2.796963575227696
131775,3.130958756120473
131786,2.9437723034638843
131791,2.9993110060359602
131798,3.2124197228264824
131799,3.765437572347302
131808,3.553040083767641
131818,4.074881463253659
131829,3.9877567956812374
131832,3.3586086864691698
131835,2.9699195044808198
131837,2.8327991922188493
131842,3.1037867643528663
131848,2.7545330878766614
131850,2.925778225697734
131858,3.469805721088016
131859,3.372871549518922
131862,2.8486416849502527
131863,2.79509164452985
131868,2.959574398161025
131871,2.439227324168203
131873,2.812528729208135
131885,3.1159101372739664
131901,2.860153219428862
131913,3.0424639659342008
131919,2.8327991922188493
131920,4.370624919593326
131926,2.4755430714611766
131936,3.2608798407010964
131938,3.75255115592074
131940,3.1103726123417386
131941,3.795592376167821
131951,3.6327861141766498
131952,2.990465769113471
131956,3.773838976575802
131958,3.0940075056219642
131970,3.159522008812645
131972,3.327485149920888
131975,4.995758744862068
131982,2.5707849932512534
131994,2.717449212483608
132000,3.002384713450531
132005,3.175276381396278
132007,3.585243386984716
132023,3.530803848209982
132026,3.2139810677107965
132029,2.6869782347411797
132037,4.5849809731498326
132048,4.431733331203182
132052,3.643748756592634
132059,3.094427650357706
132062,3.0503241967274466
132065,3.2253125943886642
132068,2.701871262995488
132069,2.5949198574109675
132074,2.684044612854475
132077,3.0590619866860718
132082,4.546545107538122
132086,3.8513772028772535
132091,3.9992656165910296
132093,4.599639094148632
132104,2.441120922254859
132105,3.716724175827617
132108,3.9183908652980994
132113,3.0643717270054665
132114,2.95424290019201
132116,4.328079595923288
132118,2.8556796007919463
132124,2.908942859880617
132133,3.0828895436913917
132141,3.210105774788885
132148,2.8304840684255232
132150,3.3871708271373144
132160,3.0607228643626283
132168,2.962932392632004
132181,3.2264828170241278
132183,3.1786559754989447
132188,3.544777570084884
132196,2.9805899147331827
132216,2.987553560606175
132218,2.8621491321107073
132230,2.8025003158738695
132234,3.200184816396529
132236,2.6877764175444705
132239,2.505183165812817
132241,3.7255026527148716
132243,4.334236794420701
132248,3.999668297381739
132252,3.6191733300626057
132267,4.497236170215428
132274,3.3887705102448806
132287,3.0668278777643936
132291,3.065988557436252
132299,3.247250606487365
132301,3.7062912352784063
132315,2.9244457308692535
132318,3.658392787488244
132320,3.0182517924357386
132322,3.65660627280186
132326,4.327967328302688
132335,3.1818118707858964
132337,2.489348956936281
132344,2.4684215566593846
132346,2.6242317212241115
132350,2.6758523101813583
132363,3.5682733020835773
132365,3.1782970262258265
132375,4.455773744152481
132379,3.055123424022314
132389,2.8654399538703874
132393,3.5229432310187394
132408,2.8023556687186595
132433,3.8119739871119753
132442,3.2067190329714688
132445,3.934420436768517
132463,2.9799161151058406
132464,3.0792133744694548
132480,2.852510333665227
132483,3.9361070295058473
132491,3.082065301352679
132495,4.905967123139074
132499,2.8185240103968634
132508,2.8942735262245236
132515,3.0224363023149494
132517,3.0064277919609705
132518,2.925778225697734
132529,3.1191746748695097
132533,2.9799574853509885
132536,3.3326081701817065
132540,2.6832281907852313
132541,3.595357745152246
132542,3.354346800113974
132543,2.7449322544562635
132552,3.204894346134121
132554,2.7430354946405004
132557,2.963429133051844
132563,3.201109383511023
132565,2.9914735836697437
132568,3.0260131500556904
132573,2.8183907645835897
132576,3.0562918697740526
132577,2.9844325350346153
132583,3.106117017799952
132584,3.0461748534208937
132600,3.0631699938261865
132606,3.125375435804645
132609,3.6946245004173477
132619,3.342155132240715
132621,2.924188683757272
132623,3.962686805555995
132657,3.0866637703563846
132663,2.622203843127303
132668,4.600808803013637
132671,3.0552450430429756
132684,2.995559827401967
132689,3.086143989836447
132694,3.127782429294463
132705,3.2645502848744026
132708,3.2765527454385506
132716,4.822683475488452
132717,3.623403480458376
132720,3.0705688425027455
132722,3.006958318833257
132726,3.0789255081373463
132729,3.021464193546986
132732,5.887401153517731
132744,3.3154041662489027
132750,2.9790972765055344
132751,2.9382622015381346
132762,2.906926076955796
132771,2.759729368678263
132792,4.31628703203693
132794,3.596239720595174
132796,3.094474117530984
132805,3.4159366844114185
132816,3.5451332944130245
132817,3.6304919818392842
132825,5.073756995669469
132832,2.71858561717623
132833,3.05593363489033
132845,3.6142673305002178
132851,2.588836033859302
132862,4.363206645606292
132869,3.2152183806112
132876,3.074155022605733
132877,3.6702071016050453
132880,2.8822636837521705
132883,3.0919028740834547
132892,3.6535904746192718
132900,3.4492839511564575
132910,4.569950399520112
132917,3.053713485263659
132919,4.591830425703792
132923,3.156084618941604
132926,2.8389759225864646
132927,5.081558625451316
132935,2.9878021323965016
132975,3.191740354737346
132979,3.0266113959590166
132989,2.72928282364102
132992,3.58020448509349
132995,3.5813501280154894
133013,2.630821275737077
133015,5.102687499206117
133019,4.8024158198996245
133021,4.669157282004676
133022,2.699600222191371
133032,4.619474132611071
133059,3.109750518068945
133060,2.6804473508162148
133073,3.2286174009315607
133075,3.6502106143193567
133077,4.403924958303477
133085,3.2113381785587967
133086,3.1412831747940615
133097,3.218032943453748
133105,2.949419213082686
133106,4.296698046063747
133109,3.1232501258010625
133116,3.076030607138526
133118,4.266740524092377
133126,3.649443574655449
133127,3.497195173061769
133133,2.9544548067084424
133134,2.8518892485676615
133149,3.139048263270135
133155,3.477750775525973
133167,5.446579634331771
133168,3.290956153979809
133169,3.134958282515846
133170,3.159779077657541
133176,2.6305706637479482
133180,4.726713442108393
133186,3.418216255959612
133190,3.7527277286563923
133192,5.760098844241442
133208,3.0531069333601857
133216,3.035315547493383
133225,2.530083260326065
133235,5.109969236216416
133236,3.220846876371994
133240,2.9946960581062445
133245,3.0695592357504626
133256,5.580428194110929
133258,3.175276381396278
133260,3.6883882775602936
133265,2.4189309859968113
133270,4.685049917441448
133279,4.964982383593146
133296,5.0852278046588735
133297,3.232612254607863
133300,3.080988940279858
133307,2.9968795152277536
133311,2.751811309670226
133316,3.3322370519578977
133318,3.092426883432512
133327,4.6143916253743065
133343,3.1705500028732185
133348,3.599386836328862
133356,3.5659116999817924
133359,4.5770726788940115
133361,3.151938826344319
133372,2.961814649174508
133374,3.1087770965513606
133389,2.3911693574323873
133392,4.426519117926123
133393,2.846759475982823
133400,2.956927106394777
133409,5.39904748872871
133411,3.1875475211318607
133416,3.5106680998228756
133418,3.130958756120473
133428,3.528891792818538
133435,2.8906788743608605
133438,3.3475421240052174
133440,3.1371131804151675
133446,3.19994269927404
133447,3.0728730870318333
133449,2.9786720605003065
133452,3.0575797366980098
133454,2.6195330482295467
133465,4.623368923780722
133468,3.143535186726652
133472,3.586022245802094
133477,3.0937374751527082
133490,3.032701023326218
133491,2.950213580211555
133510,2.244782689271879
133516,3.0594272500899327
133540,2.398114640808407
133541,3.0686573126442984
133554,3.1534238994910724
133557,5.161204275085306
133573,3.8538321423972977
133577,3.3438401050002144
133579,2.961407525655865
133584,3.3065411351681866
133588,3.7070964128920965
133594,2.816486954331055
133599,3.0217090437985092
133606,3.326525470060775
133616,3.4522768726155806
133646,3.105134233609941
133650,3.0941575921767566
133656,2.674886878548071
133659,5.036456287262678
133667,4.620178017170413
133668,3.3051245612684172
133677,2.616488994754966
133678,3.109795571932787
133680,5.021339913904907
133689,3.0572623498298204
133690,3.0505840802489192
133696,3.6918434542482417
133700,2.877487660358257
133710,2.417305378030338
133713,3.3041102174126467
133719,2.8749101679491647
133725,3.0975132417817557
133733,3.134958282515846
133750,2.7243862713607507
133752,3.257946992388262
133758,3.0217210871708144
133760,3.000818640193404
133761,3.2201944772467956
133765,4.928578580295928
133774,2.939091068158707
133775,3.105286800266023
133778,2.7587011044403735
133793,2.936190021575124
133795,3.229317504769546
133797,2.7809463373183423
133799,3.271918669803024
133802,3.137537768880594
133809,5.015544717311423
133817,3.2363010530485568
133821,4.637034159936709
133834,2.7146192279991888
133837,3.630095903241944
133838,3.1357984153175797
133842,3.3997988438619458
133854,2.483078400727417
133861,5.45380010276262
133876,3.548074438776447
133903,2.6773839412145315
133919,3.6282228598354607
133925,3.383956453410322
133926,3.795825600404707
133929,2.96280931199396
133937,3.756481069201859
133949,3.132918322939584
133956,2.892763822095048
133965,3.2776853347065065
133972,4.733513638609157
133982,3.90617938938851
133983,2.685830136192349
134000,3.2071547384339714
134017,3.610268108854803
134022,4.5009720517454825
134051,4.269005072263444
134058,3.1282730316164455
134060,3.7456368125040003
134066,3.058748600630591
134076,3.513464759718638
134078,3.3737947091241702
134079,4.782586695814654
134084,3.0461748534208937
134088,4.396790247268716
134091,3.363421186390975
134092,2.886162465557736
134098,5.17160920114722
134099,4.993438376742153
134102,2.9748364060234875
134103,2.4719216346742545
134112,3.154127023576161
134127,2.752515474632777
134138,3.137537768880594
134142,3.091391384046256
134150,3.126133280516465
134152,3.5432503692045514
134153,2.834850641934017
134154,3.137537768880594
134161,3.4108861556319527
134162,3.093387315260853
134167,2.84423102187308
134169,4.734218237250137
134171,4.655488229832841
134176,2.7123687544166
134190,2.914902134808443
134193,3.0425922268360743
134195,3.241951653813449
134196,3.108421040671399
134200,3.857957616402775
134202,2.9818308398709283
134208,2.95424290019201
134214,2.4813697129732364
134215,2.6390036082164245
134217,2.9844503474006907
134220,3.487326876477861
134223,2.7671334178159346
134225,3.1658538290897518
134227,3.268824081065702
134232,3.374014185921383
134236,2.994714869506798
134239,2.9775491031325556
134240,3.364270665590292
134250,2.923693181157963
134264,4.4687926984423685
134267,2.9839401216586414
134271,4.182333108590071
134272,2.622206161504472
134278,4.625426971155306
134290,4.172399299269779
134303,2.6896461107020495
134310,3.7109207129037722
134312,3.547745349421829
134321,3.4527579238126105
134325,3.774089889869102
134329,3.0407476551233157
134332,2.7051330489819225
134345,2.700856892051888
134351,3.527756557388055
134354,3.03894061266319
134358,3.113902547829972
134362,2.6373359681791912
134378,3.1712404067698783
134387,3.0488485447219684
134389,3.2657847714008756
134396,4.5417211208804344
134399,5.324491178108386
134415,3.6413849956118787
134418,5.976691986433203
134425,3.341461243268145
134428,2.679497516570625
134433,2.602257826266869
134440,2.5266074194869264
134444,3.122543153874617
134450,3.021092853481402
134452,3.1172661540972255
134453,4.618145304903448
134458,5.714429161032893
134463,3.6113342706898397
134476,3.038072649041672
134491,5.120580431887258
134499,3.094427650357706
134501,3.0461748534208937
134503,2.70381624428329
134508,3.388644135294178
134509,3.5758501030264562
134511,5.082728248213555
134515,3.057774802372948
134516,3.49823695786419
134526,3.264326417303336
134543,2.8215976587594747
134544,3.0418996139466326
134550,2.9348361737648716
134552,2.6832919817949836
134568,4.6631684507215105
134578,2.992163572201794
134582,3.5982695086441114
134584,3.3769032729914263
134592,3.0683804905292473
134599,3.9578014792104783
134604,2.835547555923875
134605,3.932620148976503
134618,3.0063730665074124
134628,3.220846876371994
134648,3.805491737447648
134649,3.254872501085825
134658,3.009234121110753
134659,2.7159381786857466
134662,3.266074412801264
134688,2.6857721206404537
134698,3.073824724123856
134708,4.092365835679107
134715,2.9625036888068306
134717,3.6552489512906434
134748,3.1785114210322134
134750,2.674537292901833
134774,2.6700819664163076
134784,3.2018489299011845
134807,3.734491410197649
134808,3.1689955937028387
134809,2.964873664757322
134811,3.4230732042742322
134813,3.571191561475882
134829,3.0693375410202903
134834,2.5527899042305378
134835,3.60472278459035
134841,2.761725346332983
134842,2.6260285303269812
134847,3.4657459414332568
134853,3.177549838954278
134854,3.2035013617506447
134857,3.101828699374531
134866,4.619424745810887
134867,2.705729858877863
134869,4.583078257943642
134872,3.0555384297003836
134875,3.014578977251502
134880,3.7396412756617416
134881,3.6701204693401723
134882,3.09487176367309
134884,5.091457489198552
134885,3.3145210965916267
134892,2.8580624704152107
134898,4.310592787018871
134902,2.7014848165162393
134910,3.0504593089059213
134929,2.693892212745199
134936,5.097513674129493
134940,2.8026436277088416
134950,3.048495614771436
134952,3.556684093410532
134954,4.621232011767447
134967,3.093877202533769
134968,2.68152037446017
134970,3.152167103465568
134975,3.16357720718464
134980,3.773953165575434
134983,3.530250190155827
134984,2.658410879795316
134991,3.6395838649666055
135010,2.9903087126175447
135013,2.751160922849123
135017,3.1124341316333473
135019,2.9844503474006907
135025,3.2714249608924124
135031,2.988207598428812
135034,3.0254428825544104
135068,4.0375739837526865
135073,3.049265625831821
135074,2.8016166281458594
135075,2.736681992806641
135076,3.1267411583812517
135084,3.5685657997214166
135088,3.063614106557383
135094,3.262969521871244
135098,2.2443533344983564
135100,3.0017439000676407
135113,3.3058884461922458
135122,2.6520681090255795
135124,3.9861178342999795
135127,3.1227132717314565
135129,3.0082686620600705
135133,3.208504433942512
135148,2.6379044681504915
135155,3.7167421979541437
135172,2.7164686199363435
135183,3.110822560491364
135193,2.8276332104468365
135202,3.33333879156571
135206,5.690600118581997
135210,3.0859635989146983
135211,3.137537768880594
135220,4.596999069031014
135222,5.433785618093511
135227,2.80715362081044
135230,4.591920073679236
135238,3.5207209126137027
135246,3.002354057569935
135247,4.642978526458549
135252,2.8478064736727533
135261,3.0457203531030284
135265,4.177308114530041
135270,3.6232432702564914
135272,2.9775491031325556
135274,2.730879521678025
135276,3.7173127555084697
135282,2.9382622015381346
135283,3.8966463355313348
135286,3.6813883359506283
135293,3.5519376136795833
135302,2.86685844518497
135303,2.7510083487300725
135304,2.880828760196793
135325,3.003796921872589
135326,4.393574508178706
135333,3.086107921293422
135336,3.2555514070686242
135338,3.4336828370407204
135345,3.0543994305097164
135346,3.074991959176729
135352,3.394283369188514
135364,4.634557028708446
135376,3.8430879859488174
135387,3.5572319626227626
135409,2.7625923023325707
135411,2.6920500731607304
135416,2.8519168721428367
135420,3.0828895436913917
135427,2.946018259847315
135431,2.7549592021651192
135432,4.315820776477338
135438,2.5728977977648992
135441,3.2007570186767267
135447,3.5788877963986185
135452,3.335912977986539
135463,3.1881069434156046
135464,3.603229157163386
135465,2.9038188913620484
135478,3.275590364070417
135487,4.218592102934085
135492,3.180742107043459
135494,2.6784248990977675
135503,2.7316444392292416
135513,3.573222238829703
135515,3.1058355536108464
135516,3.5655606305891308
135518,2.668184457959375
135525,2.6638029226026285
135526,2.4418167379578444
135532,3.3652422904192987
135538,3.4789762636752335
135542,3.503054500313615
135546,4.728572503332172
135549,3.569320713024254
135553,3.864573023078113
135563,3.10237879001528
135571,2.8647949508132364
135584,3.191511299494418
135591,3.536633295870513
135594,3.9378170084115176
135596,3.7592472133269847
135623,2.7491287517722904
135643,3.8278593501184592
135655,3.195590425275757
135657,3.087230367608199
135663,2.7272321040716476
135665,3.1501592744782534
135668,3.641940403522129
135678,3.1122492524417904
135684,2.7897762101392636
135688,2.9855204981666708
135691,4.143823591253615
135693,2.5761508519807697
135705,3.0356858011878094
135709,2.681669532727129
135727,4.503783229970957
135748,2.9729368525540196
135751,2.8043183022024825
135753,3.305401361683339
135759,5.0377061415113555
135765,2.95835065846276
135773,2.875912736179655
135782,3.154621066521985
135783,3.0562918697740526
135785,3.2233952444190623
135786,2.7430354946405004
135791,4.339867292652517
135792,3.0402325899602713
135798,3.5383321664217204
135806,3.0288196598721218
135813,2.9313577728705575
135815,4.86744856815619
135816,3.338142900030299
135821,2.8415544824268144
135826,4.619514977337091
135834,2.910932371533484
135841,2.925784156884834
135843,2.8569251906937696
135844,3.1370133004815504
135855,3.0927715598272716
135863,2.7228420648261413
135864,4.438342112950546
135866,2.548431032895858
135872,4.5770726788940115
135876,4.603667284144093
135887,2.768599657508887
135895,3.2023215842798547
135899,3.3957237448860016
135920,3.836280369708529
135935,3.237954691330803
135940,2.7890017966447966
135944,2.9030888799924113
135946,3.302651651491615
135949,2.602524009344788
135955,3.660363703626815
135963,5.081898222504481
135969,3.452529370876486
135973,3.0759081455252075
135988,2.714972517255042
135989,3.0792133744694548
135992,2.9094773112908507
135998,3.621370452177555
136001,2.9511157183362178
136011,3.131783508782107
136014,4.412896047480336
136019,3.0468537118663463
136021,4.552401333286417
136027,3.0204708283896413
136029,2.79890107975336
136051,2.687967486103757
136057,3.431913262003214
136058,2.67253014132375
136060,3.6694568049867677
136073,5.092910968866735
136076,3.0618929235405425
136080,3.5623536096536608
136090,3.0074691420578734
136114,3.491248493744042
136117,3.265269791232403
136119,3.1888553477607395
136125,3.0797978071192764
136132,3.8437210408862916
136135,2.5760410233850335
136136,3.1765939089396467
136143,3.068349218934122
136151,5.36280978573325
136154,3.4829758414497114
136155,3.3692747318110357
136163,4.102810909875121
136164,3.5908372995177507
136165,3.141079107083207
136166,2.729621728332509
136186,3.546426123975419
136195,2.7028249260779487
136197,4.067737227608779
136202,2.8051995506981333
136204,3.9692571541064527
136207,3.4601823490394406
136211,3.057774802372948
136216,5.101527211135308
136223,4.603642267587126
136224,3.0336531362139456
136226,2.8285010411867306
136235,4.122960067692231
136239,3.1901274464648317
136244,3.540146819270285
136248,3.093877202533769
136283,3.2608798407010964
136295,3.135431694007303
136311,2.7799299241348905
136314,4.617191862680389
136318,3.3502037594802996
136326,2.45465370006675
136328,3.813450640729293
136329,3.34147069409317
136330,3.7384130550808345
136334,3.7319055198375093
136344,3.069007048101163
136345,3.13013246757802
136353,2.9254454051264727
136358,3.418418429239468
136365,2.6622398378646435
136378,2.982945314496754
136382,3.3625035293848113
136383,2.994737737938343
136386,2.5528436235726426
136391,3.151093585799836
136392,3.158256168409551
136401,3.0002527914372616
136410,3.5525011199219003
136411,4.795375154625552
136417,3.0816035858730007
136421,3.8601333495487498
136430,2.8621491321107073
136432,3.5823364253934717
136436,3.4168554376700393
136442,2.6789355986104884
136449,2.57447919888473
136452,2.86179013350756
136471,3.204429641607237
136481,2.665890518394898
136484,3.11158810829019
136490,2.619827860990269
136492,2.6792895154823357
136504,3.48940249652033
136512,2.9054377775649245
136517,5.056881119890221
136520,4.993156608119929
136521,3.5969280654225555
136526,4.991490633891559
136531,4.771956633055613
136542,3.1263312231029876
136551,2.5508965220212323
136555,2.332420848001402
136559,3.346978553885054
136561,2.9269062711831633
136568,2.6784656951636867
136569,3.342545605610545
136576,3.2219032635786413
136578,2.9382622015381346
136583,2.8863469736666363
136587,2.7848655694721964
136594,3.7901473247033812
136604,2.898720953695692
136610,2.991099148318236
136611,3.8644350707739163
136616,2.8986762134678097
136640,2.3400307359967583
136641,2.916879517413269
136649,2.6009242293642174
136650,3.2321981667244475
136652,3.699842097595878
136654,3.073653684101207
136657,3.323226061277357
136658,2.7786436464252637
136661,3.1430079499488
136672,3.024577235944972
136674,3.1647511550652077
136676,3.241078701702217
136679,2.6132356464640845
136691,2.845870853133276
136698,3.6486628086316992
136700,5.02089689085636
136706,3.4743019251378344
136709,3.60069150810932
136712,2.3448684313386634
136713,3.2222702720158933
136720,3.094752612781813
136724,2.9382622015381346
136727,2.7700056408436495
136733,3.5206918111211065
136736,2.732967175142803
136739,3.586108728992515
136743,2.912553649783739
136747,3.132392594597656
136766,2.6213486412305147
136768,2.760639834801588
136792,2.9396014611936443
136793,3.6016140686075375
136804,4.725998707783372
136814,3.2528988878739886
136821,2.914291732164067
136829,3.0402325899602713
136849,3.220846876371994
136851,3.1222523880839024
136852,3.638397009366426
136854,3.062570452964396
136857,4.3705193551834505
136859,2.960985785716566
136861,2.882299564341141
136864,3.5244083113628273
136865,3.196151660902785
136866,2.9771023114349178
136868,3.6178073721223107
136870,4.609504769330146
136874,4.823716742000224
136877,2.627357322896876
136895,2.4961199047376477
136897,2.555836345254872
136905,4.643651296736347
136916,4.630296470072711
136917,2.8069865226855812
136919,3.109583835893997
136930,5.3538869769196715
136933,3.252302863686576
136943,3.913132844191061
136966,3.345780471367477
136970,2.7450934084272336
136978,3.028298169652864
136984,3.0562918697740526
136988,2.995016162941148
136992,4.0698771575122175
137002,3.06981681521593
137007,2.4206601374254055
137016,3.556061049401043
137021,3.109811836840971
137032,4.940604993643516
137033,2.8365141526884283
137035,2.855879120939198
137060,4.629702537834483
137063,3.9425099528752234
137079,3.5625361994230964
137087,2.852844667334834
137088,3.058596538932483
137091,3.9012318912340227
137102,2.9251870900012182
137106,2.5745669221854546
137110,2.9687243441375855
137111,2.961479648455428
137113,2.4740960043964915
137119,3.0456243308386877
137131,3.1376124989358263
137144,3.1122492524417904
137146,3.5454340242191726
137162,3.5783974110888206
137168,3.092166869960156
137172,3.79343627620816
137176,3.759143766201405
137178,3.108854139285062
137179,3.0897427977201253
137194,3.0430047091648516
137201,2.457711578966578
137206,3.035315547493383
137210,4.3270636525146395
137212,4.034545738628485
137225,3.0503241967274466
137231,3.366843921153807
137234,4.614506005883568
137240,3.1137016863151823
137244,2.68152037446017
137246,3.9227403527524674
137254,3.3875926611291174
137258,2.657981075404914
137260,3.5388796070761757
137264,3.1078528625451978
137269,2.831417548035427
137272,3.1078528625451978
137273,2.78759735113919
137280,2.907969344873914
137286,5.096790694221761
137297,2.843251650464255
137314,3.7705235577569853
137315,3.513464759718638
137322,2.619778115947207
137324,2.6685545058775335
137339,4.63387305401376
137346,5.103971818130902
137347,2.8613857684180353
137353,2.983765978723659
137356,3.2457371040473455
137357,3.176870290378778
137362,4.412607980562912
137364,3.4068889965526465
137365,3.191747069704393
137366,4.479358549512615
137371,2.8622140257122775
137379,2.3863545387801333
137385,4.224587664147389
137388,3.5806261965248467
137397,5.3503853806076735
137398,3.743657104259274
137408,2.83755769980208
137421,4.574110623669555
137423,2.692840424526882
137424,3.224969282486513
137425,3.0220598706892643
137431,4.619350467301228
137438,5.011767327037794
137439,3.5871427355838517
137449,3.353763510418899
137461,2.962451283768154
137464,3.347185389604429
137468,3.3184367006220903
137471,2.6009242293642174
137476,2.6221735787951586
137486,3.5885826331994455
137494,3.721465288323311
137500,3.630573322000808
137508,2.9097298416628377
137524,3.646932163742824
137525,3.651936292784836
137533,2.921390908644301
137536,3.5051292966433127
137537,2.9171707124678217
137541,3.3563474831233036
137546,2.6708090990000786
137548,2.637053618172646
137553,3.595700393775891
137570,2.823347031003084
137573,3.3570053316370325
137574,2.9409860081914108
137579,3.808247265275083
137581,2.311468948672434
137597,3.0739647465255726
137602,3.10968553182638
137607,2.8437568798816164
137614,3.5196154036857425
137617,4.770651163652676
137621,2.837092060866291
137629,3.2686023582633434
137638,2.860497523113997
137642,3.172141871814872
137646,3.1199730156795082
137652,2.8324241823838974
137653,5.429490352250265
137656,2.7625923023325707
137669,3.5239868712927986
137676,3.19994269927404
137683,2.7894535394585276
137688,3.5064409437188635
137691,4.6147327543372105
137695,3.0338389075942866
137696,3.1037867643528663
137725,3.721303829131997
137728,3.2992315003909765
137732,3.3887705102448806
137747,2.74338800222198
137751,2.5114670949934355
137753,2.687192060704357
137760,3.8820523577532384
137763,3.6579004790029086
137775,4.561517219863013
137785,2.3878888006212837
137793,5.162424737564811
137817,3.113845600378522
137828,3.1299849738678938
137833,2.9913821931348865
137841,3.0562918697740526
137843,2.7394822100891223
137846,3.740952299804203
137859,2.643633918116759
137865,2.7102537098393755
137866,3.6755643634841775
137868,2.6652099277522003
137869,3.4175426074440614
137872,2.817239907132818
137873,3.485392557871268
137879,2.7085533133008393
137890,3.196615296270828
137911,3.05869295065973
137916,3.242652092218513
137926,3.389456870539057
137932,3.402471628980522
137938,3.2206854673893615
137942,3.8269467697011135
137950,2.7715379839341088
137952,3.394163911047709
137959,4.693281672132157
137960,3.131720909259536
137964,2.7281973610379002
137967,2.3946438938458368
137968,2.782343652500582
137969,3.957315447857169
137977,2.6668945040264123
137978,4.047060706884528
137981,3.1501406495729367
137985,4.58328901733083
137994,3.114948159768647
137998,3.7690166458336374
137999,3.639347870265211
138003,3.1459199146159547
138008,3.0531069333601857
138014,3.147192520973784
138016,2.899168702565932
138017,3.127653122376123
138020,3.2898640335375315
138027,4.915470867844819
138038,3.2275151797904695
138039,2.9873521214474983
138042,3.115244099187095
138045,3.056706761874061
138056,3.183973380163589
138075,3.1113844324228945
138090,3.0433351272160873
138091,2.9637665026957136
138099,4.76683824406833
138102,3.053619354389258
138108,2.794763425482587
138109,3.057774802372948
138111,2.942306113305745
138112,2.711590895113394
138121,3.696790791722576
138128,2.362847514226468
138129,2.829875987705524
138139,4.635998920897868
138144,3.493520490609901
138152,3.9767735893672267
138154,3.081656659945192
138155,3.0940476356225504
138168,2.7307432722694873
138184,2.930967200826582
138187,3.5924737615828244
138194,3.0566469223003323
138207,3.5349770273923324
138215,3.0941575921767566
138216,2.6850304258082205
138218,3.7518668747505775
138225,3.616789291627922
138232,3.201442845483724
138234,4.469626865579565
138238,3.4966855966366617
138243,3.1088082584110817
138255,3.428406039432902
138265,2.9844503474006907
138270,3.132918322939584
138274,2.894336066261161
138284,3.9447756299887837
138288,4.246812202122705
138313,3.0284180097068996
138324,3.222463925460417
138344,3.814602428363913
138368,3.3493313414870607
138382,3.7920288628309233
138392,3.698565328832158
138397,2.87103928138178
138402,4.625649679863763
138416,2.876275823897623
138422,2.517629623905302
138425,3.220954863576633
138427,3.8864226158229602
138428,3.795421160247492
138440,3.593368240835205
138447,3.0770881781619503
138449,3.0552262104019405
138465,4.669222202691335
138466,3.1122492524417904
138469,3.506234681064627
138471,3.5159311293108932
138486,4.434085211834997
138487,3.8121185167924003
138496,2.8950206839378416
138498,3.1632264535274635
138500,3.1943883220419114
138510,3.0941575921767566
138516,4.676423715476904
138519,2.6458310076980975
138520,2.6689112089008855
138521,3.6528174336546777
138522,3.035315547493383
138530,3.0252999246856955
138531,4.040752676488516
138537,2.690990914079217
138541,4.550399932347314
138544,4.148373009159631
138555,3.131720909259536
138557,2.9167220984749975
138561,3.1087770965513606
138562,5.439216058735532
138573,3.0922985186501486
138574,4.388850125375781
138579,3.2512043003761844
138583,3.073868980858384
138598,3.0650468794858323
138599,3.17984649731016
138603,2.9387671488907405
138607,3.28037219893293
138610,3.033939401245025
138616,3.116685890383637
138617,3.5565472114649315
138618,3.2100593372146884
138620,2.435585492705875
138623,3.110360562443026
138643,2.9640663133700924
138644,3.2339824645722803
138656,2.9717207366285816
138667,2.5932334699097805
138671,3.094427650357706
138674,4.485855000987221
138677,2.7430354946405004
138679,3.612723902367769
138700,3.1299390611786646
138703,2.6598450452300844
138704,2.736681992806641
138708,4.5140972042695475
138710,3.0239279162854897
138711,3.18658843456386
138730,3.0374124161880767
138735,3.0224322308792915
138745,3.379388438350652
138751,4.5080659450454
138758,3.052411450695578
138761,2.866665262783829
138763,3.7419840622140583
138769,3.0686509788597487
138781,4.423110886148233
138788,2.4372286117394077
138793,3.1241135411249137
138797,3.0395972066115706
138805,3.2060249324534422
138820,3.2787060289844883
138828,2.884657482781833
138833,2.9673917921880544
138834,3.1467943261605864
138836,5.208602312041528
138852,3.2023215842798547
138853,3.639712711260817
138855,4.643651296736347
138856,3.6680602231348365
138860,3.8424371393955767
138872,2.7326779320398114
138874,3.6568230827443102
138877,2.892180357120129
138880,2.477784810494245
138882,3.184551966599886
138884,2.948180644599761
138899,3.585434351553981
138913,3.6535904746192718
138915,3.653322934543232
138917,4.244874104830277
138918,2.836894171254987
138921,3.5778820930085873
138923,3.591883355303105
138924,2.970052563835112
138929,4.598545795762612
138936,3.1004515954410348
138938,3.056706761874061
138948,2.4508214309183547
138967,4.949765764169361
138970,2.729621728332509
138971,3.0828895436913917
138972,2.754099740642601
138973,2.383771748775071
138975,3.1425397868680562
138992,3.006378067293426
138993,3.952305218097927
138999,3.12262183626719
139000,3.0929964164542705
139001,4.503129598555493
139004,3.9655729837446545
139007,3.0453830487786275
139015,3.2327410111864556
139020,4.310738362337
139026,3.91604291113499
139030,5.1442366129531925
139035,3.094427650357706
139037,3.3847686712726066
139054,2.8221321517912226
139057,2.554110083185536
139059,3.6182850429172237
139069,3.1757919522446243
139072,3.4062224481023744
139075,2.699518501157023
139085,3.7931414408228306
139087,3.629836735458875
139091,2.7877310781504563
139092,3.3220613960052683
139098,3.739377010413886
139111,3.49302668628
139115,4.827686913684708
139117,3.283966645961939
139119,3.537925173121323
139122,2.702150623033589
139127,3.600817344546287
139131,3.1238580393806945
139137,4.514823510513249
139140,3.126018314124341
139149,3.2618167345716143
139150,3.7611159311435713
139154,3.912306423590619
139158,2.9281842176776074
139159,3.3972625712706623
139186,3.5375041122059137
139189,3.7029229128639454
139198,3.426227381338718
139203,3.0618929235405425
139204,3.255566802561353
139207,3.509502692560315
139216,2.8684381356908597
139218,3.568092811905519
139231,2.915661473893436
139239,3.1319207741762214
139247,3.263309309106818
139265,3.6355665832283313
139270,2.5078164724272547
139275,2.9150367664758376
139277,2.5363343240294345
139283,3.100586030420455
139285,2.3363839601882965
139300,3.491506176779218
139301,5.054161146496613
139302,3.0765635285122896
139307,3.0975132417817557
139311,4.558295432537127
139314,3.0531069333601857
139315,3.0183155907917585
139327,3.1857626603181757
139337,3.3643641125438917
139342,2.782406174799334
139349,3.6230104629209285
139369,3.4105164889455657
139394,3.047693667229342
139395,2.5075347225941385
139396,3.6235497121955396
139407,3.9420052590586283
139410,3.6572419829923097
139411,2.7117969831884134
139418,2.437620285475865
139420,3.7150762537739346
139424,2.9102200080384755
139441,3.3864336081679447
139446,3.3897944908729163
139448,2.9875002717167063
139454,2.6904340877769286
139456,2.9867658104951373
139465,3.125375435804645
139467,2.9684895693167515
139469,3.039340107182694
139470,3.47407808966585
139473,3.1082900152631727
139492,2.7499527568465103
139493,4.596868081922144
139494,4.516125799586116
139509,2.9232155006488196
139520,3.0168432293428356
139521,2.838488159598549
139527,3.1235385890662646
139528,2.8179537980641642
139530,3.5413898259567365
139546,4.294792702828117
139553,3.990240396514763
139565,3.614943251593344
139566,4.307045485126682
139573,2.668184457959375
139576,2.6906248107876576
139584,3.305401361683339
139602,3.2207823609673416
139611,3.0277646386233847
139614,3.1113844324228945
139621,3.657803798264357
139623,3.66524438126551
139630,3.4743682884918146
139634,2.533043438839081
139636,2.6418053386459976
139639,3.6363066038683427
139644,2.907113239758177
139649,3.564784355958597
139653,3.4911628681262985
139656,3.545098214967012
139662,2.829163625197178
139669,2.6616250979376415
139672,2.9785380071540737
139694,2.916173255629148
139718,4.125472551723127
139720,3.092426883432512
139726,3.4672745183889773
139728,3.2591978230241727
139731,3.2523546669218635
139737,3.1596057117143106
139738,3.6557294830975793
139751,4.850668546897256
139752,2.727694141623432
139756,3.258514963569596
139763,2.7430354946405004
139776,2.6333809322828623
139786,2.710858261139353
139801,4.6664051288794415
139803,3.032701023326218
139813,2.461484835204243
139816,2.5574727019851697
139822,2.693859212884707
139825,3.52262901369174
139838,3.4373387524563634
139839,3.544415684057695
139842,2.561063200876645
139850,2.7067673332558773
139861,3.6583482766810196
139868,2.6836443363420486
139873,3.114027896187534
139875,2.9917578723641802
139878,4.6379101275354655
139880,4.998353174076858
139883,2.6651572515582536
139884,4.4554533232707065
139892,4.425386846268563
139902,3.4548849529966286
139905,3.4916885402860856
139918,3.8180787876138673
139929,3.2107017994932354
139937,3.1037867643528663
139939,3.8258843654635224
139943,5.1937860353567356
139966,4.084647707210398
139980,3.5112125092259494
139990,2.82345286866886
140005,3.1730353658600263
140009,3.1124341316333473
140012,4.731805904365391
140015,2.562666456804066
140020,3.4064457681970173
140023,3.5784357879592497
140041,2.9596576890217525
140046,4.348230063243251
140050,3.4905857476219064
140053,4.552497658881054
140054,3.263533050621591
140056,3.36744656622903
140058,2.9227622839606777
140069,2.6784248990977675
140082,2.9161557133525333
140085,4.734122977952508
140087,3.956971579807949
140096,3.6432210924665145
140100,3.1070205804346753
140102,2.8433837052279696
140103,2.5631365699779836
140109,3.335912977986539
140116,4.670775775346936
140117,3.5811655195385947
140121,2.982586085197708
140129,3.242652092218513
140133,2.843251650464255
140136,2.802611557423332
140152,3.644270269492777
140158,3.536633295870513
140172,3.535773783592794
140173,3.0118286667819283
140176,3.607217395246632
140181,2.9181051586612003
140186,3.0307580288772953
140188,3.86656432364242
140189,2.7483080809536022
140192,3.786989250211522
140197,3.496895996706298
140199,3.701140388030842
140205,3.261233342412811
140214,3.260763032506914
140217,3.111219371365698
140222,3.015929033397959
140224,3.8424226735547355
140228,3.0505130765057014
140230,3.7601539184728874
140232,3.796127348363371
140237,3.7439269702088644
140243,2.764861392591234
140258,3.774243544673805
140264,2.9404174609749507
140267,3.0225897804565482
140274,3.6317861583694606
140275,2.92769676002936
140280,3.051516869113295
140283,3.4936987057910476
140284,2.6237770046249476
140286,2.9901904136278463
140292,4.585526888762354
140293,3.149764169408817
140294,2.971009851827325
140296,4.003316120343093
140301,2.8058775643122065
140304,3.22206415547345
140306,2.784121948895452
140312,3.658540068410951
140316,3.5375250616235996
140318,2.8102112874827623
140319,3.678081013667276
140324,2.980445851178344
140328,3.116685890383637
140330,3.099645008093145
140331,3.754674741653962
140339,3.092426883432512
140346,3.455235523986774
140354,3.795080030127078
140359,2.3294318398249256
140363,4.567707355281359
140394,2.954915053305524
140397,2.55882249392409
140402,2.8381655442797755
140414,2.9703954741693326
140428,3.1879801519282625
140430,2.669413318443457
140432,2.5666995728297834
140438,3.7750818449870747
140441,2.6673482014914267
140445,3.2704651269468004
140450,3.462271218103357
140456,3.0726205803560247
140465,4.684086814142578
140467,2.565804864168834
140476,3.2357640609019507
140483,2.704342043434159
140485,2.9511687427538424
140493,3.5030071840138444
140494,2.761725346332983
140496,5.376811893910723
140499,3.033939401245025
140514,3.572410406293495
140515,4.639264923894303
140519,3.123148141993445
140545,4.5554183930140235
140568,2.9109804944680775
140577,3.3713629843655997
140581,3.62143026044626
140582,2.458740802553313
140584,3.891867355529407
140606,3.3541030557248175
140611,4.6143916253743065
140621,4.43709984826307
140628,3.329093885462065
140634,3.6679764776939683
140645,3.837711288797985
140651,3.016780791780504
140654,2.6773839412145315
140662,3.0277646386233847
140676,4.552787123242074
140678,3.157276134367085
140685,3.48194280056496
140686,3.3685874169657866
140699,3.182035493268553
140701,3.517105777062721
140702,2.7298740750634933
140710,3.201339699966019
140729,2.4290967854049192
140740,5.443532493814739
140749,3.519939890223691
140755,3.0929761097731703
140763,3.4179092058160396
140774,3.0224363023149494
140779,3.0149281928570226
140782,2.6939535609691156
140793,3.0940075056219642
140797,3.645492331884886
140803,3.2146139576363186
140805,3.4734326745080053
140806,2.746366709391784
140826,3.0929618154298204
140835,4.116423031729603
140836,3.0456243308386877
140847,3.621590026986225
140850,6.360926306809129
140875,4.625480122776079
140876,3.2110062917523026
140882,3.0562918697740526
140884,3.2608606057231735
140885,2.9844503474006907
140888,2.818545574641695
140889,3.0461748534208937
140895,2.776923993874575
140906,5.008146524623616
140907,3.2396302495522953
140925,3.5479694242960815
140933,3.747626627577276
140935,2.9581031996286855
140941,2.661535486167106
140945,3.244406263746887
140947,3.625613155868874
140952,3.8541578699330468
140969,3.6260676093089583
140972,5.5313938681549395
140977,2.7953135509877822
140987,2.947722758497948
140988,4.577184032179607
140995,3.635337669004749
140999,2.961460775529866
141004,3.4765655460707268
141005,2.9581031996286855
141006,3.8809247897530215
141008,4.08082935131678
141024,2.8797559775716617
141026,4.4917975529321845
141028,3.408408022066533
141029,2.6071891908371194
141036,2.9180355728522858
141050,3.006958318833257
141065,3.0767704765939263
141067,3.547162466038388
141070,5.8044402269326145
141080,2.7671334178159346
141082,2.9441409043416433
141092,2.7307608477086625
141100,4.563047008490564
141106,3.080068303096049
141107,2.8966357470547375
141114,4.626483472786802
141137,3.1922244390022363
141139,2.925778225697734
141141,3.6764810676366144
141142,2.970237360764829
141145,3.6827230925111665
141149,2.310848635543822
141150,3.9828021470082686
141155,2.726567881686181
141156,2.8528336874910813
141158,3.5671948566255534
141160,2.8164109165749576
141178,2.9855204981666708
141182,2.8179537980641642
141184,3.33992894491619
141185,2.983945145234916
141199,5.090486644352276
141201,2.4583035951554244
141212,2.846759475982823
141218,3.8100917217388455
141219,3.0114495043207934
141221,4.3643188538404685
141225,3.6895710020806867
141235,4.61223628246897
141262,2.7478237353659
141263,3.021092853481402
141266,2.990751536941954
141268,3.3232521701303357
141280,3.3454288174367726
141289,3.0650468794858323
141291,5.333349912242062
141295,3.137537768880594
141308,5.091457489198552
141322,3.025606612269364
141332,2.643908113592027
141342,3.782817233772561
141347,2.699583832057157
141361,3.146772147899304
141368,3.0050971122286803
141369,3.627993760001224
141381,2.8053934923506625
141391,3.0555384297003836
141397,2.8796642106324333
141398,5.275157265034476
141416,3.159412777508147
141425,4.301325289813274
141431,2.5813230171874704
141438,2.481067158615701
141441,3.839848280431773
141443,3.0567354879772655
141451,3.4579120050785157
141459,3.979406371164348
141462,3.8976306314798896
141464,4.09691890366061
141471,4.599493871275827
141472,3.1299849738678938
141478,2.6041489877374513
141481,2.5328544005971545
141482,3.7630505246564048
141486,2.83899164448912
141490,3.1232035269406877
141501,3.1238580393806945
141503,3.6739010499180393
141504,3.5933469016855546
141510,3.980538677516226
141515,2.70567467268
141523,2.9404174609749507
141526,3.6209359247825743
141528,3.522789575976371
141529,3.052449395080552
141530,3.21447284185955
141545,2.5911076072800547
141552,3.0962616797114215
141553,3.0277646386233847
141558,3.4772588617404523
141559,2.633140156103045
141566,2.7689761942489235
141569,3.249087865037068
141572,4.663656183453293
141574,2.882232545109418
141585,2.729621728332509
141588,3.2097916275455374
141594,3.695334236100342
141599,3.289182667699292
141610,4.209164494429451
141613,2.6986347354898106
141620,3.1474367191167065
141621,2.9032913228798507
141628,2.9164253957568222
141632,5.358165304845981
141645,2.713511657154941
141650,2.7828763243627455
141658,2.983550588855007
141660,3.0425922268360743
141663,2.6951576846539855
141665,2.7272321040716476
141668,3.1088082584110817
141673,2.870687362912926
141679,2.8732635591546085
141683,3.056092024338944
141690,2.73930384716802
141696,3.3682684260920404
141697,3.0531069333601857
141702,3.2673452703491925
141706,2.5595900615948697
141707,2.9794566127231548
141713,2.924094831392527
141747,2.998571050227775
141748,5.641411626385394
141750,2.717449212483608
141754,3.0133448512374676
141759,3.5258633051897705
141777,3.0441063535544015
141796,2.980766075577429
141810,4.629355804338198
141812,2.983566891551252
141814,3.686095080356248
141815,3.9407032589149447
141818,3.2139810677107965
141826,5.406686388176063
141832,4.520003422398402
141841,4.495138070729137
141843,5.15871277089151
141849,3.134958282515846
141851,4.626483472786802
141853,3.0702126507105447
141864,3.205848425436294
141865,3.1103558089598153
141877,3.0650468794858323
141884,3.114027896187534
141895,3.1295284373297934
141902,2.6087343343276905
141905,3.433514172964676
141906,3.439004862520685
141908,2.833407854862134
141910,3.529550652907631
141914,4.607686268256471
141917,2.5171434822481977
141918,2.6567849502424887
141921,3.0302322916530557
141926,4.335413613130883
141928,3.23014959419
141938,3.085638120254619
141940,3.0650468794858323
141943,3.700405547675868
141946,3.5951745962409714
141949,3.0461748534208937
141951,3.5013207855351585
141955,3.2418466028310657
141969,4.418809815635369
141978,3.5353981627310054
141994,2.740095319521808
142009,3.6887223733349073
142018,4.605597064206897
142021,3.202136294169736
142032,4.336193350729012
142047,3.5077909668974576
142051,3.0531069333601857
142053,2.7500377015988158
142059,3.0789255081373463
142061,3.1103558089598153
142070,3.0562918697740526
142071,3.2082770711470565
142088,3.0277646386233847
142090,3.088929327644471
142093,4.734601118154479
142097,2.9567924228811164
142101,4.025944409726686
142106,3.5606061189902842
142107,3.4447489064356116
142115,2.8391819547390793
142125,3.807528809043756
142128,2.3363839601882965
142130,3.5687378276016477
142134,5.812473351157962
142136,3.203377318263024
142143,2.902195724474042
142150,4.008679037761453
142163,2.7062549356471504
142164,3.139427600266153
142168,4.003010533279692
142171,3.2032522177732403
142180,3.6261088852141823
142183,4.572354357454618
142184,5.427247561049867
142187,3.204230626617997
142195,3.0900511386043723
142213,3.6708661676915377
142214,2.9915150219495503
142215,3.280500197202168
142217,4.655488229832841
142221,3.4077202105358984
142223,3.1810630058310396
142233,4.126194056786629
142241,3.689707537883978
142245,3.837997402157857
142250,2.8738905533193755
142252,2.9150367664758376
142264,2.8433837052279696
142275,2.974955040342315
142276,2.621031033966481
142284,3.3619351649669587
142285,3.256304592447509
142286,3.1995692260289563
142294,3.144628469859993
142300,3.1113844324228945
142306,3.606122385357456
142325,3.7462199330152703
142371,3.043524960217259
142388,2.8506257708627865
142389,3.908242375272607
142392,3.0824572444369283
142400,3.7126078400164038
142428,3.1215094421908507
142431,2.700856892051888
142437,2.978323016844409
142440,5.104538732813113
142443,3.0174131859144717
142444,3.1649637185279125
142452,4.132905092270317
142454,3.28406622218829
142461,4.497571456105282
142462,2.851605253325484
142470,3.468055889774132
142480,3.6177159381266986
142514,2.98791974758863
142520,3.200295107979353
142531,2.980422952138881
142536,3.3443773822647795
142544,3.6653870244439912
142547,4.4504456714137355
142557,5.053105861038051
142559,4.598974121680048
142566,3.373605752884753
142583,2.9263276070569355
142588,3.1797770530659637
142598,2.9728428595559837
142605,3.056706761874061
142615,3.0094559707914152
142627,3.8907678997377686
142641,3.2244782464751207
142657,2.8757356349718535
142668,3.5788877963986185
142681,3.009234121110753
142698,2.9752890587089764
142699,2.78747781712451
142706,2.8625090139602705
142718,2.6004191570818396
142727,3.4984595521014668
142736,3.415645574138924
142743,3.0069132520647286
142752,3.2333982264980214
142755,3.5334096178562504
142758,2.9917578723641802
142759,3.037096920037626
142766,4.594925745885734
142771,3.7373302940959365
142799,2.4318696597841605
142807,2.969330573235168
142819,2.954667649422978
142820,5.498562890351873
142827,3.616965742180269
142830,3.6006735044227844
142836,3.599234156001878
142838,3.2623864523136175
142847,3.1002109010365224
142857,3.5407729500181895
142861,3.1004515954410348
142867,2.941804898559306
142881,3.0167111515974203
142886,3.0464016391491016
142896,3.1223142189093647
142911,3.041067175229915
142919,2.5492693194973706
142921,3.1789847165619136
142931,3.062304343831941
142935,2.925264423118226
142942,3.8361571999902
142944,3.5207209126137027
142958,3.182035493268553
142967,3.1293642166990407
142982,3.2089861706718086
142983,4.151544878007165
142987,3.8109406469750025
142988,3.6642594289275823
142989,3.2665975462251637
142993,2.887527283174288
143005,4.903523264428507
143012,3.6304048556776007
143015,2.962832349697054
143018,3.739118679505206
143023,3.732401791430601
143027,2.728605621347357
143031,3.2564316690841704
143032,4.347668411768138
143037,4.106036180545878
143049,3.2615601823683917
143053,3.153328306866341
143054,4.557703740442739
143058,3.0224517273273084
143060,2.883534193936103
143061,2.7777969157849296
143075,2.8666003654720615
143085,3.6236151815527675
143101,4.44151010856241
143110,3.5064724721397713
143115,4.394601614036514
143118,2.4532050412810085
143127,3.6185371152532713
143133,3.5657225157265247
143138,2.8656779975865936
143163,4.65085907398107
143167,4.016310198744621
143168,4.58924655629284
143172,3.000776337342111
143178,3.0621652624411015
143180,3.0992200182589857
143184,3.184704023044029
143203,2.668678738352929
143209,3.325005455128799
143219,3.111055013151426
143225,3.8885444227782564
143228,3.6990534682226763
143251,2.7828763243627455
143252,2.682066554787971
143253,3.122543153874617
143254,3.054703431035035
143255,4.103617071028003
143258,3.0721536792470667
143266,3.513194881365393
143268,2.8396650756820607
143270,3.9771223202923034
143272,3.4019605874284338
143282,4.7674194620402925
143284,3.777991119398428
143285,2.9581031996286855
143287,3.1457716922954746
143288,5.752761882656748
143290,3.122543153874617
143291,3.5434930495587507
143306,3.1185863074085427
143308,2.925778225697734
143313,3.015402501059698
143314,4.538268221755377
143329,2.9844503474006907
143333,3.0402892231700847
143345,3.5097233693923724
143372,5.605489876969344
143392,2.470638574589337
143395,2.599943306518857
143397,2.8285010411867306
143401,3.0782348824931973
143405,3.0940075056219642
143409,4.429439612817681
143418,2.682066554787971
143419,2.6283245735182588
143425,3.1196877032717154
143429,2.3966092301089796
143432,3.6083261467713386
143436,2.880511968603748
143440,2.5428286072560224
143441,4.132830813321637
143442,2.867182878072425
143445,2.8872518830334495
143446,3.1238580393806945
143458,2.6550256692933982
143459,3.0848286760247907
143465,3.0633239356306428
143472,5.125084574104232
143477,3.0552450430429756
143482,2.6836443363420486
143485,2.7272321040716476
143499,2.6519775503269924
143503,5.16567694392623
143510,3.4446648222530136
143514,4.715864439344908
143516,3.1134832722929504
143518,2.6492466465708375
143520,3.450752556935829
143522,3.281984985748176
143534,4.800057524993355
143551,2.9855204981666708
143553,3.1238580393806945
143558,3.6013153118356134
143567,3.1434597200601107
143578,3.0040155003000657
143586,3.3136853426427155
143589,3.0559884748934127
143592,2.6505108866310407
143620,4.732943436768638
143623,3.5113892812877623
143630,3.0172532193764603
143634,2.474906401734051
143636,3.6008734549242916
143638,3.137537768880594
143640,4.2750263243185564
143657,2.8934388780262252
143662,2.7983601972403567
143668,2.964873664757322
143672,3.481660265271235
143686,2.8528336874910813
143693,3.127653122376123
143700,2.968269264237618
143703,3.073058376523048
143704,2.937070245234719
143706,3.9448262224417663
143712,5.81061558246148
143717,3.11149055497305
143718,2.6437459119819504
143734,3.1341421742844853
143750,3.713484568248024
143751,3.2460941288213023
143752,2.6714322380975384
143765,3.0450397267254563
143775,3.622889900143792
143781,3.001674547949247
143800,3.122543153874617
143801,2.7243862713607507
143802,3.1227132717314565
143809,3.517855295151421
143814,2.8109382428995895
143815,3.0079468976570762
143819,4.179821940838517
143820,3.157786694364967
143830,4.332925014492149
143832,2.498722670696532
143836,3.0224690393347267
143839,3.025606612269364
143840,2.8448336696029113
143843,3.6225864488461026
143845,3.8583209753876346
143857,3.015929033397959
143860,2.3388807909627793
143861,3.028766085178447
143891,2.286646867166507
143899,2.834688199387043
143902,3.635736993413822
143916,2.5577373337348486
143917,3.0114251478161758
143918,3.3452835760226343
143928,3.585316391350529
143929,4.708265787842069
143930,3.0118286667819283
143936,3.595700393775891
143941,3.2636480805036356
143955,2.7654695651805645
143976,3.0657861080709528
143980,4.6143916253743065
143983,2.796900357479222
143989,4.570797998413774
144000,3.157786694364967
144001,5.1734248972126835
144006,3.659837735065616
144007,3.889702748215134
144008,2.7783939413677987
144018,3.2241983926412288
144028,4.050205169291608
144037,3.051860498569893
144040,2.761172859236227
144044,4.560367968145414
144052,2.4498682203008424
144053,2.9116314543940205
144054,2.75417438265289
144062,3.0463933848370868
144068,3.137302754334669
144076,3.1482245135572895
144086,3.4216090104478574
144092,3.541989900009431
144096,3.3071864743503805
144097,2.820127174913531
144111,2.8577095730800885
144112,3.430719782658718
144114,3.237266164827114
144115,3.786603059923004
144125,3.150259885177379
144129,2.984635611751076
144146,3.630236485180053
144157,3.573164294731037
144171,4.685509541379939
144195,4.6766766897433385
144201,4.073293008711179
144202,2.859499465134619
144206,2.9935159115753844
144212,2.9926841262868478
144216,3.1016895910658504
144219,3.340353818704417
144222,4.6302341333956765
144229,4.57256190839513
144231,3.444948116144106
144244,3.535517281103345
144245,3.354581676752299
144253,3.4675242101719252
144254,3.055123424022314
144261,3.505111853543399
144283,2.763227596888995
144287,3.490392817967565
144291,4.546096638850805
144301,5.232843849229754
144306,4.012327040397458
144312,2.6620262568149253
144319,2.4783532961734958
144325,3.048164095173538
144328,2.8143120630578906
144331,3.426501653233086
144335,3.905926693188734
144341,3.224969282486513
144355,3.6023648240567683
144358,3.054400891577261
144361,3.048893666852213
144367,3.6702494056430597
144383,3.206871582715928
144396,3.0208780095663412
144399,3.1251088733622874
144405,2.6267803628856727
144408,3.057774802372948
144418,3.2167281567316217
144424,4.592704418255047
144426,2.9263276070569355
144427,3.137537768880594
144438,3.183214036233001
144447,3.216444665110709
144455,3.2235497673075386
144456,3.353690045656465
144459,3.1303637437197005
144463,2.9368410410488175
144471,3.885538357050436
144473,3.062527416911683
144482,2.946018259847315
144487,2.947090136728882
144489,3.5972042046359185
144505,3.091329344654777
144540,2.86982955650594
144542,3.636901943596179
144549,3.0657861080709528
144557,2.669645186465064
144569,3.5520207074193717
144576,2.633140156103045
144592,2.8198714777336495
144595,2.9291878703822283
144598,5.56420588474677
144600,3.1684034944070456
144603,5.7920888195779305
144607,4.601500425767065
144608,2.7390246179019497
144609,2.9545903692220086
144612,4.57634220622286
144615,2.928996517913817
144626,3.2547751981422617
144637,2.8381184630964875
144642,4.464412225931546
144656,2.7358244839115238
144663,3.0166115822132986
144664,3.098747377233244
144669,4.588018129604852
144670,3.476751103781866
144672,3.015929033397959
144691,3.0398372626053636
144701,3.3461260910730366
144704,4.2888625438214305
144706,3.300057644452429
144707,3.7968218595029013
144710,2.6820127180774884
144725,2.882299564341141
144732,3.342701375640292
144745,2.51440479462136
144746,3.093457939802194
144748,3.7823547072063946
144763,4.594293521496292
144767,3.184763604705262
144778,2.6812655842138735
144788,3.4384842429559197
144796,3.1333932436191665
144814,2.927920094731029
144817,3.4234829334158783
144824,3.902448549277605
144827,4.617865910286961
144830,2.4437184730439534
144832,3.1933871880172817
144835,3.088527324351916
144838,4.620633801879093
144849,4.280104538856011
144852,2.8962046979406697
144865,4.130520494814147
144867,2.7625923023325707
144868,3.224847403057
144870,4.050309859885706
144872,3.6327861141766498
144874,2.6622398378646435
144878,2.3592709233873115
144881,3.588186009475595
144890,2.5886691930704453
144893,4.780444648026408
144902,3.354346800113974
144914,4.607753403145189
144917,4.712548948446829
144919,5.2451641507469215
144925,2.7503124207231444
144928,3.183844869367725
144942,2.823414488946363
144952,3.153542150558213
144954,3.173364348548149
144969,3.516743189014113
144974,2.992000649344353
144977,3.243670928184766
144981,3.2235497673075386
144986,3.567295476865186
144987,2.701372564327585
144989,3.1992118425385376
144991,2.96650788026984
145009,2.6054619357988047
145015,3.220645616365925
145018,3.111713821750174
145027,3.140109866173624
145030,3.206382103160402
145038,3.6565270281569133
145039,3.9172738957584325
145042,3.062246918889022
145048,3.035315547493383
145059,3.7202761487683254
145085,2.9803669822566152
145087,3.0118286667819283
145092,3.215330667280483
145095,3.2236893571625282
145099,3.187544068638593
145105,2.7566753641250163
145107,2.8318363296665026
145108,3.056706761874061
145112,3.8633664036640267
145124,2.422428760979899
145138,3.3292056152936373
145152,3.8412320934729145
145160,3.7934390662486797
145174,3.26455939088206
145179,3.0992200182589857
145183,3.925982968749044
145184,3.0218788748909744
145186,3.190103307765872
145189,2.512386334951325
145192,3.7723794293658686
145201,3.1123426152104567
145206,3.294291397352471
145212,3.0425922268360743
145213,3.673077754608017
145217,2.721648749139032
145228,2.8175995919051133
145233,3.8341315456914566
145235,3.695961560197052
145243,5.0015548180707
145246,2.803088583508725
145257,4.923461487932149
145260,3.5593519922619508
145267,3.948272936079759
145275,2.850901604152218
145301,3.56219433960397
145312,3.174448899261986
145319,3.5629189424653713
145339,3.003796921872589
145345,3.022579618063015
145347,3.0647167107478777
145374,3.09715508592923
145378,3.2096766037579174
145381,3.351107397854922
145385,3.098577713163607
145401,3.0935860457884448
145412,3.0653979524203634
145414,3.0929964164542705
145417,3.573309068740074
145423,3.021092853481402
145434,2.480831920493768
145441,3.536858837446164
145443,3.5342330486091287
145445,3.3703132529807873
145447,4.500625238032599
145455,3.200989384744495
145469,3.0212373786760627
145470,3.6574554080640884
145475,2.914693601718554
145486,2.7409615245796335
145491,2.9844503474006907
145492,2.909866406147056
145506,3.0634702338921875
145514,3.4742527569763473
145516,3.2292638667702587
145518,3.116685890383637
145522,3.266750605439355
145529,3.132224943757844
145542,4.217264437091062
145543,2.846759475982823
145551,4.538921754568307
145552,3.210304590116208
145558,4.642978526458549
145564,2.8768402618718523
145583,3.1122492524417904
145585,2.51181996997531
145591,2.4798607812431612
145593,2.8053934923506625
145594,3.112926631273043
145597,2.9898135327575064
145609,3.939257754473449
145614,3.595600792531301
145617,2.706156269485468
145622,3.06071301103625
145623,3.1257195706574468
145643,2.98169072523015
145650,3.0391920425339376
145660,3.5656516516540555
145663,3.1991186219667025
145670,3.224969282486513
145675,2.7465848549962915
145678,3.1070022001702657
145681,3.060075594119812
145683,3.639812715354042
145687,3.443395558562531
145701,4.622320742080515
145704,2.686634305720781
145708,3.0562918697740526
145709,3.045697377147545
145710,2.9836383139171168
145714,2.9247102044229263
145722,3.5154802601496713
145724,3.370979606083398
145725,3.1673565924481064
145731,3.6817791166754845
145736,3.2250456216153935
145739,4.401441556464978
145740,2.6848655286834857
145744,2.7125925236442128
145745,2.7828763243627455
145752,3.5845399611053073
145756,2.782406174799334
145757,3.24273988485211
145760,3.094427650357706
145762,3.0543547115012872
145764,3.0549603086560015
145776,3.482903343024736
145777,3.3207697873588184
145789,3.5207333338305875
145809,2.5437569025814195
145831,3.0503241967274466
145832,3.3349928250934986
145834,3.184896158004075
145840,2.9950292258250957
145845,3.7060090889772095
145848,3.322459910177311
145852,3.068241143956543
145859,3.242490480840285
145861,3.000546234189452
145868,3.0503241967274466
145870,3.34369474457834
145874,2.458895275605799
145878,2.6849435213726953
145884,3.114027896187534
145892,3.2425903103553417
145904,3.634668426589786
145905,3.3811309088404133
145914,2.455736643459194
145915,3.4240924937051287
145916,3.2200376857064184
145919,2.8574205371906864
145921,3.0230592513986525
145925,3.002811483804444
145931,2.682991220256686
145933,3.0140377865977213
145943,3.582165317996923
145947,2.983061270284348
145950,2.390456727786937
145956,3.134958282515846
145957,5.213439353007619
145965,3.569659739750609
145967,3.7339172925602764
145976,5.099365782174205
145978,2.915069294806917
145979,3.2248216375218655
145981,3.743539885572842
145984,3.074116488227032
145986,5.928207505819697
145993,2.647101689885436
145995,5.685461151149724
146000,3.1261872563328326
146013,3.003374117848743
146018,2.6682856334411125
146019,2.768599657508887
146035,3.0832375445681537
146043,3.2442103011812082
146044,2.510509139842483
146047,3.1879801519282625
146058,2.9329778311155916
146066,4.9730491035416655
146072,2.490693815282545
146076,3.147676120179035
146082,2.8557778555368194
146112,3.129383630246908
146121,2.834169913118654
146123,5.065241750131804
146128,3.973022607465591
146129,4.348230063243251
146130,3.1944716235109856
146136,2.8279745113863637
146140,3.5174950094299735
146149,2.735166963478852
146152,3.2507980489332207
146154,3.74604651675506
146162,2.9455866354786786
146163,3.5038444808449745
146172,3.592063773554001
146180,3.5902301281978124
146186,3.191654317241756
146198,2.7874591372006696
146216,3.573309068740074
146219,3.096871354691964
146224,3.073058376523048
146225,3.137537768880594
146230,2.9822745993709203
146231,3.245956356085303
146235,3.29466308209638
146260,3.0488365038667293
146264,3.457738263551592
146271,3.741579387548925
146286,4.55244895831521
146293,3.231270427971607
146301,2.870444362481392
146302,2.618489335224224
146315,3.7938865761874485
146320,2.441034320761484
146321,2.9167764079568324
146323,3.7903914750694767
146327,3.2784650347960533
146336,2.987213687800037
146341,3.3727646661378836
146342,3.082782464963912
146343,3.1584057349970114
146346,2.8307852226814925
146352,3.08455781513449
146367,3.130835665276876
146369,2.782343652500582
146379,3.5646439236444465
146385,3.132918322939584
146396,3.099645008093145
146402,2.980102434113266
146410,2.782792753762652
146413,3.645182891011735
146417,3.5965257320944874
146421,4.638948636046061
146422,2.9691981943806303
146424,3.619820671984129
146427,3.6915031740586457
146431,3.0499101220606035
146436,2.946806238451104
146442,3.9428166573146988
146451,3.0616813991503404
146452,2.973715851868996
146457,3.966470918498329
146461,4.525764585726353
146463,3.177549838954278
146470,4.736847313690117
146474,2.9844649310621993
146493,3.120545784091071
146495,2.4745018285335325
146496,2.693242164661397
146497,3.0741961841071306
146499,4.439294091684831
146501,2.9895158270651696
146503,5.1176265362347415
146507,2.5381505542807767
146509,3.0211150273368323
146518,3.099444198214097
146521,5.086054727317375
146533,2.630821275737077
146534,2.753276004905246
146547,2.773670481261887
146562,3.436192437321065
146564,3.436371250026047
146573,2.9918790135163515
146578,2.641749571694086
146580,3.528605501909032
146581,3.451083959879646
146589,3.216573141563563
146601,3.0685099691819917
146605,3.625362161925651
146614,4.36607643308726
146617,2.7699099837391508
146622,2.810654835575902
146623,3.5784181576465484
146631,3.556684093410532
146638,3.129377320920568
146640,2.864475904622959
146657,4.392709482623294
146671,2.843555793626527
146672,2.8486416849502527
146676,3.5017010072162122
146681,2.7790330845011795
146689,3.0843546296183373
146696,2.8517821071746368
146703,3.443395558562531
146704,3.68321846434414
146706,2.5431188996885354
146707,2.915460185222109
146708,2.9656388261445383
146719,3.5413898259567365
146722,2.7482097885023453
146723,4.560273462020272
146724,2.6153772838793485
146726,4.503327203397035
146729,2.71810804466819
146730,3.2391477784167435
146733,3.5207866694044987
146741,2.472209962795166
146758,5.417786518049708
146760,3.2941510510843006
146762,3.235860528463845
146767,3.525794338980071
146775,2.9392890487959122
146778,3.671955981577704
146780,4.558560743855528
146789,3.054703431035035
146804,3.7802829221170433
146810,3.0531069333601857
146812,4.797069338883134
146814,3.0127682236821656
146827,3.0539274968655117
146830,3.2214560204913125
146834,3.1951787372310405
146855,3.182836760306209
146857,4.4469283210016854
146866,2.7543599861561443
146870,3.0994954445918617
146874,3.0069210205094206
146876,3.7846879199848673
146885,2.974602618288103
146888,2.8237764994000982
146894,3.6820786600477966
146895,3.356244450386234
146896,3.583578447463812
146897,4.0356901638439115
146898,3.0922985186501486
146900,5.549720911470832
146906,3.8250955669403335
146920,3.5802163701202003
146935,4.5719395518477866
146937,2.68152037446017
146966,4.931874074450929
146971,2.612007919469156
146976,2.518704870947804
146986,3.4715156706934214
146991,3.917251648349293
146993,2.9097298416628377
146997,2.811364975351216
147008,2.8118743847578687
147012,3.5230526479619084
147013,3.1008377438656365
147016,3.1405510326104973
147024,2.7034910390331697
147031,4.63034711532206
147037,3.624112948883565
147045,3.109337353318131
147047,4.591486852381811
147056,2.9252894911046483
147058,3.518253289815365
147061,3.069086546399732
147096,3.298776007169339
147101,2.985507205719772
147103,3.0466733763227642
147105,3.2153054584716125
147106,3.9922886638258266
147134,3.2349893503157485
147137,2.685128853813016
147139,4.12876219574119
147144,4.982583204278303
147149,3.023805658386029
147150,2.946018259847315
147155,3.9242110799963354
147157,3.0650468794858323
147166,2.84907231864415
147171,4.621619943783074
147173,3.5802105406724003
147176,5.4177254565906185
147178,3.148928933296801
147184,2.7303336231169277
147194,2.768599657508887
147202,3.017040347286688
147206,3.32721041771912
147209,3.1121909690993195
147213,3.200505338203741
147217,3.3614371455118195
147218,3.122543153874617
147219,4.5065358846891455
147225,2.728536977955433
147227,3.59849593968379
147229,3.107110057391576
147233,4.520043513689728
147238,3.1586081559829946
147242,2.8415544824268144
147244,3.6489691076554784
147252,3.6614744548411062
147258,2.9873521214474983
147260,2.6847867837683355
147264,3.0082686620600705
147266,5.0263676266991215
147268,4.885709279272836
147273,3.5488340409056915
147277,3.024908038611876
147280,3.2884966157855104
147298,3.7366935183437455
147299,3.8218958765343176
147312,3.558048480774058
147320,3.0457203531030284
147324,3.9258943137090743
147345,3.137537768880594
147365,3.4984192921035198
147366,2.8487537689819926
147367,4.618445463805285
147368,4.594679595809441
147369,2.74403884892146
147372,2.890667085740769
147377,2.95835065846276
147382,4.873563597273723
147384,3.1057311552999103
147387,3.0983356927850885
147421,3.4122282693002033
147426,3.2691068372383083
147437,5.41657193142391
147447,3.7462186157871944
147449,3.3322541895840057
147452,2.9855204981666708
147453,3.6558466933248592
147460,3.229317504769546
147469,3.2657847714008756
147483,2.9785342550426277
147484,3.0218788748909744
147489,3.682001794873504
147490,5.304112007522605
147508,2.9871992494370425
147511,3.0440855171061223
147513,3.4925929861846505
147520,2.800119574574587
147531,4.569905188508553
147533,3.1206114813679844
147535,3.6642594289275823
147537,3.8544238496303995
147548,2.976070282297542
147551,2.7809507711500006
147563,3.016060947954526
147575,3.212331265917665
147582,3.0928047061989687
147594,2.7271349661968993
147596,3.034426361328601
147603,3.184202980897289
147613,2.5205373804338276
147614,3.44258801409485
147617,2.960164717948219
147621,2.970237360764829
147626,2.6036002060069454
147628,3.1095167368200824
147634,5.0520483206105835
147636,3.1346179383046104
147640,3.5607936233708655
147644,3.2515264216356226
147658,3.069242915604349
147661,3.5317094917951306
147662,3.035697291658059
147674,4.656514125915475
147702,4.29088532748364
147705,3.47759286312101
147728,3.065334036110441
147733,4.488219685764179
147736,4.594159317126982
147738,3.179624652071227
147739,2.9339053412464917
147750,3.224969282486513
147761,3.2497483292838822
147766,2.533215954927834
147768,2.8058775643122065
147772,2.9844503474006907
147780,4.664283294844566
147781,4.823385348882763
147782,3.475651871927007
147784,3.522558304459727
147786,4.896858371939095
147793,4.812769600083914
147797,3.047471150810166
147838,2.828425942406372
147851,4.614650943583225
147853,3.0069132520647286
147857,3.2269302680197898
147859,3.4559929502237705
147877,2.7394163718083337
147881,4.661012470064383
147883,3.1029783138991265
147887,4.833284503686385
147890,2.60850123811097
147891,3.5211983751449796
147898,3.0772466360069974
147900,4.623833121267103
147901,3.021092853481402
147903,3.5802443577721945
147929,4.911336742751786
147932,3.61573855357125
147937,3.7125338174879796
147941,4.146096710576151
147944,3.659023615813364
147947,4.557844040986513
147950,5.125566650064813
147955,2.7289787692771377
147962,3.2992719463096147
147967,3.4759062970506633
147977,3.054224002536587
147981,2.9633680225355845
147984,2.6022088615186405
147986,2.8981828567208545
147987,3.467496117518908
147991,2.97367885463999
147992,3.356054650916193
147996,4.338265380814786
148002,2.717449212483608
148004,3.0103773666543465
148006,3.1323111671059665
148019,3.102405504080833
148020,3.2227249257571478
148025,3.2443794067646334
148041,2.3679917527576038
148042,3.1585704169415028
148054,3.633256490316062
148058,3.2273956885504202
148066,3.173364348548149
148075,3.0595065551570797
148085,2.88864820532487
148086,3.2520424601789384
148094,3.094427650357706
148095,3.210219386472744
148108,2.688074985056856
148111,3.657102326545596
148113,3.120615086522132
148115,2.618489335224224
148124,3.4897866934455473
148126,3.0941575921767566
148131,2.7966455998021513
148137,3.521647320759561
148138,3.1196877032717154
148145,3.973022607465591
148154,3.221362910715645
148156,3.343467525620195
148169,3.012289389379729
148182,2.5052021133196143
148184,3.095488035258592
148192,3.485426711562955
148194,2.9918305890488828
148195,3.098587202515856
148198,3.0706949854953223
148199,3.5974019253727447
148202,3.4834835979294003
148204,3.6093612351547453
148207,2.995547660179367
148214,2.7921064678978804
148229,2.8372998300564487
148232,2.69300132234745
148236,4.448525073962746
148253,4.57239549502094
148273,3.1037867643528663
148276,3.0642243699165412
148281,3.8985120019261816
148287,2.9128725854783015
148291,3.49410016198205
148295,3.1899570433646636
148311,3.191912143784015
148313,4.296596363419392
148321,3.9684835010232042
148322,3.9830178292855702
148331,3.3718173182165687
148333,3.1430914625656605
148336,3.653322934543232
148354,3.486691132935161
148355,2.9583562929708145
148356,4.612152282611801
148358,3.0789255081373463
148367,3.0428528792205007
148373,3.680687766839197
148381,2.248006647684855
148382,3.778785413412862
148384,2.892102728060587
148387,3.384765308675322
148393,3.163727967394711
148394,3.0941985776079077
148395,3.0650468794858323
148402,2.9711606292339643
148410,3.207684607430884
148415,2.4031626336529595
148426,2.8528336874910813
148435,2.729621728332509
148441,4.365753587460023
148442,3.0075474146082217
148450,2.823347031003084
148453,3.471109762780029
148468,4.823719726393106
148480,3.775963135944713
148488,2.794363162618378
148493,4.2605945527747915
148505,2.7022977880925145
148506,2.741124384372576
148514,2.9145717772681294
148518,3.725537367382188
148524,3.4792992968372367
148530,3.438394230942642
148531,3.160523366210276
148538,3.213967025271154
148549,3.295856483958342
148556,2.524789907091624
148563,2.8800376545720168
148566,3.5450734921550033
148567,3.035315547493383
148571,2.982817165216273
148578,3.3522396514151365
148585,3.745011927902103
148590,3.233276765231226
148597,2.987386452502611
148602,4.5912613863354395
148604,4.509862038227928
148605,4.495412056277244
148607,2.6597744867879323
148610,3.042807453151656
148626,3.207756273969228
148628,2.4189309859968113
148634,2.652208226771222
148635,3.61749725297755
148639,3.052758958425473
148643,3.0995876908050684
148645,3.935673788454454
148646,3.017000650173572
148653,2.7164686199363435
148659,2.970237360764829
148662,2.719623136935895
148669,4.480872376754236
148672,3.358026079428958
148676,3.28699991565437
148677,2.8962478845912214
148680,2.9462986017921797
148687,2.7430354946405004
148694,3.049598509416677
148699,4.668459307877424
148704,2.6963315548560773
148711,3.0455843256086608
148720,4.813262606297666
148726,3.431723015472009
148736,2.800119574574587
148738,2.709845645714654
148745,3.6642594289275823
148750,3.173364348548149
148761,2.9855204981666708
148771,3.2218446928788147
148782,2.7354486070880295
148789,4.350454862150234
148794,5.086006443201324
148819,2.9935159115753844
148825,3.921470941280223
148826,3.750449679482225
148828,3.4822194343252977
148840,2.6055478746490826
148841,3.2070883520198388
148844,3.3317694708803605
148845,3.7902105876018033
148846,3.014993207701564
148853,3.5951316497490597
148854,3.22206415547345
148874,3.71219599085281
148879,4.7381739551059106
148888,3.8853079200728162
148894,2.869231374270102
148896,2.9114415099445194
148898,3.042578769310981
148914,2.9055689500088864
148917,3.79696119843949
148926,3.2407202541246836
148933,3.7196846009538636
148942,4.352793785334109
148946,2.9404178939625814
148953,2.948731432056483
148967,3.5317648861614748
148981,3.135869482789309
148989,2.786197772603372
149009,3.067871086872013
149017,3.081784403507803
149018,2.9150367664758376
149019,3.1012871639422004
149021,3.183292428149579
149023,2.6942982216290954
149024,3.4508673543800525
149033,2.7560216351633726
149034,3.0789255081373463
149036,2.8242524672255467
149042,2.7326027398734394
149052,2.8605857349711967
149064,3.851542854142137
149066,3.8112557970891032
149068,3.45102405729752
149070,3.448105406573599
149071,2.872985943012943
149072,2.7797748271948004
149073,3.162085041388279
149081,3.2117722238279476
149083,2.8058775643122065
149092,3.5172982311766368
149095,3.3118568494412446
149100,3.3922394970047884
149102,2.729621728332509
149103,3.077614829373771
149111,3.9874356726461997
149121,2.6560065862146396
149124,3.0562918697740526
149134,3.0650468794858323
149136,3.203404842566866
149140,3.4388041375011524
149141,3.081796147876779
149147,3.015747326788582
149152,3.0543547115012872
149165,2.6670755846209357
149166,3.306087859441486
149167,4.554323471880315
149185,3.5632630084391512
149192,2.96650788026984
149195,2.7272321040716476
149196,3.0531069333601857
149199,2.5654443193103758
149212,3.8935214561727203
149218,5.136507697460811
149234,2.6279973417106035
149235,3.0472415894905365
149237,2.648073041417558
149256,3.0461748534208937
149260,2.732279795542272
149266,5.063493307289059
149268,3.1924429104424266
149269,3.0789255081373463
149271,3.5437692887158527
149276,3.578258911795371
149283,4.585640487197947
149284,2.6833234942561393
149293,3.2370900344574096
149304,2.848369342164564
149312,2.9404174609749507
149313,3.0359167549835706
149317,3.1566096872528115
149325,3.3685236061404735
149329,3.536325620002216
149338,3.6318381543892233
149342,3.532532613743775
149354,3.175276381396278
149372,3.137537768880594
149380,3.808924258078817
149397,3.005733729899443
149399,4.389014440803164
149400,2.8058775643122065
149420,3.228616272104924
149428,4.323937444160142
149433,3.1035333093920574
149437,3.0378161938805146
149441,3.649044210981552
149452,3.6350961614169863
149457,4.768410105320425
149461,3.7559591171005766
149469,5.519785086881005
149474,2.733012799127518
149482,3.127653122376123
149500,3.696572993548264
149508,3.0831372289449805
149511,5.106042903751347
149513,3.639532367255035
149516,2.9232155006488196
149517,3.52741195096241
149525,3.063395650346424
149538,3.0059888288430425
149540,3.0912773194597714
149541,4.611673554617978
149547,2.9529878387884256
149548,3.460923571807189
149549,3.240824581442175
149550,2.7671512853019973
149561,3.0192949934177724
149563,3.414647087282082
149575,5.692220479382813
149577,3.117077654370739
149581,2.873144748747346
149588,4.153934714838765
149592,3.9210288144778658
149595,2.835339885274747
149596,4.578372921750397
149610,3.0949106888435787
149611,2.6085016701597485
149621,2.8193644903887147
149624,3.0030431018243857
149625,4.298116097036707
149626,2.4547548393754086
149627,3.56237910136475
149630,2.970237360764829
149634,3.131720909259536
149637,3.6563837258214917
149639,3.2207823609673416
149641,2.7850329672336174
149642,3.2400295771937584
149647,3.1166923185850033
149649,2.992748961150151
149653,2.5045228070175036
149657,4.563255077553326
149664,3.8149897512795428
149674,2.8830721586435173
149675,3.087731660000715
149682,2.965935102983739
149693,3.754958306709163
149700,3.113677150523777
149703,3.0686573126442984
149714,3.055123424022314
149721,2.95424290019201
149723,2.6857721206404537
149729,3.103876160005084
149732,3.2357704373804155
149733,2.497192460157871
149737,4.887702988049012
149739,3.163415237510865
149753,3.0481746734799353
149756,3.6679764776939683
149758,3.792713120398715
149763,3.094427650357706
149770,2.6033635036277674
149787,3.4871326544371497
149791,3.3553707530757806
149792,3.498625594671644
149794,2.7566753641250163
149808,3.1196877032717154
149811,2.7828763243627455
149812,3.1046739951123836
149816,3.2811664826788376
149818,2.735127235961133
149819,2.7108399635145473
149828,5.026804819887497
149829,2.8863317641220276
149830,3.2150810660910465
149832,3.539145324591831
149841,4.337425643212197
149844,2.729621728332509
149852,3.106919450021664
149861,3.5145873082570365
149865,3.0898352744742987
149873,3.094679531916807
149881,2.465082165084505
149886,2.6676534965289616
149893,3.5823309717894176
149914,3.1029550099729386
149915,2.5093180199690464
149920,3.5710236629686536
149934,3.3089021505872838
149941,3.676301251647862
149950,3.6311776035449195
149957,2.7974047165592446
149966,3.3098438831372037
149982,3.5949678985681457
149987,3.6968665257474105
149989,2.987213687800037
150000,2.5205693325873613
150026,3.0157788203156546
150029,3.0891016615068434
150033,3.406176762152393
150034,2.821356262974226
150040,3.2752989466641504
150042,5.320474429726788
150044,3.1789847165619136
150046,3.0089462099686073
150047,4.550895339215593
150049,2.594395268809219
150062,2.976555100392119
150068,4.931773314856215
150070,3.055123424022314
150080,4.678359265430373
150085,3.0456243308386877
150087,2.4965759209077545
150088,2.983826758763443
150093,2.505102275183764
150095,3.4710457900371314
150110,3.0026975073901476
150114,3.003796921872589
150115,3.480231453572064
150118,3.626328430831769
150133,2.745522001795247
150135,3.6642594289275823
150136,3.176075259147038
150139,2.7922926154161125
150147,3.23728004061429
150152,4.352637918491745
150163,2.9451255993627536
150170,3.017140172920629
150179,3.0384501066749077
150190,3.0532805715263645
150193,3.094427650357706
150197,2.9167764079568324
150200,3.525794338980071
150205,2.5534660510613643
150207,2.4269808373754085
150210,3.3220224904035294
150212,3.0536012057418045
150213,2.7417038418409994
150226,3.1862062500834742
150227,3.063947382984943
150230,2.5397043253879836
150233,2.9759581732712546
150239,4.065596530042227
150247,2.4851196219999503
150253,3.662682032808908
150268,3.054703431035035
150279,2.468072245435419
150285,3.1261872563328326
150290,2.7281973610379002
150297,2.6883225075359714
150314,4.104190597549148
150324,2.8235704429363335
150327,3.4763411134235676
150352,4.951200337671763
150357,5.007662975149398
150358,3.134958282515846
150373,3.101726737491275
150376,4.926077009461443
150386,2.9818308398709283
150387,2.6086523510685153
150399,2.7289787692771377
150406,3.4373946559066924
150409,3.359214438665758
150411,3.1838679482945538
150414,2.715247511269771
150415,3.1058355536108464
150422,3.094679531916807
150423,2.674272604817002
150424,3.8148109101165617
150437,2.7641814572250074
150438,3.485537787475633
150448,2.7873464270880994
150451,2.877871759035255
150452,2.80190421104624
150463,4.539309159564176
150470,2.9802757163995395
150479,5.28822331336649
150480,4.619012333745186
150485,2.9902992412593683
150489,3.092343256500894
150495,2.516295435561637
150502,2.838598048462923
150510,2.6974188248619457
150512,2.832193095881435
150514,3.3853784683653227
150519,3.29766690347401
150525,3.941782122134857
150535,3.275028841552617
150537,3.2319502354154377
150538,4.379798281040445
150542,2.7828763243627455
150550,3.623706156274226
150566,2.642773592956303
150580,2.7625923023325707
150584,2.658942085790552
150588,3.6315806555267662
150589,2.9320330355128736
150592,2.749230994970585
150601,3.923674449473663
150603,2.9404174609749507
150610,3.017912047409313
150619,6.183559598538363
150621,3.8557641986192985
150625,3.113216902650257
150638,2.3939801991970193
150639,5.045529537701262
150645,3.088527324351916
150651,2.8486817751806663
150652,2.4861394555503376
150666,3.559711388521482
150670,3.0461748534208937
150673,3.13229577643081
150686,3.0043671621575103
150701,3.784225466951497
150712,3.55305523559708
150718,2.7823564115008
150719,2.4578325648680592
150726,3.131595644160762
150727,4.5161683185566925
150729,2.9844503474006907
150730,2.3786869438809544
150731,2.999965111453071
150736,2.4934534215624287
150744,3.2783425641558877
150745,3.0228374510398117
150755,2.783307715702119
150757,3.1045798659127644
150765,2.83755769980208
150770,3.1227132717314565
150771,5.46470584294939
150773,3.8943218226899976
150774,2.961193573608452
150777,3.221002543505627
150791,3.321389801568258
150798,4.3598752877098805
150815,3.2097344043326097
150821,3.175276381396278
150825,3.056306330597751
150847,3.1998523671301884
150848,3.1144064316720175
150850,2.9873521214474983
150853,4.618837709899901
150871,2.9902746892172716
150872,3.4380703303841837
150876,2.7498452508609037
150892,4.615397590243047
150893,3.232016605785524
150896,3.5210866606105267
150917,3.5412790561961525
150932,2.823347031003084
150936,3.2243978112923126
150941,3.5404416027470464
150943,2.902309190515457
150944,3.484217738101956
150950,2.685830136192349
150956,3.7765984866768862
150966,3.127653122376123
150968,3.191740354737346
150971,4.665133589833327
150979,3.3439890167788278
150982,4.599518400069032
150985,3.035315547493383
150988,3.7898616015358177
151005,3.0007712341229436
151010,4.985535328017169
151014,4.605401594359055
151036,3.6415725382914155
151044,2.628264625338247
151047,2.740202005595372
151049,3.1018656296664697
151054,3.1789847165619136
151055,2.599536296581185
151057,3.485088599738767
151058,3.2590982106102055
151059,4.717569754319453
151072,3.5358026496646096
151077,2.8242524672255467
151083,3.0161877847266716
151095,3.0082686620600705
151097,3.514971544832061
151104,3.847287418323737
151114,3.4311178457795406
151115,3.093877202533769
151119,3.0406328067140413
151128,4.102699487500438
151144,3.2614341970604177
151145,3.6265754522998814
151151,4.598334646121533
151174,2.5446358116467347
151175,3.5685352121370455
151181,4.558582243657015
151183,3.735115574254359
151195,3.3130257674516432
151203,3.2358170130456245
151211,3.165604043007366
151215,3.0828895436913917
151217,2.75783785664716
151222,5.4086602987463746
151227,3.393765788691816
151230,4.5688373438826595
151231,2.7566753641250163
151237,2.6694840000428566
151238,3.063395650346424
151243,4.611940239873832
151250,4.592279263301494
151255,3.4082359824892716
151263,3.471341203599226
151268,2.9307395103984253
151271,3.582443081307045
151274,4.603938486519215
151279,3.704236935535761
151293,3.0533924367495118
151294,3.13670966545352
151296,3.2964009633867484
151309,2.638745737343919
151311,3.2194287462487825
151312,3.309017101312292
151324,4.948852912875813
151327,3.9665198905083145
151328,4.598307774773646
151357,3.1405510326104973
151370,3.198607954102902
151371,3.3039898350135797
151376,2.8254326389962627
151382,3.005662573774425
151386,2.9799136921562415
151388,3.7061259178634636
151394,2.722050896151158
151395,2.726567881686181
151415,3.110475644684838
151425,2.2671091469005504
151437,2.993067326351818
151449,3.0828895436913917
151451,2.784938678432878
151452,4.39985782588502
151460,3.1144127967184074
151466,2.970237360764829
151472,3.1790861053584494
151486,2.975342142382675
151489,3.137636542359296
151496,2.650319190356552
151499,3.74604651675506
151507,3.4685890350566693
151510,3.1261872563328326
151513,2.9303938327578973
151522,3.707090588085266
151523,2.7891286529020936
151527,3.330852115389755
151532,3.012919586007637
151533,2.9425308771171292
151542,3.0931591896111343
151547,3.216001851315182
151548,2.9382622015381346
151557,2.5632485823318047
151562,4.29664787864597
151564,3.0012613669724133
151567,2.6773839412145315
151570,3.562026085013735
151571,4.5716075677892345
151574,2.8147604159531263
151575,4.546875408374932
151576,3.8885880072465637
151577,3.4138348726142578
151610,4.52669303610356
151613,3.469553070127044
151615,5.100372538861653
151616,3.66726465874672
151619,2.4379031908540276
151631,3.096510851588245
151635,3.0277646386233847
151641,4.553566867253654
151645,2.715308938982717
151647,2.9283357132168084
151649,3.4075788932908986
151658,2.8567997873138617
151661,3.465908774524988
151662,3.387635781270263
151664,2.6821620087957214
151667,2.73956844802433
151682,3.019735306846744
151683,4.092214970695908
151685,2.60379808309309
151690,2.9917578723641802
151706,2.8442923983599995
151707,3.630095903241944
151718,2.7977051889525906
151727,4.007546242606782
151742,4.5453564711286365
151744,3.1405510326104973
151745,2.7033284808641866
151750,3.2214560204913125
151751,2.9149349913204587
151752,3.056919966245543
151753,4.391716340428942
151755,3.13956705729407
151768,3.111219371365698
151771,3.189539181537159
151774,4.611467607193603
151775,3.053619354389258
151777,5.0767290078075
151778,2.8044746772593454
151779,3.4947453546868275
151792,3.131720909259536
151797,3.4190261132991835
151808,2.7684970427637072
151811,2.92769676002936
151817,2.8934388780262252
151820,2.71078981048636
151824,2.954711125790063
151832,3.1086501780002638
151834,2.777192980792678
151849,2.8164438262776192
151850,3.1221421083477563
151852,2.9308264686918895
151853,3.10201565803245
151855,3.102405504080833
151856,3.0004485060971726
151858,3.070471275195941
151859,3.099645008093145
151875,3.485248458706371
151876,4.364067527935638
151882,3.8942561200543455
151894,3.0428528792205007
151900,4.058859790677277
151902,3.0609369238301696
151903,4.382035611730874
151917,3.0562918697740526
151926,2.9229097632635184
151932,2.720485735793122
151941,2.9404174609749507
151951,3.0399536315876334
151952,4.666528533811309
151955,2.726567881686181
151964,3.5691316800258304
151971,3.7075653568125713
151973,3.530096824278216
151974,2.963323510348334
151976,3.0741307126118063
151977,3.4824784990592725
151985,3.122543153874617
151987,2.892253487847329
151993,2.9087247024683296
152006,2.993790005841839
152009,3.1579751813399897
152015,2.5053948397664163
152019,2.9634349278585166
152022,3.1537406220556403
152035,3.113902547829972
152038,3.458084841720376
152039,2.9150367664758376
152048,3.0184339918201126
152051,4.61587915029749
152055,3.7431640201518888
152056,2.802898764135592
152073,3.0590619866860718
152075,3.808119249733773
152091,4.592079996894207
152094,4.466027153261269
152096,3.587027369183927
152097,3.8247748583136447
152100,3.4847723064458203
152105,3.5735306995800857
152107,3.121659737838105
152108,3.656179291511888
152121,3.321112873683407
152125,3.801838178634795
152135,3.0678417077776596
152141,3.3887705102448806
152142,3.056706761874061
152146,2.3696089712962607
152151,4.590613706597809
152155,3.2098242212578265
152164,3.6535904746192718
152170,4.499357681428881
152173,5.292560498657082
152177,3.1343786488415692
152187,3.135716327875577
152189,3.8451511207032563
152194,3.4928142248060317
152199,2.8062354425267637
152214,3.5098079428148963
152218,2.763312561992379
152225,4.619012333745186
152241,3.8436021772180045
152250,3.3808529285277196
152253,3.305401361683339
152256,3.5212641739730923
152261,3.057774802372948
152262,2.867817590170261
152270,3.1930043003070434
152273,4.583078257943642
152274,3.713411637258387
152275,2.895831743689064
152282,4.596641255810512
152286,3.1122492524417904
152295,5.060866647731629
152301,2.681056867327819
152302,4.182539029096329
152304,3.112693663356585
152312,2.724794256291985
152317,3.5953748003972263
152318,2.9981106699108073
152324,2.6858572120573037
152327,2.724794256291985
152348,3.0531069333601857
152353,3.1770953139325875
152354,3.073683921710708
152356,3.2080206687953225
152367,3.1113844324228945
152386,3.6390991579604286
152406,2.522929384311476
152408,4.42044952619246
152409,4.579489728207531
152413,3.981562919883362
152414,3.149739980064282
152416,2.817058955668434
152425,4.383055998815431
152437,3.1113844324228945
152443,2.928996517913817
152445,4.500806861997255
152453,2.8256388513023865
152454,4.576424669181549
152455,3.772661544695006
152456,3.114948159768647
152465,2.919031473849585
152472,3.0224603873915936
152476,2.514871699638686
152477,3.654313452308992
152478,3.68717589162602
152482,2.981042276154567
152492,3.550071182680334
152494,3.4032767594815883
152505,3.8543708915012678
152514,3.5698267574377276
152515,2.624528987103596
152530,2.740868165131748
152557,3.099645008093145
152559,3.224969282486513
152562,4.638948636046061
152563,3.015929033397959
152581,3.6259504260835507
152593,3.054703431035035
152597,3.494801365851467
152613,3.08170280488555
152615,2.417455581406869
152633,4.441114310795776
152635,3.190770998810922
152636,3.2641038017067237
152644,2.9918305890488828
152646,4.573210606594919
152648,2.8239441779155077
152650,2.9727581908102616
152654,3.4779837676172503
152667,2.6491166242597046
152678,3.46246997622859
152681,5.227683901584083
152694,4.599817605715905
152699,3.178039408154359
152702,3.011548229772191
152705,2.302872049231868
152709,2.831373625771481
152710,2.8475380225868068
152716,2.739079924902646
152730,4.349036158171151
152736,2.9355084511439675
152738,3.8583583243907236
152743,2.9785261359539916
152750,3.441630245453389
152754,2.4995403669410243
152775,3.137537768880594
152776,2.9752890587089764
152794,2.8632588568964787
152803,3.358070291908019
152815,3.6488293895547006
152822,2.564554850908281
152828,2.7994314364569233
152832,3.1243426236216196
152839,3.2236722516481584
152848,3.6662022636576252
152864,2.7970611190895096
152867,4.281050743055588
152873,2.794363162618378
152876,3.573164294731037
152877,2.6927176062535945
152880,3.0042467124697723
152884,3.212532583790709
152887,3.1824339685835863
152902,2.8126167380892744
152908,3.7631495225950826
152910,2.89664025031757
152911,3.302040311597508
152912,3.086149650072686
152914,3.0789255081373463
152918,2.5117885139962493
152921,4.597948151468603
152922,2.6615375724651376
152927,3.1366184350365596
152930,2.950895619992405
152935,2.7272321040716476
152938,3.9696131946030087
152941,3.317504966384279
152942,4.183694580439461
152946,4.890425718887403
152950,2.479792715439425
152952,3.6928381255661726
152955,3.718134470578577
152970,3.0607299767590455
152974,3.1993290487227894
152984,4.645821476242849
152986,3.609604070928684
152999,5.244567138427459
153006,3.3662492573869125
153017,2.682066554787971
153025,2.693810690778024
153027,3.0428528792205007
153036,3.7464452861194886
153040,2.95835065846276
153042,4.516768525067851
153044,3.8849798082663547
153052,3.384358222885029
153063,3.0466184393117195
153065,4.551649449478967
153088,4.807148650194447
153102,3.3222462456863733
153103,4.622921423524732
153105,2.8686166557939448
153107,2.5117466749268225
153110,3.0941575921767566
153117,3.0168432293428356
153119,2.6033320648883924
153148,4.314785290823191
153158,3.6642594289275823
153159,2.983035784707674
153169,3.162602344656409
153171,3.529630685031042
153172,2.570271943109073
153176,2.7403162625777435
153185,2.9204674190840603
153208,2.6752834556574987
153213,3.220846876371994
153225,3.104726816095326
153230,3.187150188657305
153236,3.198273400750537
153242,3.8358686620692706
153249,4.477940529324171
153250,3.795421160247492
153252,3.434193549970135
153257,3.115994953645485
153260,3.0786604457362228
153261,2.5977758074530053
153266,2.8476243850857257
153272,2.6864329398934905
153273,3.452256888791321
153286,3.0790524798599113
153300,3.0603436516414835
153321,3.9035878862682214
153336,3.0288196598721218
153343,3.809298721457189
153352,2.643387194093835
153367,3.2541619499830836
153377,2.902962114945767
153389,3.093877202533769
153392,3.305401361683339
153415,2.281883985125871
153417,3.2699920378009577
153420,2.7458077758925494
153422,3.188322523188837
153425,3.270437573983639
153441,2.8444757484453955
153444,2.6107517417908097
153452,2.906155518951784
153460,5.201516295864391
153471,3.0895247952489164
153472,5.554182126912564
153480,2.9917297491262356
153483,3.569568786242936
153490,4.613288448688785
153491,3.224969282486513
153507,3.440458693322763
153515,3.057774802372948
153522,3.134958282515846
153528,3.2113538856966333
153530,3.3202739342462966
153531,3.9157926921930026
153538,3.8176564212930484
153541,4.274615527834559
153546,3.2508840214935333
153563,3.495894171879354
153572,2.9772130068842464
153595,3.2667459121779165
153597,3.2669577007179162
153608,2.644580277016723
153630,3.811683992893431
153634,4.550816401196358
153636,2.685830136192349
153649,3.5488340409056915
153651,3.0789255081373463
153653,3.031949535637147
153656,2.8016182374394973
153661,3.8003247603768067
153663,2.9539039294762057
153668,2.6845039693543673
153671,4.761804914586985
153695,4.536963118456141
153698,2.9799136921562415
153699,3.537925173121323
153703,2.7697048130810518
153705,2.5787333317383805
153708,3.3873635887800573
153711,2.3896732132154286
153714,5.528297952533526
153724,3.5751502817442113
153725,2.9382622015381346
153726,2.5793314792735953
153737,3.632388224165626
153742,3.5054867457694225
153749,4.472722311768484
153750,3.2881581406126523
153753,4.495162345902607
153761,3.3239700292267966
153769,2.8460239815768604
153783,3.4652358157497942
153794,2.9775491031325556
153795,2.807873135722122
153810,3.339174043522
153821,4.437765620733047
153824,4.370142951135755
153825,2.6498870445451495
153831,3.3274256348731748
153834,2.9865251607062473
153838,4.381897263563261
153849,3.084850147362427
153862,2.817643251875992
153871,3.095733350168813
153873,2.8587989801614984
153878,4.760901297631625
153890,2.726567881686181
153897,4.600986845844049
153900,2.5492456125529106
153901,2.904396075453325
153911,3.312520181153237
153914,4.296725330108325
153923,3.4752077946162023
153933,3.511977276066084
153934,2.7545330878766614
153935,3.470294090785507
153940,3.109337353318131
153956,3.634962134364173
153965,4.241661986270102
153967,2.9617629925751925
153976,2.437703010557553
153978,2.373647175238088
153992,3.1927417167217356
153993,2.9775491031325556
153999,3.057274072713772
154009,3.1358364967754433
154012,3.348190010351079
154013,2.8799713550557993
154023,5.225623529670807
154040,3.1789847165619136
154041,2.971259651334305
154044,3.242652092218513
154055,3.966727467918421
154065,4.084491635332879
154069,3.1134139165868935
154077,3.0940075056219642
154084,3.8263053436106853
154096,3.0045670179764867
154100,2.6192198791684667
154108,3.3017369606367266
154112,2.485135397176114
154113,4.5442393266656245
154120,3.5881611665034407
154126,2.7474399414030852
154127,2.8487451448232015
154130,3.0077825001054372
154133,3.2345757255185763
154137,2.701306376847104
154145,2.915661473893436
154150,5.076989247381537
154153,2.509123144504353
154154,2.6009569284035523
154161,2.953112997988215
154164,2.4831723538446697
154166,3.014789697204955
154169,3.471109762780029
154172,2.9844503474006907
154190,3.592342171110209
154192,2.9878021323965016
154194,3.1124961668887634
154204,2.913779595647786
154206,3.1512690300803676
154208,2.8611486154530255
154225,3.4212052045658554
154226,2.8305790944459233
154233,3.024577235944972
154234,2.681056867327819
154237,3.154621066521985
154238,3.804517779944254
154245,4.036397308158713
154250,3.2619039859967387
154253,2.864831874332898
154254,2.624940917456243
154256,3.2378752674518694
154257,3.0571875246620466
154258,3.443395558562531
154259,3.573309068740074
154260,2.96650788026984
154272,3.090619595545896
154273,3.244609616662062
154302,2.740868165131748
154314,3.094427650357706
154319,2.8321460547424926
154326,3.9200122560134862
154332,2.47556503112769
154345,2.920643078948053
154353,4.590598078367998
154359,3.116601078551345
154361,2.7278466494883467
154362,2.515618689514707
154367,2.7627041498051907
154372,3.792139760999559
154386,2.9693378378001327
154388,3.4834732768081254
154399,2.730879521678025
154403,2.9878021323965016
154409,4.576137859627687
154415,3.5768204852469223
154417,2.882299564341141
154419,3.318206758721688
154427,6.402567589520815
154444,2.680260298299862
154451,2.85006865179984
154457,2.9840027804973768
154461,2.9936078305972664
154471,2.7826263082057934
154478,3.827425596169306
154485,2.685830136192349
154497,3.01963700229721
154502,2.975104464554298
154511,4.581441736977195
154517,3.59627148589308
154523,3.135005913785545
154533,3.8415442421496024
154550,3.2096529039987525
154551,3.474050247077733
154555,2.7801013549433398
154558,3.3924406912770557
154572,2.51181996997531
154578,2.774665178937991
154593,3.2919704260624343
154602,3.8979008650847757
154610,3.094427650357706
154614,3.8363481092673237
154615,3.2961151060694616
154620,5.968744599181243
154621,2.9865194128811576
154628,4.053140903640848
154634,3.1832913796875246
154635,2.6725891806491058
154638,3.182971465489908
154640,3.12262183626719
154644,3.045385508734433
154645,3.022180443672143
154658,3.0903479808185255
154659,3.5106798263112853
154663,3.8325967909079086
154665,2.8062354425267637
154676,3.053713485263659
154682,2.717449212483608
154701,3.865694645596543
154705,3.4310448048182733
154717,3.2050939922542594
154718,2.974743543794064
154722,4.995846107409168
154725,3.0505130765057014
154726,3.0084075690003207
154729,3.775889195436938
154732,2.4964006551746154
154746,2.799154777960336
154750,2.6343478596913874
154751,2.7434994912223867
154760,4.353471736767819
154763,3.197956252091956
154766,3.7651343688561103
154771,4.986484647724522
154782,2.523228568461655
154790,3.092383495347193
154802,2.5544070273711825
154805,3.4104792156697252
154809,3.069242915604349
154813,2.8727636912052157
154815,3.0989451099670187
154822,2.7255306451913484
154832,4.92737096537077
154834,3.0642775642200055
154860,3.5720408621506405
154871,3.5636321892131657
154876,3.3729155582470365
154882,4.5912613863354395
154883,3.294757326828153
154886,3.131720909259536
154901,3.4292608301243437
154907,3.5013207855351585
154908,3.3848091640574474
154919,3.0094300172675896
154921,3.125375435804645
154923,3.573164294731037
154932,2.9346420807731914
154934,2.942306113305745
154939,5.1320999053886425
154951,3.0562918697740526
154954,3.098747377233244
154961,3.2783425641558877
154964,2.6696357300429288
154967,3.0828895436913917
154973,3.0328537974756693
155011,3.2233952444190623
155017,3.099769566384298
155018,4.61675874348735
155019,3.280191524666544
155034,3.116685890383637
155045,2.764778838291251
155053,2.680465166102789
155061,2.9867658104951373
155070,3.0945740375039965
155085,3.1063468051753436
155092,3.0250253271289247
155099,3.224312838470854
155101,2.983035784707674
155103,2.9382622015381346
155117,2.782607533557366
155119,3.622801339788333
155124,2.802898764135592
155135,3.3564451250936607
155146,4.612420538900347
155164,3.414729814382922
155168,4.548979486927266
155169,3.4423814795352765
155170,2.9608010160400178
155174,3.499019871731865
155183,4.650442513314697
155188,3.519939890223691
155198,3.4680539015016425
155203,3.8104268132138794
155212,2.9781377256517034
155214,4.622121005846617
155218,3.0828895436913917
155225,2.790516679913609
155239,3.523153149845489
155257,3.147067724972968
155259,5.0854401634980135
155262,3.820391259544621
155271,3.513550749646089
155290,3.0499512929208596
155298,3.432677237170302
155299,4.27234691628324
155302,3.565831392179474
155319,5.41611401337205
155320,4.812100823968248
155322,3.06981681521593
155324,3.785099323151104
155325,2.7697048130810518
155326,3.105611877330157
155327,4.86059391230298
155328,2.941804898559306
155330,3.1761041238664847
155333,2.8023810379205663
155340,2.9818308398709283
155349,3.5026037924238484
155360,3.340162849979252
155362,3.6167424658064724
155375,3.0929964164542705
155381,3.032701023326218
155384,3.0232884417370984
155391,2.441735466103322
155392,4.631697653534184
155406,3.6359357493486018
155408,5.313451696177546
155410,3.674769099687812
155411,3.015934893478774
155414,3.125375435804645
155422,3.006411378578197
155433,2.6852234020119683
155438,3.219014943559642
155439,2.8517821071746368
155443,4.425938907306877
155450,4.5849809731498326
155456,3.3889528109499363
155464,3.2801440063195773
155469,3.2914478711639377
155472,4.775975330215031
155506,3.903459787584777
155517,3.475992139089188
155519,3.0079585716544273
155527,2.7797748271948004
155532,4.246004023010131
155544,4.080877696281031
155545,3.227934288987567
155546,4.604690677817951
155565,3.0426807059880883
155569,3.0828895436913917
155572,3.242652092218513
155576,2.6784248990977675
155578,3.7200432822489113
155587,3.112053517069254
155601,3.3887705102448806
155603,2.9804173545431736
155605,3.8960464539567576
155608,3.19472460080123
155614,3.4597350902321953
155624,3.563394189692018
155636,2.9844503474006907
155640,2.6095554504233043
155650,4.58408056064882
155652,3.577711723686611
155661,2.83755769980208
155662,3.104754247355578
155666,2.6659973427298533
155669,5.564288186703688
155673,3.6642594289275823
155675,3.685538516211925
155683,2.9978658868241475
155695,3.015929033397959
155705,2.946310992654331
155707,3.1939159692911767
155714,3.319607278315571
155716,2.92410882303471
155719,2.3765527804108837
155721,5.043788762390772
155724,3.0356858011878094
155725,3.060156523451258
155726,4.617112260568879
155733,3.182693095811635
155741,3.0857602953226064
155746,3.0634702338921875
155748,2.6387254301376606
155749,3.2547566433491952
155760,6.087689567618944
155764,3.7775944915536295
155769,2.7890861615274734
155782,3.4676043494456144
155785,3.257393673226104
155789,3.286773426642881
155795,2.8164594921139927
155796,4.146422565779822
155797,2.499233733277286
155803,3.17346680266308
155805,2.9792939287457543
155809,3.2204465556128374
155810,3.297422553524939
155811,4.548866259003069
155820,3.769363422548693
155832,3.0118286667819283
155843,4.4845274865941445
155844,3.6843223414009416
155857,3.625462711584894
155859,3.230687122565993
155868,3.2541619499830836
155885,3.855093294654799
155889,3.3906319589505998
155912,3.2117867854677193
155913,2.599503090805183
155923,2.5830094056145088
155933,3.6616310269605292
155936,2.803580972120662
155946,4.598485671943147
155962,3.566943747048015
155969,3.1045798659127644
155984,3.0938688226811726
155986,3.140801386281585
155993,3.0719250539563037
155995,2.8204551396415276
155996,2.5761440649940393
155997,2.9839401216586414
155998,3.5186392153734074
156002,3.1739120141423838
156007,2.9840027804973768
156010,2.9771023114349178
156020,4.916427828252278
156039,2.827340472045778
156042,5.621824283703728
156045,3.0555384297003836
156048,2.701066059678249
156054,2.8023810379205663
156056,3.647749867537953
156059,3.1940235260351413
156066,3.204804039689143
156068,3.28792855232462
156075,2.735127235961133
156088,3.603985743480243
156089,3.1526202092853115
156094,2.6163950086434786
156111,3.495119467186534
156119,3.1317157238380977
156128,3.202594876557194
156131,3.0883428983368333
156134,3.2416168299955928
156143,3.54677076319597
156154,3.489842631133381
156174,3.1197769678032348
156183,2.9775491031325556
156190,5.039873629010469
156196,2.7809507711500006
156198,4.720398760283395
156204,3.9931317330502107
156207,3.1063468051753436
156210,3.1863991608266296
156216,2.636350061185305
156226,3.4844430368557155
156228,2.84423102187308
156231,3.465685361763272
156233,2.514432430362498
156242,3.0143724392443634
156247,5.853025634241478
156248,3.6523979773116646
156255,3.2425903103553417
156257,2.8425625437159674
156281,2.7028165684785224
156290,3.0537571665016623
156291,3.066681531870338
156295,3.608232015074597
156301,5.29163068084619
156302,2.689346243970708
156304,5.053682092002743
156311,3.038072649041672
156313,3.149233126830523
156316,3.599862294629529
156323,3.831970763127607
156329,3.05484948616065
156333,2.70381624428329
156334,4.796218078170039
156338,3.0929964164542705
156348,3.370254278627753
156363,3.302098716274216
156365,3.9517977174379464
156369,4.551207473640523
156375,2.437626604906109
156387,3.82294295844695
156396,5.11235067761572
156407,3.21447284185955
156409,2.799280358889794
156412,3.3972625712706623
156418,5.324445983686795
156420,4.588439115081746
156425,3.074847428219208
156439,2.710257900650206
156454,3.266701213343196
156458,2.9141804762511665
156460,4.601353180944889
156462,2.893816760913895
156463,2.84423102187308
156465,3.4831614555790136
156473,2.7983288324030395
156479,2.7434994912223867
156481,3.1264178262507665
156486,3.087369870072186
156508,3.9787996293028316
156511,3.153328306866341
156512,3.795421160247492
156518,3.1708738262190033
156524,2.790671867556515
156530,4.557983289188451
156545,3.232878738018642
156546,4.713958850083547
156551,3.158569919528784
156558,4.613975761558761
156567,2.6228158328720976
156579,3.3529485831422554
156583,3.532658765126594
156586,3.1574410012057075
156587,3.177549838954278
156591,3.688323547228686
156592,2.586915946117731
156594,4.359165070222102
156602,2.8058775643122065
156613,3.0883676456833045
156614,3.056706761874061
156628,2.61661854032617
156629,3.104754247355578
156631,3.5771120137225285
156632,2.7455006244418203
156634,3.7363096279349026
156637,2.9333983736004683
156645,3.0607228643626283
156650,2.9276279546121335
156658,3.134958282515846
156664,4.525660756775358
156666,2.7165558334587487
156677,2.9970092574253537
156678,3.4181791497717104
156694,3.327623481093572
156703,3.0811805976328754
156705,4.326418081681087
156709,3.3698197117966084
156716,3.6380674581448735
156728,3.5770196349423773
156737,2.8263329754074085
156739,2.811634790430611
156743,2.9558665653819425
156746,4.671618304246396
156748,3.120874821980385
156752,3.5061595723777845
156756,2.9840027804973768
156764,3.1122492524417904
156765,4.588312309657785
156783,2.987213687800037
156797,3.1063468051753436
156802,3.473068974517546
156808,3.519939890223691
156812,3.2625923236295984
156815,2.561305722112612
156819,3.0461748534208937
156823,3.1566658529322207
156834,3.4646691586727316
156843,3.1648000690287343
156849,2.7367581041396085
156850,2.8799713550557993
156853,3.2783606793469207
156854,2.691083649040463
156867,2.9666468015257563
156868,3.131464872510004
156875,3.0531069333601857
156885,2.9691981943806303
156893,2.800119574574587
156897,2.9549755073907256
156900,2.813412731122031
156904,2.9410748612168423
156916,2.755627407879463
156919,3.2558180006827393
156924,4.980982992979559
156927,2.7330316206378438
156929,3.0428528792205007
156938,2.845545173665372
156945,2.3488568268730203
156951,3.0302214981861786
156963,3.0461748534208937
156969,2.876545278512193
156970,4.629702537834483
156971,3.274926834906376
156987,3.5822726191294247
157011,3.7164714337698452
157014,4.723283359713532
157019,4.6143916253743065
157020,3.5538923514467147
157022,3.6820065891086036
157034,4.6143916253743065
157035,3.6016763837431265
157051,3.7951875226048326
157052,3.282446323925912
157072,3.23693465536797
157082,2.8315904606267464
157086,3.0871871711843086
157094,3.4974120008026786
157095,3.388959123678259
157101,3.0941575921767566
157105,3.1592067318157264
157106,4.325386983827821
157116,3.122543153874617
157124,3.2528988878739886
157136,3.237708861043066
157140,2.8717552885177438
157145,3.481364537339468
157148,2.742926705221507
157160,3.014789697204955
157161,3.302443744963985
157172,2.8444223617170232
157174,3.9241253907028306
157176,4.206382827561835
157177,3.0899444799495552
157181,2.7077034135083835
157185,2.589414518011676
157189,2.9515252544014947
157190,4.868460192694103
157191,3.0209034641515062
157199,2.8588947872499317
157201,3.240688944922894
157219,3.0941575921767566
157224,3.357587322350727
157227,2.5312397972530842
157228,2.971601575135384
157240,3.174628937204699
157246,2.9701028019930145
157249,2.9935159115753844
157251,3.0791228149324437
157252,4.162769796758211
157258,3.4833454290286383
157259,2.9844325350346153
157264,2.907969344873914
157266,3.012389656033985
157269,2.9129777423851606
157277,3.126451062204064
157298,3.4692407071417573
157306,3.6788383423307423
157315,3.1884783418273512
157316,3.2684967030594407
157319,2.9844503474006907
157338,3.293129902859419
157341,3.4116563301233063
157351,5.352216784279493
157352,2.9550988050721188
157361,2.3862582462154953
157363,3.1343786488415692
157364,3.134958282515846
157368,3.094427650357706
157369,2.359344188966064
157371,3.0395972066115706
157374,2.7862115571015647
157379,3.4456858464504774
157383,4.562498766743779
157390,2.352179166767933
157393,3.8542257889849676
157404,3.273693845331938
157435,3.0618571021189873
157437,2.967974527844898
157450,3.106557527945521
157452,2.8853404299154004
157456,3.210580222640349
157463,3.4417760082131874
157464,3.0461748534208937
157469,3.097491786278062
157475,5.161168950684123
157478,3.0828895436913917
157497,5.262153072202319
157507,3.5846357353266054
157509,3.3053045511454204
157519,3.08455781513449
157540,2.934753511869409
157550,2.7552013353804203
157563,2.9323414872482036
157564,3.1063468051753436
157571,2.7661335381554837
157581,2.7101596787912863
157584,3.5646439236444465
157585,2.4782119468664288
157586,4.391410573493127
157605,3.21327113458413
157606,2.953908360230014
157610,2.4722042653334837
157623,3.3512632803214437
157625,3.1781926531613154
157627,3.015929033397959
157637,3.130896498278466
157644,3.0388992909308645
157645,2.674285708718806
157646,3.384495280314271
157651,3.406131670981462
157661,3.57239725584026
157672,2.971009851827325
157674,2.406715387983275
157686,3.561292100110328
157696,3.1150431281287556
157699,3.0005635225726945
157701,3.6273908872644705
157702,2.559256368699005
157706,4.03051651965062
157713,3.094679531916807
157727,3.183557809151807
157741,2.9428279200164895
157748,4.398855439245688
157757,2.4264838184136357
157778,3.003457744070064
157780,3.281309473382464
157788,3.5855658196434517
157793,3.5784181576465484
157794,4.0789307779953194
157798,3.4134481960220366
157799,2.7035161019142873
157802,3.639812715354042
157816,2.946018259847315
157817,3.532532613743775
157819,4.062563650747071
157824,2.9844503474006907
157833,4.1688050354613235
157834,2.8433837052279696
157840,2.970237360764829
157846,4.640812906438152
157855,3.6952252797608525
157863,3.72741390831566
157868,2.648344333076328
157869,3.0937374751527082
157879,2.9581031996286855
157884,3.900391912697178
157886,3.870603481217161
157887,3.379595518360321
157888,3.8031156265473838
157889,3.3611749793847054
157890,2.8540251390381948
157895,2.8365141526884283
157897,2.5871244567478486
157899,2.807352847969544
157911,2.8332944667555156
157915,3.6481758576461085
157927,3.5788078266309595
157931,2.8923757969004567
157947,2.5426592166606263
157953,3.1800497324417445
157954,2.373275033239923
157959,2.991416518363461
157968,3.5698267574377276
157973,3.2235497673075386
157987,2.492981125403219
157997,2.4176301872677524
158002,4.681791973838383
158009,2.950213580211555
158018,2.7302160385276033
158025,2.9339053412464917
158029,2.9499584786120816
158050,4.507145389754765
158056,3.172142781677683
158067,3.5138563049163603
158072,2.764904411542478
158093,3.4601823490394406
158104,2.794371212463826
158108,3.8541380693699825
158111,2.6490725707256324
158115,4.10207493023067
158123,2.589158826750492
158129,2.75417438265289
158130,3.1751221257690916
158142,3.281874726965163
158145,3.0384433085710807
158152,3.6381525735320004
158165,2.9145407211968095
158168,5.643669410195012
158177,3.5031701771377106
158186,2.8934388780262252
158188,4.632001913346437
158193,3.0428528792205007
158199,2.983035784707674
158200,3.133566530475568
158203,3.028108755917049
158206,3.8221980496633146
158215,3.245501099215873
158222,3.108477954409779
158224,2.7204099559002985
158226,3.5879101505832853
158230,5.177400772880271
158233,2.828282877091618
158235,2.8023810379205663
158242,3.6528174336546777
158245,4.629168004700269
158256,2.9840962898371175
158259,4.642978526458549
158267,3.555352835268811
158268,2.704530276673008
158269,2.5771190679293117
158279,3.437081330152181
158282,3.057774802372948
158286,2.8506204613650845
158287,3.555999175930539
158294,3.501552006864496
158303,2.9643720869718906
158304,3.9454694538625326
158306,3.2367945622107115
158308,3.0235525784459254
158311,3.1465785547904845
158321,3.9624746868941285
158331,3.719753577846536
158337,2.60074070847549
158346,5.553491910599988
158352,3.135962067847161
158359,3.4690561997842138
158363,2.477790538866371
158372,3.308939294552935
158373,3.8032083037668567
158378,5.026768813821878
158394,3.1937755283936022
158397,2.7878201939215503
158403,3.5969280654225555
158405,3.10884690470961
158408,3.0791228149324437
158410,4.314790224367505
158414,2.920777378202603
158417,3.1297046206920256
158426,4.502505970268787
158435,3.442062155965876
158437,2.4542492873267125
158438,3.573164294731037
158439,3.4225950525613333
158441,3.098717011018279
158442,4.6143916253743065
158443,2.554237474309067
158453,2.7230942570029777
158455,3.263046313422736
158462,4.935676468289614
158466,3.6376862051502434
158467,3.019500071690414
158488,4.662669970876058
158490,4.321969740094819
158492,5.457630185894342
158493,2.938807801302896
158508,2.8510712189479186
158512,2.9775491031325556
158513,2.91108308610364
158518,2.946065331115891
158520,3.742683337998455
158523,3.178330017446574
158525,3.623604459458977
158527,4.560935400837675
158528,3.3841398171535824
158545,2.60074070847549
158548,4.427052870239025
158552,3.0859601236795613
158555,4.455689931469699
158558,2.8475380225868068
158577,3.249764172112775
158580,3.116653636297594
158582,4.418584309997945
158594,3.093563572156831
158595,2.9775491031325556
158600,3.0418104286968806
158602,2.644424518234233
158604,3.3490937027266767
158610,2.906708751760132
158611,3.2717159430949914
158615,3.125375435804645
158616,3.489260110586204
158620,3.569733429057929
158621,3.2400295771937584
158635,3.057774802372948
158637,2.367901084630142
158655,3.951829354447785
158656,2.8203634942107008
158657,4.501191702897431
158669,2.483078400727417
158672,4.618081391342744
158682,2.863102221706294
158697,3.0839685587495613
158700,2.804993091723512
158720,3.8928764285722393
158730,2.7626368920204936
158732,2.8532583203224893
158735,2.907557712719978
158739,2.729621728332509
158741,3.3495369194484117
158745,4.578561635306763
158747,2.615168666285436
158763,2.908403842859533
158771,4.542856000391206
158774,3.5854083722798493
158776,4.4607788595164894
158789,3.4242157380409326
158795,5.717633143410089
158811,3.6013587292687057
158819,3.1185863074085427
158820,4.328496977969699
158835,2.6212702345547805
158843,3.2275151797904695
158846,2.9918790135163515
158852,2.824048528493916
158864,2.922330935880397
158874,3.664982326511983
158877,3.188568627673954
158884,2.9485228354783386
158891,3.0627133882155197
158894,2.876545278512193
158902,3.671489786357599
158905,2.6832281907852313
158908,2.8650926957236758
158937,3.039818006385032
158946,3.015929033397959
158951,3.120440093839481
158958,2.715308938982717
158964,3.339873056750453
158970,2.909952935450097
158980,3.057774802372948
158981,4.398935284027486
158985,3.189539181537159
158986,4.4324757886687856
158988,4.0256337221024
158990,4.621460804813308
158995,3.240152801483231
159010,3.234681718079881
159013,2.402255791436214
159015,3.8429955757880445
159017,2.8157709273495097
159031,3.0188668846206737
159038,2.9842088892292384
159039,3.4873216045980473
159040,2.8016166281458594
159041,3.0951617923216608
159046,2.937070245234719
159049,2.983035784707674
159052,3.4207611714569404
159056,2.8619321861020794
159061,3.1580651276840377
159063,3.2253536017760593
159071,5.120580431887258
159098,3.298737608927307
159105,3.519939890223691
159122,3.0461748534208937
159127,3.342055218206059
159144,2.817796088571934
159154,3.006289837777767
159162,3.8192968171439374
159163,3.583523545545633
159190,2.3481133870534148
159192,3.0421205252589507
159204,2.7545330878766614
159207,5.591147342879016
159217,2.983927923084731
159222,4.018541325044418
159243,3.61573855357125
159249,3.3647346252398767
159260,3.4158792472216755
159261,2.719096740425063
159264,3.1322258875185605
159271,4.378629426237075
159277,3.8751557223503648
159281,2.9873521214474983
159283,3.0757266759193977
159284,2.973485830535126
159296,2.5198182395486395
159303,3.6546531978402395
159313,2.583351090669167
159316,5.4082274333530735
159317,3.7843764996475056
159318,2.329176872945621
159323,3.214179963478775
159336,4.948441616381558
159340,3.034701129654457
159363,3.835747228071481
159366,2.8431878588476307
159370,3.6438418447004732
159372,2.3939801991970193
159376,3.4088765351359878
159382,2.963473444156448
159386,2.9562703558297003
159395,3.3612494479028108
159396,5.127545649660979
159397,2.6910022162397036
159400,2.969953028255402
159403,3.0194908451314877
159404,3.048164095173538
159413,3.421603324967334
159415,3.1058355536108464
159439,2.9151407813250545
159443,3.4558956903802702
159450,2.7434994912223867
159456,3.5612347889828007
159460,2.925892677214183
159472,4.543913385443971
159474,2.7799299241348905
159476,3.197796065764265
159477,2.8498311408463355
159479,3.3409924845315206
159487,3.5614896269532372
159491,2.8899655469682335
159498,2.8528336874910813
159507,3.1494011808324114
159509,3.205301311148452
159514,3.3636443244668817
159522,3.2712502835096426
159527,2.5779099779409003
159533,3.0967366362200943
159541,3.6440978946513796
159542,3.053713485263659
159548,4.606322532282627
159556,3.058836652074309
159557,3.5805356835131565
159564,4.498907655661415
159569,3.144981844065332
159574,3.5083143568415194
159580,2.9190814759531825
159582,2.4876659069291276
159583,5.777079909952668
159585,2.8698349363030573
159598,3.616604338985512
159599,3.0941575921767566
159604,3.6536544016702623
159611,3.4394297660307895
159612,2.6804624909950396
159618,2.707883773440304
159620,2.6989223444083255
159623,3.7099558818526246
159631,2.985384723266055
159632,3.486203923593361
159640,3.5554053650693773
159646,3.4218360992182744
159649,2.9840027804973768
159651,2.783678425681746
159652,3.585434351553981
159664,4.957059501897861
159666,3.7007745373031655
159667,2.6784248990977675
159677,3.1303637437197005
159680,4.865667837540862
159683,3.546115904439812
159684,2.9818308398709283
159696,5.1313414590898425
159699,2.6138882428643626
159708,2.995827283065701
159713,4.051235940921383
159718,3.175276381396278
159736,4.929366065837648
159741,4.012692125540348
159748,4.301521826041636
159749,3.6696228699249245
159750,4.339027825086604
159751,2.510088605507798
159763,3.7389958530403646
159769,4.11522609011457
159775,4.838714628897771
159781,2.9964242878424607
159782,2.6242317212241115
159787,3.246608878877509
159800,3.1063468051753436
159808,2.733571614651267
159809,2.9447932456707555
159822,3.055123424022314
159823,3.5972042046359185
159825,3.1922244390022363
159829,3.590731076908646
159832,3.0289533224248983
159833,3.9658777502952116
159835,2.840392920286997
159841,3.224969282486513
159851,4.472302492221798
159856,3.40585771997827
159861,2.560794197382067
159863,4.400577839739251
159864,4.718127616755863
159875,3.2119200288788807
159882,2.7346457954417
159886,2.771129890107943
159902,2.6880811559976157
159913,3.889252904057205
159923,2.7952488408649026
159924,3.0387412733121426
159928,3.054703431035035
159929,5.090746750278036
159941,2.9771023114349178
159943,3.2823080977530714
159950,3.131783508782107
159958,3.0828895436913917
159961,2.8343966306595507
159966,3.8733992270603403
159973,3.5106680998228756
159976,3.595700393775891
159986,2.682066554787971
160007,3.7691590809701614
160010,2.6242310902201744
160011,3.8610867403433535
160014,2.9277617900231543
160021,3.741674938429776
160023,4.468377365038978
160025,3.1086046945267602
160041,2.985267222365756
160042,3.4795478470705032
160045,3.1934402883259128
160046,3.778386201172256
160065,2.980446742075073
160066,2.767151282764143
160068,2.9451255993627536
160073,3.306967106123608
160077,2.423675699333051
160086,3.7017900388492517
160097,2.967582836777159
160117,3.1690416616085155
160118,3.681213743642106
160123,3.104482720241015
160132,3.1074603868399957
160133,2.9247102044229263
160134,4.585469832550246
160149,3.0028682929054744
160155,3.1137016863151823
160158,3.3755731368517226
160170,3.322935900689475
160173,2.513047601894926
160179,3.269036691239157
160181,5.863919071682443
160189,4.2523002002813595
160190,3.183973380163589
160194,3.9172836398083373
160199,3.063086643818405
160202,3.470710851877098
160204,2.9161557133525333
160207,3.054703431035035
160212,3.8885773251225344
160214,2.8023810379205663
160226,3.3274859690984924
160235,4.605438924924217
160236,2.5752013971095455
160244,4.427196777679001
160245,2.674584615344008
160248,3.1022908784079486
160251,4.179291349611388
160260,3.0191354204658807
160261,3.1376167374586936
160265,3.0650468794858323
160272,3.2136870777234954
160289,3.175276381396278
160308,3.2781948342755722
160312,3.2474937044732473
160314,3.5481682948657354
160320,2.3992174941657516
160331,2.9693067460852665
160340,2.9931251586489083
160342,4.183095770564819
160344,2.727694141623432
160348,3.042578769310981
160355,2.9775491031325556
160356,2.8141994902382828
160369,2.5566901629267096
160380,2.653801039786138
160385,3.5442443453885994
160386,3.033939401245025
160387,2.7952679283256225
160388,3.4421774463100663
160392,3.073058376523048
160418,3.22206415547345
160422,2.970237360764829
160424,5.03993231952363
160426,3.355120005512002
160430,3.515532222780103
160434,2.797239830056167
160450,2.71795613672039
160459,3.5106563238409945
160463,3.04626127754522
160466,2.7251795270246526
160471,2.810100998363442
160473,3.588750289652411
160474,4.434559227878142
160480,3.9995837753751275
160489,2.8025003158738695
160492,2.9348826865335487
160494,3.151832500889731
160495,3.1731184599224673
160501,5.259762776507154
160503,3.3145210965916267
160504,2.9818308398709283
160506,3.816669432627678
160509,2.9887905073504957
160514,3.013629158417057
160523,2.9320330355128736
160533,3.2117351289218963
160534,3.436592755958314
160535,3.018514115450873
160537,2.392590091086466
160543,2.689601369891111
160547,3.287082398957424
160550,3.2193642525201684
160553,3.0481835634695362
160566,2.933294346294163
160571,2.940547071366664
160575,4.92755399853727
160578,5.030498386142641
160589,2.638620805343474
160596,3.6280188351564098
160603,3.7737901553929865
160616,2.983035784707674
160628,5.337519353278637
160641,2.9370900040453836
160646,2.4532255754201495
160650,2.8814648747579183
160656,3.6946431654563274
160660,3.5776704075661345
160663,3.128279138258235
160667,3.0941985776079077
160681,3.616604338985512
160691,4.23263033276991
160692,2.9844503474006907
160697,3.027963958418122
160702,2.9516874218354303
160712,3.490086081759011
160720,3.125375435804645
160723,3.5914838502404947
160726,2.633070258106409
160731,2.633140156103045
160732,3.929247474919097
160734,2.8304840684255232
160739,4.336182432414746
160745,3.1718169876307276
160758,3.0122294489616204
160762,2.8696109358549857
160763,3.3557237391224466
160769,2.838598048462923
160773,2.9810948615940016
160778,3.061340815782243
160793,2.980465850502418
160794,2.85023091225757
160796,3.1202538651529808
160805,2.496537866749205
160808,2.7202599253285826
160811,3.227108008476284
160814,4.639266564004919
160822,3.579466159802074
160841,3.879320070127349
160845,2.8885738310409557
160859,3.446838351099755
160865,5.153830732985476
160866,3.1122492524417904
160881,4.888867293031785
160882,3.114027896187534
160886,4.194325070140982
160887,3.625456520037864
160904,3.505244939052956
160905,3.0330150704006966
160906,5.415274433533181
160926,3.623810522986726
160927,3.475651871927007
160932,3.1251088733622874
160934,4.114502004268241
160939,3.5246258009954916
160962,2.6832148537816085
160965,3.134958282515846
160966,3.2144836695244696
160972,2.908378660394363
160976,2.8280461981660774
160983,2.933437648498829
160994,3.4083609553877277
160996,3.0935860457884448
160997,2.787983345209116
161000,4.826419557392423
161005,3.064520992011237
161011,3.102544239795919
161019,2.9809021894821512
161030,2.416727439609889
161037,3.0562918697740526
161041,3.049587852012524
161046,2.9093184690017972
161062,2.770122480410573
161071,2.7272321040716476
161105,3.5655606305891308
161106,3.054703431035035
161109,2.9873883913250583
161114,3.1037867643528663
161118,3.5034592080747493
161119,3.0941575921767566
161121,3.4334829803293867
161142,2.675857393109272
161148,3.783145800315658
161152,4.623993227779959
161154,5.226584193199261
161158,2.8138259344719603
161170,2.576155047899773
161171,4.61274234620214
161174,2.7949519420549995
161176,3.061432024137335
161178,3.294623922970026
161179,2.6622398378646435
161181,2.9604433282146254
161188,2.78759735113919
161204,2.6676660898660653
161209,3.247346039409184
161212,3.956304556670161
161215,2.9078425838421946
161230,2.738801345601153
161232,2.6308151374592024
161234,2.9233639064882078
161251,4.709900551571535
161252,3.365622372482567
161254,2.991416518363461
161260,3.9570033989283893
161272,2.5082833632002997
161278,3.156013757988482
161293,3.4820553730433694
161298,3.011590429516341
161315,4.026212324558008
161328,2.2204498671827637
161333,2.727632146462928
161346,3.7478823511157255
161349,3.0916240749596615
161356,3.586725927680205
161357,3.688671728149699
161368,4.826337805176443
161371,3.679389832211651
161372,2.8195249720310867
161378,2.7243862713607507
161380,3.907339014455624
161382,2.6402839344808426
161390,3.5530203776630165
161391,3.5516456701643255
161397,4.725603920589458
161404,3.034701129654457
161407,4.712319656917259
161416,3.2023215842798547
161422,2.8528336874910813
161437,3.093877202533769
161444,3.5094439826523187
161449,2.6762241484076266
161452,5.347462492800037
161462,2.6256697678004115
161464,2.749230994970585
161468,3.544777570084884
161469,3.1822917791479726
161474,3.0964597175894752
161478,2.441629950293685
161481,2.7026278788976184
161498,3.075073284784287
161512,3.3980037405470958
161517,4.872901168397984
161527,3.1063468051753436
161528,3.618270128715084
161529,2.844776549789941
161535,3.127653122376123
161548,3.389073851333134
161554,4.953691340388694
161555,4.290216243301615
161556,2.5885474065838747
161560,4.583078257943642
161563,3.1809947763352397
161572,4.569824919794042
161576,2.728313043050809
161580,2.936190021575124
161583,4.250554971373447
161595,3.1803408760277816
161605,2.358402912101944
161620,3.502547659250897
161627,4.043812615934471
161629,2.780331287619523
161633,2.780608960499946
161642,3.1482836187203898
161643,3.2371470963625413
161645,3.2214560204913125
161646,2.761610715986357
161647,2.9993110060359602
161656,3.3673262334606293
161658,3.255575941220603
161661,2.7178111568427195
161668,2.7670376479665766
161681,3.0992169468483564
161684,3.4031513287294755
161695,3.182693095811635
161702,4.121963552219746
161706,2.6510004777858915
161712,2.526870112356239
161717,4.420062710134422
161723,2.8667851897041223
161724,2.784647273806091
161731,3.8096356360585615
161732,3.7682124795514294
161738,2.9382622015381346
161740,4.61587915029749
161752,3.333016524868911
161753,2.394787799084248
161755,3.038072649041672
161772,3.035315547493383
161774,3.0915668102791924
161777,4.573641073142226
161778,3.5210866606105267
161779,3.247725881426052
161783,3.2411733097941102
161787,3.01478864609802
161800,2.9974899809620927
161803,4.61136699346928
161805,2.6333226243205434
161806,3.936953448016549
161809,2.9987801453919727
161818,2.6773839412145315
161820,3.3594376461068762
161823,3.49708581719696
161833,2.5286069716373856
161834,4.337076710464501
161842,3.8562339645408477
161846,3.583756322899317
161854,2.889048380620252
161861,3.112693663356585
161864,2.6877764175444705
161866,2.9286292945161567
161876,3.619820671984129
161879,3.3656621490065595
161880,4.0945163962646625
161881,2.7272321040716476
161897,2.7964934985138115
161912,5.048256741045866
161932,2.884349449649156
161943,2.411797977123213
161949,2.975613111006595
161951,4.046296765357868
161956,3.7236776546318673
161960,3.245068387908967
161963,4.8592444687733645
161964,2.8366992356848493
161972,3.131720909259536
161977,3.032701023326218
161987,4.868817891852116
161989,2.8832657061364255
161992,3.131720909259536
162018,4.441259211525887
162033,2.8603082620169133
162036,3.1838411368678097
162038,3.048893666852213
162040,4.56823865802661
162041,3.0012101257665043
162043,3.0668278777643936
162060,2.9723108122508317
162061,3.1063468051753436
162063,3.6428048832137354
162067,3.585434351553981
162083,3.547352011327101
162099,2.539992634615415
162100,3.1098367798019506
162103,3.595700393775891
162111,3.817969943685783
162125,4.856733293106933
162131,3.6336167143277773
162137,5.084420988434152
162144,3.054703431035035
162145,3.653062728260581
162159,3.19994269927404
162163,2.991416518363461
162175,3.291560944758069
162192,5.019975645018714
162202,3.3114087913323966
162203,3.1927410338074704
162207,3.4578724687702143
162208,3.583023226267631
162223,3.4501887463365053
162229,5.022158525942169
162241,3.181511172832186
162244,3.1829570579667243
162246,2.729621728332509
162248,2.680465166102789
162252,3.0906431226789213
162253,2.7272321040716476
162257,3.5853900873077746
162259,2.5231229535622703
162267,5.7877557367046215
162273,2.5321710777138566
162281,2.7783939413677987
162284,2.935866170381718
162296,3.132016294414493
162303,2.9808514073102614
162306,3.2887117387837392
162311,4.54519789665395
162313,2.846759475982823
162317,2.941264368447918
162322,2.9862959628768295
162326,3.356862520652825
162331,3.0267070230195223
162342,3.295713309898494
162351,2.713039672513912
162357,2.658942085790552
162361,3.6615090062892315
162363,5.568998228822835
162368,3.0188668846206737
162371,3.6796656296219448
162374,3.0163598675576164
162376,2.997636592330478
162378,3.3402255722043224
162384,3.668945347854398
162387,3.0828895436913917
162394,3.1123277383661248
162398,2.8110900231751197
162402,2.8132302423096047
162409,2.473541741829012
162411,3.839202266107926
162419,2.789055313260547
162437,2.758683242328422
162442,2.791175919995313
162446,2.8337725782110734
162457,2.8934388780262252
162462,3.103391669901536
162464,3.000067098317949
162468,5.41611401337205
162471,2.5751610712048585
162486,3.3111831031645247
162493,3.5003057407938956
162500,4.327942033538552
162502,2.6588934559750412
162504,3.5271730200094042
162507,3.039818006385032
162512,3.4451178272446876
162515,3.2269302680197898
162528,3.054703431035035
162529,2.551377374322298
162530,4.631697653534184
162532,4.364369703700976
162537,3.117820164870657
162547,4.539025137961846
162548,3.224969282486513
162550,2.9187983668072257
162562,2.9799136921562415
162566,3.4396494555232695
162567,3.0531069333601857
162568,3.19721749870253
162572,3.1815664863495616
162573,3.3007416011034856
162580,3.6399148142357243
162586,2.9745961040242346
162589,3.0398372626053636
162600,3.537925173121323
162615,4.586982941564262
162618,3.557410486610174
162619,3.6578059661964346
162632,4.476114185892843
162641,3.410370037451737
162646,3.139005583545502
162665,3.218589022598068
162673,2.6873193276860334
162679,3.2596210559301726
162680,2.882299564341141
162685,3.6377302801596403
162686,3.176075259147038
162689,3.829433200026501
162694,2.9918305890488828
162696,2.942979117433378
162700,2.6773839412145315
162702,4.853423410992033
162710,4.570566385792673
162711,2.919031473849585
162714,2.8587285933874136
162723,3.1267411583812517
162736,3.116607934925027
162744,3.750520419463531
162747,2.728710492882355
162748,3.5466554142431814
162749,3.7699700667006426
162755,2.823414488946363
162769,3.4538922646639683
162777,2.642970088278125
162779,3.0992200182589857
162780,3.535421257314708
162781,2.726567881686181
162783,3.2563553146213327
162786,4.159636522412098
162790,3.109337353318131
162794,3.4638835019286405
162795,2.6306281023273645
162797,2.768631992834775
162824,3.1078528625451978
162830,3.046169717927911
162832,3.1527177898953322
162840,2.9844503474006907
162854,2.7033265286888386
162866,2.8356671851345117
162867,3.519939890223691
162873,3.569013779820385
162908,4.588813716891631
162914,3.580561098356819
162919,3.6174250696380144
162922,3.255877735571135
162923,3.053713485263659
162933,3.165964805956839
162940,5.294558485548276
162941,2.966451223484163
162949,4.722806885684629
162950,4.521854171481388
162957,2.876545278512193
162959,3.0075893883792433
162960,3.490885555849435
162962,3.021803417690953
162967,3.934638162902373
162975,4.578477578233173
162982,3.774206799250261
162994,3.5158572730753885
162997,2.8304840684255232
163004,4.635998920897868
163007,3.573375341633642
163020,5.120356263706917
163025,3.036548421190757
163033,2.8528336874910813
163034,2.915661473893436
163037,3.0519525535108767
163039,4.661852450710829
163051,2.5637295447184947
163055,3.7669381766038703
163058,3.495719460557594
163066,2.9844503474006907
163067,2.8198774799782385
163070,3.402345973370741
163077,3.7963484047426586
163081,3.58248203582773
163087,3.065667510586357
163089,2.7052957782290252
163109,3.5459270662795204
163119,5.018805099004146
163129,2.4847339954636345
163137,2.4216115029092347
163146,2.912120410263064
163156,3.194869482721951
163158,4.590096411238118
163172,2.448986652374333
163173,2.9150367664758376
163176,2.8305134688771787
163181,4.899424017149155
163187,3.263151412736967
163193,2.9598443863040775
163198,2.86502841363836
163212,3.0857010846158106
163213,4.318487212895301
163222,3.56837456610682
163223,3.1063468051753436
163234,3.656866995236807
163240,2.69375824048857
163258,3.1363497831318354
163261,2.963323510348334
163268,2.4468732177274797
163272,3.00587006499159
163273,2.9301078317351266
163276,3.4116148050335187
163279,3.183973380163589
163281,3.6109361171122836
163282,3.056246367668423
163283,3.3852029421341294
163292,3.088527324351916
163298,3.1557544767761483
163305,3.4246486333824686
163317,2.6674054875430775
163320,2.939800922701388
163325,4.260697070146057
163330,2.7221297626049914
163332,4.0974116681316275
163336,3.755579904075817
163341,3.397074302470786
163353,3.1233430571608523
163355,2.9876957768313877
163359,2.9400587504187783
163362,3.9453954322074054
163364,2.8068828090986013
163368,4.582117458733441
163371,3.5919562634046387
163373,3.0069132520647286
163374,3.8657493567970183
163376,3.383846416720103
163396,3.1624789303595633
163402,2.4416670561710867
163405,2.917701020962774
163410,2.7684075910519574
163412,2.489514322189127
163426,3.00587970256105
163435,3.014993207701564
163447,4.650221492510751
163483,3.368127401211267
163485,5.431851488963816
163490,2.4271276539510462
163503,4.922812062174747
163504,2.52268989658189
163513,3.601512913238791
163526,3.0677908693270526
163531,3.9598704173681827
163532,2.9842088892292384
163536,3.3995390414015483
163540,3.022117823476125
163542,2.9861566086343414
163544,3.853865345373756
163549,2.6832281907852313
163554,3.385215951662891
163555,4.379476027114593
163560,4.186588231849184
163562,4.833206337152411
163565,2.9652816925799974
163567,3.1789847165619136
163570,2.6552510687274538
163574,3.103735488841095
163577,2.8508454297810313
163580,3.4326319120510695
163588,4.8630804223498885
163591,2.8350273763553275
163593,3.44436280972126
163595,2.293790059369472
163597,5.8281212859263825
163604,3.258514963569596
163605,3.1232501258010625
163608,3.614880168671537
163617,3.0925189835956504
163643,3.1063468051753436
163646,3.098747377233244
163651,2.786822437655802
163652,3.9649648763491103
163654,2.667347510438536
163660,3.8330297452643047
163662,3.653322934543232
163695,3.1684924776478085
163699,2.5846720588108982
163700,2.7618799875879207
163704,4.125091380388682
163706,2.9169673656609216
163711,2.860716476520071
163715,2.4813197622430065
163716,4.599914877249942
163721,2.8239441779155077
163742,2.7543640816127466
163743,2.717449212483608
163746,3.0345458032516
163747,3.3059085629397646
163752,3.5357909532065297
163753,2.9652816925799974
163758,2.995432662154553
163760,2.8528336874910813
163762,2.7420177126522445
163776,2.793850692290065
163778,4.377266655587999
163782,2.8897075884294705
163785,3.1709756894833987
163786,4.673176248587044
163790,3.950447255217931
163798,2.5295786012239705
163800,3.6583482766810196
163802,3.0571875246620466
163803,3.7066098882236114
163815,3.003911313079962
163817,3.725699837935257
163818,2.8522735974240865
163822,4.829422321882005
163829,2.769470565488216
163830,3.0964375662178125
163832,2.7566753641250163
163845,3.0634702338921875
163848,3.120172067598031
163851,3.6615695192453495
163869,3.4817988053760334
163875,2.9806549130379527
163884,2.7842432720042694
163891,3.092426883432512
163906,3.327704995960619
163913,3.618759655221313
163921,3.0375680098039632
163930,3.1088082584110817
163932,4.771732718094329
163936,3.3271505582337015
163949,3.3932572453781096
163952,3.1933800156609875
163953,5.34172089002058
163964,2.9485760946056727
163969,3.351674150601226
163972,3.350968831274459
163989,3.3003283549329914
163997,2.6550256692933982
164005,3.738147255569541
164006,3.5221050972800922
164010,2.500428841237058
164011,2.6356882641681274
164015,3.0531069333601857
164029,4.393387167732849
164033,2.680260298299862
164035,3.116685890383637
164042,4.322069009716184
164045,3.5655606305891308
164046,4.676112039233188
164057,4.851857627855322
164059,5.206252179634486
164060,4.011692649512891
164064,5.094835735198745
164078,3.0074691420578734
164081,3.368025566154395
164087,4.59196068815946
164096,2.9177757086098195
164111,3.2207823609673416
164123,3.035315547493383
164125,2.908378660394363
164131,2.6279779194335857
164132,4.250050977576073
164134,2.680260298299862
164138,2.672598181628635
164139,2.9844503474006907
164140,2.765443418691298
164143,4.899911635180034
164145,2.697791576016854
164146,3.2650559603692497
164151,3.0239866477039263
164152,2.806787911000091
164155,4.596944386931006
164171,3.4837197999703164
164181,3.900103764432864
164207,4.721063662041868
164212,4.048540099919002
164215,3.026341455807539
164220,2.7243862713607507
164235,4.553835901348873
164243,3.5902301281978124
164244,2.85006865179984
164245,4.64093548700568
164249,3.233677447085105
164251,2.9907242966655683
164254,2.81057802108667
164257,2.960985785716566
164266,3.1856022829469515
164272,3.5436653594251224
164273,3.0935860457884448
164275,4.513690269325629
164278,3.0928047061989687
164298,3.2893623500223677
164305,3.5324860966829923
164310,3.623456114459816
164316,2.750654926100176
164319,4.255373618435297
164326,2.8517821071746368
164329,4.389238030722797
164333,3.644234944010824
164334,3.9939407535504534
164338,3.0774386470633606
164343,2.668678738352929
164348,3.0641988575742216
164355,4.378799516040589
164356,4.318060188599054
164358,3.54822579087278
164360,2.8361003173905375
164370,3.3431928671422186
164372,3.8536158624695025
164373,2.628016541028957
164376,2.573840399360253
164381,2.3459778555631727
164386,2.5198084146268735
164392,3.3397173613575175
164393,3.6642594289275823
164397,2.84724038840024
164402,3.2214560204913125
164403,2.743172944262328
164426,3.251100263406534
164444,2.9455866354786786
164446,3.574465778278325
164447,3.5343396437439014
164459,4.003011043261719
164486,3.1476289637119734
164488,2.9524164942928244
164495,3.534002836945911
164499,2.9855204981666708
164506,5.8188139568138
164512,2.78747781712451
164516,2.991149189381778
164531,3.326484587793154
164538,3.09267475204817
164562,5.08404407664591
164563,4.591448665091335
164566,2.7272321040716476
164580,3.138198142120771
164586,3.15038167053139
164589,2.5937633809337988
164610,3.2128234299971274
164622,3.990083941624164
164624,3.6643129935223193
164628,4.517542730032393
164642,3.6388064906284154
164659,3.105798540323218
164669,3.474974218237026
164682,4.250451750043307
164689,3.035315547493383
164691,5.63215985801961
164693,5.6699371654048445
164705,2.9627966494324234
164714,4.981401001097305
164715,3.474050247077733
164719,3.5802188661580283
164729,3.0230592513986525
164738,3.3083923758853526
164739,2.9946960581062445
164752,3.812913010791959
164754,3.5106680998228756
164770,2.763593518950511
164777,4.386572783750894
164779,3.1105735119584303
164780,3.2376872588145313
164784,3.6729655623890003
164786,3.498458984624233
164791,2.7797748271948004
164792,2.687967486103757
164794,3.220846876371994
164796,2.6498870445451495
164799,2.834592250043514
164805,3.623706156274226
164814,4.02355536697472
164818,2.6845039693543673
164821,2.9993110060359602
164834,3.590729257065526
164836,2.83250370773009
164839,2.839791829600698
164842,5.4376925513130745
164844,4.845484984506168
164846,3.0828895436913917
164860,3.1421063609435884
164863,3.0116037214210047
164864,3.7678101607150536
164866,4.010666514318291
164872,3.3715163222046605
164873,3.270525602449027
164884,2.5611744032536286
164889,4.0789307779953194
164898,3.0271438133467368
164906,3.01226687522295
164914,3.064765589856296
164918,3.1194636413991392
164920,3.333426205027887
164921,2.8119038317541776
164938,3.093563572156831
164945,4.605401594359055
164947,3.0905101184600823
164948,4.5849809731498326
164964,2.4331430346504117
164991,2.9878021323965016
164997,3.335163967453691
165005,3.8089062679687116
165010,3.186503483060121
165013,4.022268566467291
165032,4.650442513314697
165042,3.500133164091823
165045,3.6432317235944827
165057,3.2448810405059856
165068,3.0922985186501486
165088,2.9478791675640204
165095,3.131720909259536
165119,2.435585492705875
165121,3.0064277919609705
165125,3.177487655859201
165128,3.015683024516847
165145,3.224969282486513
165157,3.3073328998068634
165171,3.1297046206920256
165178,3.0927043648412136
165179,4.287777818865339
165184,3.512232988695706
165185,2.8720560878308077
165189,2.4256777515692995
165194,3.1886412646458684
165200,3.465908774524988
165201,3.4406080249275064
165209,3.193574089074129
165224,3.1785313695392197
165230,3.8066527900722624
165235,3.4370794332911108
165236,2.95424290019201
165243,3.3794109191183455
165252,2.5849801544774884
165256,3.7707370522750843
165270,2.851605253325484
165285,3.26835029076582
165289,3.0461748534208937
165294,3.5430864253097605
165295,3.595700393775891
165296,4.808301874027633
165302,3.0789255081373463
165308,4.473962063418567
165310,4.570082176839392
165313,3.492241510954055
165323,3.5106680998228756
165324,3.1467951569296724
165330,3.784956422935047
165339,2.6252743326562444
165345,4.397314128764762
165347,3.0021598459542553
165351,2.9936155868888625
165357,3.7056812219407202
165358,5.059853777500214
165363,3.114027896187534
165364,2.731237150650449
165366,3.535505773245227
165367,2.2461152431595726
165368,3.0197312007030046
165370,3.2999750327035358
165378,2.724794256291985
165391,5.074409647215214
165395,3.4601823490394406
165409,2.239816608228317
165415,2.745766483568372
165420,3.0747190841381475
165423,5.030569216413683
165426,3.045103129265769
165439,2.9423774910113893
165443,3.595700393775891
165444,2.618294779774626
165456,3.748820332626618
165462,2.821638945129174
165463,2.846759475982823
165464,4.500265236909959
165470,2.751811309670226
165473,3.585434351553981
165475,3.015929033397959
165478,3.1981775548785563
165481,3.563998837516745
165486,2.513461815362418
165495,2.4933423931345464
165506,2.6227293807042247
165510,2.6660560007050784
165513,2.499933160684882
165514,3.0499395754986627
165520,5.00234488422225
165527,3.0607299767590455
165532,2.9617629925751925
165534,3.208916787083698
165535,2.6975584293251313
165537,3.156946483238885
165548,3.675971200124021
165551,2.666438208556443
165553,2.507706663478589
165579,3.483922929714956
165580,3.5157806642641276
165581,2.904928429590213
165589,3.6517249426671166
165592,3.3557110520387994
165596,3.2425068528376997
165597,3.242652092218513
165611,3.1300830879949046
165614,4.06277147775759
165622,3.8169235857810295
165644,4.208249924821311
165653,3.3923139410046605
165660,3.263160652062636
165667,4.563628769055718
165670,4.299266504537073
165672,2.6708317073788375
165693,3.006747613521891
165708,2.9855204981666708
165715,3.4653966642008136
165723,3.009459025715107
165725,2.522219911070159
165735,2.709939801432557
165739,2.859936205533498
165768,2.8188421672290227
165772,3.0548710195323006
165775,2.7246730156167054
165778,2.7482097885023453
165795,3.493589493698171
165797,2.6849191672386263
165799,3.8043918495457905
165805,2.612043520025395
165820,2.7647328072416077
165823,3.070935736133702
165850,2.9360217795343373
165852,4.691160650782102
165866,3.08284814483201
165869,2.7430354946405004
165885,3.459932678770648
165888,3.155938784908524
165897,3.8673569244345476
165907,2.8581903939914652
165918,3.137537768880594
165920,3.7843764996475056
165934,3.0686573126442984
165935,3.0707021077804164
165944,3.146223336277028
165946,4.620178017170413
165954,4.971966579686665
165955,4.681924040470966
165956,3.264090784816971
165958,4.72631341495155
165964,3.5313169055126212
165966,2.81057802108667
165968,3.6385500707842895
165970,2.9027001531445595
165973,3.908587715688903
165983,3.126401064453175
165988,3.1932807620793517
165995,3.376121236672347
165996,3.364495195721994
166006,2.997167122386036
166019,2.9337335540678002
166022,3.157786694364967
166023,3.6067767124179544
166029,2.975461687566515
166031,3.7669381766038703
166037,3.3638913063748324
166039,2.8950764860091143
166046,2.4870480928538465
166050,2.9411286972799187
166058,3.0856718666893332
166066,2.6708090990000786
166068,3.0766444755115177
166081,3.7393517162941734
166083,4.619514977337091
166087,4.963133980431942
166089,2.794697138691402
166090,3.316198064867832
166093,3.39342099379425
166095,3.166641338491499
166126,3.6608436280709125
166136,2.7272321040716476
166171,3.047471150810166
166174,3.4384842429559197
166182,2.7854863232853413
166186,3.5949221503692597
166192,2.685830136192349
166194,2.834211769639356
166210,3.0425192990294585
166221,3.146617123284592
166238,3.5224087420325314
166240,3.052758958425473
166244,3.1232501258010625
166249,2.934627023771594
166253,3.2729733067248947
166256,2.701560796498311
166257,2.7562305710928507
166273,2.7246730156167054
166282,2.9411286972799187
166289,3.053352305447138
166296,4.619514977337091
166301,2.6880811559976157
166302,3.5623536096536608
166313,2.9913483862553742
166314,5.069410757772339
166319,3.5840889826347277
166320,2.8023810379205663
166332,3.6659787757251805
166333,2.56234194654375
166338,3.724530061602751
166354,3.0887143494575726
166362,3.1357156822977243
166365,2.9425745240077203
166374,3.7672019743998746
166378,4.425089860435774
166380,4.344081379042999
166385,3.133257238344022
166390,2.981906155043883
166394,3.446141077246395
166400,2.6673482014914267
166408,2.9952077841447213
166409,3.3250345309746545
166412,2.970237360764829
166424,2.633140156103045
166436,3.0407476551233157
166446,3.0499101220606035
166447,2.963323510348334
166452,3.5066559775765835
166454,2.987213687800037
166459,3.6226681858985303
166460,2.3891885286930337
166463,3.7399337309155465
166466,3.568815960298902
166473,2.963323510348334
166486,2.9730661434832233
166490,3.496843445659289
166524,3.2922891139623265
166527,3.3107832259315586
166542,3.0103773666543465
166550,3.175554248471032
166556,2.9762232039108283
166558,2.660327844487167
166561,3.552641366006854
166564,4.081446033705985
166565,2.765790511137043
166568,3.0463153685781297
166573,4.615710362405398
166574,3.5224691521814786
166579,4.087138620735182
166582,4.7030244476092715
166584,2.8062354425267637
166586,4.305925211227036
166593,3.5655606305891308
166597,3.163727967394711
166599,2.8237764994000982
166600,5.041783479166943
166605,3.2350161010382275
166611,2.8431878588476307
166613,2.3751418433211633
166622,2.666943982885517
166623,2.6994963255143425
166625,2.8934270074107493
166632,3.940258162248791
166633,4.005009761868612
166637,3.3009496450460873
166642,3.6220183421751946
166643,3.120053863753135
166667,3.0981022869197874
166668,2.9935159115753844
166669,3.347341613710435
166699,4.547510508445961
166700,3.132488384129437
166703,2.428756539040134
166707,2.7726432429840218
166710,2.8800469559475266
166719,3.0618929235405425
166722,3.3119871027775973
166723,2.7164686199363435
166724,3.2222702720158933
166731,3.782102030799689
166735,3.2139810677107965
166740,3.1932807620793517
166750,3.0188668846206737
166754,4.07846940110988
166756,3.416627838827728
166773,3.397251645152696
166785,2.942306113305745
166790,2.729812934417419
166798,2.624781104721034
166815,4.673684177259974
166816,3.1530354373977576
166819,4.947703805692806
166822,3.233222507176
166825,3.1128771689165498
166858,3.0461748534208937
166862,2.9394270550690895
166863,2.9813098707619052
166903,3.5807402510111537
166907,2.9998092935374103
166918,2.617494601911109
166927,3.8635816042184694
166929,3.3569801674202817
166930,3.360385604721013
166935,4.280824606520235
166937,3.005061497179228
166944,3.285053483683889
166963,4.525592975102423
166967,2.4676491827441103
166981,3.133566530475568
166986,3.1058355536108464
166989,3.181545222641798
167000,4.646596667224674
167008,3.224969282486513
167027,2.6087343343276905
167029,3.3250355578843562
167031,3.193685104085702
167045,4.354417848312471
167091,4.434688097639914
167100,3.030009875208269
167101,3.020104121716333
167104,4.750395264113333
167108,2.7814842241771904
167110,2.848878681001756
167113,3.088527324351916
167114,3.0686573126442984
167115,2.9526667828251556
167117,3.002354057569935
167119,2.9918790135163515
167120,3.1561396793686
167133,4.421416358806453
167136,3.263173332331159
167137,2.6866086476082396
167146,3.049587852012524
167153,2.7558265102845776
167155,3.3954148754519258
167159,3.613888172711521
167166,3.3324280577717795
167168,2.361206303531022
167176,3.6986253929310986
167181,3.182035493268553
167188,3.1227132717314565
167194,2.9473413227036587
167195,2.997605293844082
167212,2.9247984530536426
167218,2.6820127180774884
167222,4.111466563295
167230,3.6861783362006184
167235,3.0052589122855964
167244,2.9745431676552
167247,2.6762241484076266
167248,3.228633519074039
167250,3.376090146520352
167260,2.9896837176315962
167266,4.411212139998052
167274,3.080371269078741
167283,2.9867658104951373
167289,3.34983252426112
167299,5.233985728607042
167321,3.0788783000568283
167325,3.474847845031628
167327,3.5972042046359185
167331,3.685392171950752
167333,2.742777149436064
167336,3.0590619866860718
167340,2.823848802251385
167344,3.016877448530241
167361,2.7076594002638594
167364,3.797459029022596
167365,3.5544680716239885
167369,3.343503004258741
167378,3.9707466813355237
167390,3.2747633531970703
167397,2.8640234647094744
167403,3.288607700498589
167408,3.0531069333601857
167413,3.009634951095714
167414,2.9423774910113893
167432,2.3699548783454705
167438,3.494275995553316
167440,3.6535904746192718
167443,2.753666985910338
167449,2.8799713550557993
167457,2.829126947450829
167463,4.5816452488132136
167470,3.0609369238301696
167476,2.7737577116725394
167478,2.45926476384499
167489,3.34755139293855
167492,2.599023237636498
167493,4.528086510829942
167496,5.218722815793793
167503,2.485135397176114
167506,2.907969344873914
167508,2.925434403411933
167521,3.2800023555114874
167539,3.031882529746627
167556,2.5182685523617443
167585,3.039090296835103
167593,3.0374124161880767
167596,3.8057296759366404
167602,3.016090656923354
167605,3.137537768880594
167612,2.6181456255746816
167632,2.908038854957876
167638,2.8048313425578724
167639,3.626117006445109
167642,2.95424290019201
167644,3.525127566112277
167646,3.335163967453691
167649,3.3479392515578383
167652,3.0940075056219642
167659,3.2058244227003923
167663,2.7510083487300725
167672,5.521984205703761
167690,3.2118416183749074
167696,3.120440093839481
167704,5.2334858600114735
167720,2.9242437125428173
167732,2.782511603463331
167739,3.0924456520221173
167743,3.0461748534208937
167748,3.884809089268396
167756,2.6149455491040903
167759,3.5077909668974576
167760,5.0158159736932175
167762,5.09422939485813
167769,3.6896589581144665
167784,2.438887578740736
167788,2.7151925335207605
167794,2.538472710507037
167803,3.265524673462678
167806,2.8153846264940823
167809,3.191740354737346
167813,2.632168693407216
167819,3.8165654974632925
167825,2.736033753997152
167828,3.175276381396278
167831,4.372463294329192
167833,4.886634642890857
167834,3.059267266725863
167844,4.027860063218186
167864,3.7142288521265168
167880,3.0893309218883673
167885,3.060476515373605
167887,3.0300942432151516
167888,2.693285708968265
167891,5.420298919767022
167900,3.112424847297758
167907,3.948668463659585
167909,2.9274520694769617
167911,5.250198681549797
167923,2.9812409791542853
167925,3.625362161925651
167935,3.3130971928201047
167941,3.0051397238373534
167950,3.373897591798853
167956,2.896723197440227
167972,2.8716067208498517
167988,3.6538660938941687
168002,4.785134728058255
168004,2.8475380225868068
168006,3.1078528625451978
168008,2.9838868773392746
168064,3.369657650364973
168066,3.24374441421543
168068,3.705486101159659
168073,2.849803327347636
168078,2.8025003158738695
168082,2.581086174497513
168085,2.941461049260888
168088,3.2702983798603533
168090,3.1515612075523527
168093,3.0597227747524665
168100,2.906155518951784
168110,3.901188122710325
168119,3.4517191715123996
168125,3.458847116878828
168127,5.320282120478325
168154,3.67706842801873
168158,3.75315543896475
168174,2.6866072864531843
168175,3.567951107513638
168176,2.983035784707674
168196,3.006221868669552
168202,3.5565145724558134
168207,3.0260978150375757
168216,3.173875511073977
168219,3.1580651276840377
168223,3.3093375644955163
168224,2.8571942783879845
168225,3.1063468051753436
168228,3.2889053563505066
168229,3.3718173182165687
168233,3.0032598668565904
168240,3.5344580750462495
168248,2.987899294082397
168251,3.6265754522998814
168252,2.7509446772349797
168264,2.601371390903
168269,3.0782934183349826
168275,3.224969282486513
168277,4.5281711487443985
168282,3.8685583835033563
168305,4.349662387224267
168306,3.2939076495142596
168312,3.7201677617768523
168326,3.2272207977740535
168329,2.4505939835142967
168342,2.919158734485658
168347,3.6144917955024383
168349,3.458250863360591
168355,3.5390871313116783
168358,3.0941575921767566
168362,3.3163306787294347
168371,3.1113844324228945
168373,4.273744842646137
168378,3.142981285268297
168384,3.0524040705867916
168388,2.6009242293642174
168389,2.4150003886867175
168398,3.0220099213661435
168411,3.176568148635349
168412,3.551667981923983
168414,2.994737737938343
168417,4.466514860023341
168437,5.049182968886265
168439,2.970237360764829
168442,2.5487996247487237
168446,3.073541790850069
168452,2.6558306740490885
168453,3.1914388507597606
168458,3.912286142819623
168459,2.8934997618337213
168474,3.0607299767590455
168476,4.9158650536945405
168478,4.540358954895925
168482,3.28026905235291
168496,2.9320921180568478
168501,4.464826306775352
168507,2.986455124988368
168529,3.595700393775891
168531,3.379661787365743
168537,3.021662103965927
168542,3.5743094380588296
168548,4.59160724744002
168550,3.1237917033824183
168567,3.2974663563815225
168570,3.5655606305891308
168572,2.993067326351818
168576,3.6181142354686737
168577,2.8730810423920143
168583,3.2215935273726437
168587,3.700127369909529
168591,3.628953074966485
168600,2.414193058095864
168607,2.827753515348622
168609,4.563847842170931
168613,2.591831038357456
168619,3.106919819917997
168627,3.0047178740823997
168641,2.998971065636863
168647,5.040054215912048
168664,2.3923411683993736
168673,2.6211956365732094
168681,2.943637555612669
168684,3.1853577681300163
168685,3.688941520529714
168689,4.42345631749515
168692,3.5211983751449796
168693,4.706073091484804
168694,2.835156174210339
168705,3.0508029891053265
168706,4.550625948948241
168707,3.0425922268360743
168720,2.6158950203574283
168725,3.2382248589104057
168728,3.3560805760456183
168729,3.3193389451491555
168732,2.8164109165749576
168739,3.0941575921767566
168746,3.6497258065788283
168748,2.956579239893606
168752,2.5108030533704864
168761,4.638948636046061
168764,3.034794262774453
168768,3.1063468051753436
168772,2.914392658742586
168780,3.1996776210564324
168787,3.08243862684274
168792,2.6873193276860334
168798,2.9942473403187146
168808,4.0809077648458905
168850,3.380754499485559
168851,3.8454108883978746
168857,3.3625493316686708
168865,3.08110517843131
168872,2.982817165216273
168883,3.1299849738678938
168888,3.962608845535901
168892,4.4915578901777184
168896,4.565316758089953
168900,6.231969690520939
168902,3.7678101607150536
168903,2.939136665281773
168919,2.8625189048572715
168920,2.3661338656529365
168923,2.940942135353358
168925,3.2991159712066667
168930,2.963429133051844
168936,3.014163949042999
168937,4.128353110159959
168950,4.582618781398278
168954,3.1656821466753073
168965,2.85006865179984
168970,2.8164109165749576
168976,3.4198836042590877
168978,3.5077909668974576
168981,3.223913225837072
168982,3.106032299781678
168983,2.4853997732045743
168992,2.6804473508162148
168993,3.1054956514640746
168994,3.125375435804645
168995,3.092197659267093
168996,3.0531069333601857
169006,3.7845154347613787
169008,3.121673623166342
169009,3.4677830469406814
169020,4.22964270941392
169029,3.996539961155444
169038,3.0503241967274466
169040,3.224505482455743
169044,3.092426883432512
169051,3.5094553853344577
169061,2.955433116552187
169070,3.7301890851707893
169072,5.083548673449839
169086,3.0457203531030284
169091,2.5586859103521826
169095,3.5271067350701713
169101,3.0104767011318514
169103,3.0254954041726014
169119,3.9725319821641776
169120,3.0401542422542724
169132,3.1372734139119727
169136,3.1227132717314565
169144,3.065667510586357
169149,3.0787821491899554
169157,3.3574185143645474
169161,2.849938761619411
169165,2.7625923023325707
169176,3.313892707642703
169198,3.3005275602164694
169204,3.4758963199659787
169211,3.729617694273167
169218,3.2115279187820263
169231,4.125785560929701
169234,3.2387223639446794
169256,3.2027528375597005
169275,2.8017485078670217
169277,3.3101922585041423
169287,3.4494128073971027
169292,4.175642955082384
169297,3.175276381396278
169304,3.043627419782245
169319,2.7534274059046946
169323,2.9980990055443613
169324,3.5842021902764425
169338,3.5579771424736597
169342,3.052044551500636
169345,3.5454340242191726
169360,3.1816354502269286
169366,2.8876033917342148
169368,3.2815590597933344
169374,3.088527324351916
169380,3.595700393775891
169383,3.1070022001702657
169388,2.9251870900012182
169390,2.8141161863101996
169392,2.8132302423096047
169395,3.981487762791525
169416,3.1755106704314797
169419,4.385615712171511
169425,3.0402892231700847
169428,3.1227132717314565
169432,2.8327991922188493
169433,3.2080784210010833
169435,2.672598181628635
169436,2.657590949922386
169438,5.657141920210778
169449,3.4837582394700557
169461,3.7431307089581245
169462,3.0989214223750503
169475,2.794209150707422
169477,3.152743768006425
169483,2.634291295150092
169484,3.15032852068248
169486,2.9387458785767615
169487,2.732802513271688
169490,4.438442363455144
169492,2.7625923023325707
169500,2.9909995704760366
169503,4.592150111427668
169536,2.6658459052140273
169551,3.160807435390076
169573,3.2551923774435068
169577,2.795270389804266
169587,4.547059748071363
169590,3.5827380278329874
169603,2.6290493555161296
169604,4.320820127772544
169622,3.6417516707313204
169628,5.1132723705909395
169631,3.175276381396278
169635,3.27872799442256
169647,2.6691048534656185
169655,2.9960440997136994
169656,2.971009851827325
169658,3.0935860457884448
169661,3.054703431035035
169664,2.7616563228767723
169666,3.231534493855751
169667,3.429885644354665
169676,3.071934045504336
169688,3.0062691874236815
169693,3.0531069333601857
169700,2.983814624846286
169705,3.6374222391552244
169714,2.802898764135592
169715,2.7406330174854148
169716,2.8296211073729545
169723,3.4862038043881727
169728,3.065726063551478
169733,3.070630637956837
169734,2.4921226713934264
169740,4.587895386599838
169751,4.504388743194998
169753,3.558945644588259
169767,2.682882725632035
169794,2.2730542082389773
169795,3.125375435804645
169802,3.5679615797808277
169813,3.6759392729363864
169814,2.360070968016173
169816,3.196246789433306
169829,3.0330308589883628
169842,3.795421160247492
169853,3.0537642312414865
169862,3.3089972991467587
169874,3.116685890383637
169886,4.567827465772308
169887,2.589242226177267
169891,3.0624628891303067
169896,2.394787799084248
169899,5.614593534224695
169919,3.056706761874061
169928,2.895408449296318
169932,2.639236554191406
169938,3.2751384211665373
169950,2.8283567248437644
169955,2.8023810379205663
169963,3.1053845921055543
169965,3.3887059885231654
169977,3.636913182041887
169985,3.175276381396278
169987,3.42422535682288
169997,3.182035493268553
170004,3.018389435217663
170020,3.078100929376688
170026,3.4197997030964387
170031,3.5170779452120877
170044,3.6993791588368747
170052,2.912998868148356
170058,3.474431027001668
170078,3.717747368903166
170090,3.061553128246423
170094,2.555949754304763
170122,2.9929374993669042
170134,5.115661117871624
170139,3.145182162536547
170144,3.5093338452261884
170147,3.0456243308386877
170158,3.4492722582691036
170164,4.553841071385592
170175,3.1589549577906686
170176,3.1446334182194473
170186,3.170374910386837
170187,2.674278880253048
170191,5.111238501294832
170193,2.9280709545071733
170196,2.8186003863585363
170200,2.9765877426400884
170203,3.250510590866942
170208,4.487792349659858
170218,2.6189413421815733
170220,3.1499700803954
170229,2.81567335702494
170237,2.8902717294505873
170250,3.0662305522969615
170256,3.382086741787445
170258,5.081808805091738
170259,3.4348163056698997
170266,2.6913440002644102
170281,3.6664910404219992
170282,3.11804461000072
170284,2.4705287058626753
170295,3.323015498586464
170297,2.928996517913817
170299,3.0539274968655117
170302,2.8424810177801936
170310,3.5526336037102455
170312,2.970237360764829
170313,4.880080804036078
170315,4.280718388632762
170316,3.666626975798192
170325,4.387716705706415
170328,4.618837709899901
170343,3.210672004792559
170345,3.349428495766671
170348,5.0055105545840215
170370,2.7777969157849296
170374,2.5135718907223503
170376,5.60088279344402
170390,3.0402892231700847
170400,3.2399598974641766
170403,4.999533530733386
170405,2.6860184850434408
170406,5.037905615431969
170409,2.794697138691402
170410,2.4428234792311683
170424,3.341891876531597
170427,2.992748961150151
170428,4.356959221682347
170430,3.3193389451491555
170433,4.037010042786449
170441,4.874167160691447
170442,3.2528988878739886
170445,3.7685326832275994
170446,2.6957474516578146
170457,3.1982660589896206
170469,3.0461748534208937
170474,4.026836149166082
170475,2.9812409791542853
170491,4.585969449118997
170493,4.613372034481321
170495,2.628140463091098
170512,3.9230517921621217
170522,3.0089561608930886
170527,3.310003539653286
170528,3.609823959186627
170531,2.8459041905589553
170535,2.924726516675425
170540,5.086017851504059
170556,2.717449212483608
170564,3.125375435804645
170566,3.3924072597862813
170572,2.714772645119351
170577,2.8284110595263914
170588,3.5216841112737836
170590,4.563467355298242
170615,2.7419563912521276
170616,2.6773839412145315
170617,3.355840974494531
170619,3.0019973747774342
170620,3.9717835703096838
170625,3.2277692506739255
170632,3.0027509561374797
170652,2.740273076236722
170663,2.802898764135592
170665,3.66726465874672
170667,3.281664070701512
170679,2.7113890981683246
170691,3.7530664464761987
170697,3.5586922263290033
170701,3.131720909259536
170704,3.2844061482707163
170705,3.4311973193650775
170717,2.658009005960323
170732,2.7777969157849296
170733,3.655232496016176
170738,3.9999781769313927
170742,3.1245723768072944
170744,2.9251284524910663
170749,2.728710492882355
170753,3.800665093534811
170755,2.551039456419726
170767,2.9844503474006907
170770,2.9114415099445194
170778,3.1697183311483292
170780,4.506660425134005
170790,3.079229536625936
170821,2.2565852931328747
170831,2.8023810379205663
170833,3.022180443672143
170835,2.46260139887914
170838,3.258909502284155
170843,3.0007472985170573
170847,2.892253487847329
170852,4.394119522855628
170853,3.1569375469042913
170863,3.0650468794858323
170874,3.204542151458289
170878,2.9844503474006907
170880,2.7566753641250163
170887,3.078517194217529
170894,3.0697211000045304
170901,3.681213743642106
170915,3.562141169754521
170919,3.0732421374481107
170920,3.073443916628494
170922,2.9652816925799974
170931,3.0218788748909744
170933,3.2614763057745977
170944,2.7797748271948004
170950,3.1124961668887634
170955,3.048880737718986
170957,3.97537166481453
170960,2.8533645812598323
170961,5.007491873690656
170963,5.017213263969493
170975,2.568692015707841
170981,3.453926040146097
170985,3.224969282486513
170986,2.658585070799523
170988,4.89458075361132
170992,3.097491786278062
171000,2.8142911605649985
171003,2.737284602532811
171005,3.0153423863152837
171017,3.108421040671399
171021,2.9382622015381346
171023,2.9844503474006907
171024,3.00819984345575
171037,3.727787970164985
171038,2.7569488107069136
171046,3.0940075056219642
171052,4.534150518620764
171057,4.695166963289157
171058,3.40435140499731
171064,2.9425166537707863
171065,3.1932807620793517
171070,3.538212303397161
171076,4.073950726115083
171077,3.455435638685709
171085,3.4297197928086725
171086,4.514548112206841
171089,2.860267639838677
171101,3.041933655000627
171108,3.5001003317131247
171109,3.3538559569256834
171110,3.140587247804085
171114,3.1227132717314565
171131,2.6773839412145315
171136,3.005061497179228
171139,3.0733413362867372
171142,3.155938784908524
171147,3.6869651102232766
171161,3.1885580114670824
171162,2.9840027804973768
171164,2.769557780526025
171165,3.0507486755200937
171175,3.298203665645814
171179,3.0806077469194064
171180,3.035315547493383
171182,2.3020293165281465
171191,2.934627023771594
171198,3.092552065062124
171202,3.6979440361581597
171205,3.0235241621039823
171207,3.7001612702892785
171217,3.5277624333765463
171221,3.134958282515846
171228,3.0941575921767566
171230,2.565546760044121
171237,3.411983392054207
171241,4.620759180022848
171255,3.5590639821342407
171260,3.133257238344022
171262,2.627134683181925
171263,2.781497275989417
171269,3.353402929086833
171271,3.051860498569893
171272,3.569967327235541
171281,3.056323090916985
171283,3.047108978322892
171286,5.5415502867531625
171292,3.0094559707914152
171293,4.7998637467992875
171298,2.8728947175861244
171314,3.10968553182638
171317,3.5459270662795204
171334,3.0975132417817557
171336,3.10884690470961
171338,3.102544239795919
171343,3.2138891901671025
171344,3.619423316518437
171359,4.966289364927823
171360,3.6300728147160424
171369,2.9087247024683296
171372,3.681124414076139
171375,2.5778523549083943
171376,3.133566530475568
171380,5.095394805395174
171382,3.625462711584894
171383,3.3719200637345677
171391,3.5562542865285685
171392,3.5798065514685957
171406,3.5940631812834822
171419,3.130958756120473
171423,3.2713444006760866
171424,2.683914168430849
171437,3.344815259058145
171447,2.802898764135592
171468,3.5256345429219658
171477,3.391964111853896
171482,2.9844503474006907
171491,3.5541705338284517
171492,2.7557803966771606
171495,3.094427650357706
171503,3.5788877963986185
171511,3.1261872563328326
171517,2.947407499516566
171527,2.9844503474006907
171533,4.008666221319313
171555,3.114948159768647
171561,3.1635810297163425
171564,3.0532374655547367
171579,2.9296560015887954
171584,2.9836570279357097
171589,3.0842791714614557
171609,3.1888553477607395
171611,2.6913714246416856
171612,2.8487563001971345
171619,3.133566530475568
171636,3.43203232025247
171649,3.6537324320368283
171651,3.0108453551372407
171673,4.20468978812514
171680,4.6952171443707025
171681,3.356961684933455
171691,2.7114609091333834
171703,4.3599483772141365
171704,3.5723275827045473
171710,3.242897832150938
171711,2.611281785491386
171722,3.259182504735536
171730,2.6836443363420486
171736,2.876545278512193
171744,2.8934388780262252
171752,3.5695295737840818
171760,2.946018259847315
171768,3.246136862991255
171775,4.331548180544305
171788,3.1029621420111284
171789,3.125375435804645
171798,2.775314993923956
171804,2.9508933334414604
171805,4.614155179099138
171812,3.033741886056172
171821,2.7543599861561443
171830,2.762735680300569
171831,3.579653756139445
171840,3.9617424372524255
171848,2.8934388780262252
171863,4.998311559437521
171865,3.002692123200208
171868,2.775058673687095
171869,3.304426027597451
171871,3.5013207855351585
171872,3.5790375784502566
171873,2.7986664478282264
171877,2.909974739281303
171885,3.6273685718294524
171887,3.343425529575792
171900,3.312662595557196
171912,2.934319554829083
171913,3.600240281931489
171918,3.1415665203902607
171926,3.136511452951663
171928,3.548491713772548
171938,3.542895987959189
171940,3.1761041238664847
171946,3.015402501059698
171948,3.099645008093145
171955,2.812069242521299
171962,5.210808444727813
171963,3.553770211667219
171965,2.9192456799505164
171966,2.9535605694984954
171973,3.490392817967565
171979,3.5480982708136786
171983,3.014988033540857
172005,2.6158950203574283
172006,3.6225864488461026
172015,2.638620805343474
172021,3.240494385536132
172022,3.395867412103832
172024,2.882494883393003
172025,3.752189932327048
172042,3.6583482766810196
172047,2.9775502450304403
172048,3.8232689514759053
172052,3.600400638777154
172060,2.7426149587681086
172081,3.170216261172524
172083,3.0235525784459254
172087,3.6289408269758305
172091,4.593239230622821
172105,3.7669381766038703
172106,5.226080640187682
172119,2.994950693774449
172157,3.6771256023379566
172162,3.7286599339124713
172163,3.587267116246008
172166,3.0779028983910144
172167,3.7009839823776076
172170,3.707407052091981
172180,4.5878472451235774
172188,2.5261633772338867
172189,2.9704610780488836
172203,3.1449050397298643
172204,3.0747664125858405
172207,3.9952323674823305
172223,3.4792871131764875
172225,3.595700393775891
172228,3.106684765163628
172235,3.7855951356917785
172237,3.138985777112694
172241,2.840544257296375
172242,2.6216253364973743
172243,3.9850546747102267
172252,4.314907804364358
172262,3.0457203531030284
172272,3.155337408681198
172275,3.0253234524949266
172277,3.2329290721753514
172281,2.397358316095884
172286,3.2719757147966098
172290,3.113858441701278
172293,4.42348100410444
172294,3.573164294731037
172301,2.9784554157733765
172305,3.390967907437174
172307,3.254064366401793
172308,3.0143419037671473
172329,2.728680344137014
172331,5.0137680647303915
172334,4.626483472786802
172336,3.5663093879620344
172348,3.100665754218322
172353,4.2305667194935435
172362,2.7133722774240723
172371,3.6615548648112326
172375,4.734630632755639
172384,3.118864728848454
172392,4.590096411238118
172408,3.9621825279563736
172412,2.8800469559475266
172413,3.5055050055523873
172418,2.6940991663207257
172419,3.867033181744837
172423,3.400819454174868
172437,2.720485735793122
172439,3.1595948655449195
172441,3.6016401166577214
172444,2.9404174609749507
172456,3.019704096589952
172457,2.9964242878424607
172463,3.6146434958875364
172470,3.0829526624551513
172473,4.618837709899901
172476,2.6540264671750617
172477,3.220846876371994
172483,3.2776317129240855
172486,3.0627150818927253
172493,3.661067780713423
172512,2.8072598132655218
172535,2.8119719365753952
172537,3.08182634736274
172543,3.2718390518227354
172559,4.038911055226134
172569,2.9305089089012957
172576,3.24459961862107
172588,5.065241750131804
172592,3.2929173982330235
172596,2.9964242878424607
172604,3.3506258357176715
172610,3.0668278777643936
172615,3.1046561531152648
172624,5.347490596401253
172626,2.9386917988616266
172630,3.481730019080805
172631,3.20209047941162
172634,2.643030614264884
172635,2.85023091225757
172639,3.6904616591201016
172645,2.41020273471546
172648,3.6663780187283983
172652,3.3832740652222673
172660,3.104960557622655
172665,5.3507822966962175
172673,4.66419084085368
172674,3.7655628252400852
172682,3.322174170867242
172683,2.9652816925799974
172688,3.014822020596379
172695,3.3272419492184273
172705,3.0941575921767566
172707,2.8365141526884283
172719,3.1881207883704232
172722,3.8234632583716337
172730,2.7468309597071565
172737,3.1274392875213457
172746,3.1393526891971275
172758,3.100385933235415
172767,3.127653122376123
172772,5.435324891460464
172775,2.753983051379234
172782,3.4599100641889904
172788,3.7649006375352565
172811,2.874300792163704
172845,3.9103274730430195
172856,3.0277646386233847
172864,3.074239620186793
172865,4.150793167673904
172867,3.1685248127541943
172868,2.6927176062535945
172888,4.609003670162066
172889,2.745056551068825
172890,2.691637941841288
172891,3.039431960158392
172897,3.2650070778001714
172899,3.172635829259917
172902,4.593239230622821
172903,3.5025513354346662
172908,2.834277501156446
172909,2.8433837052279696
172911,2.95085418933882
172918,2.4646630837594703
172923,2.740095319521808
172927,3.778129149074969
172932,2.502643433258096
172933,4.561048364811282
172934,3.2443951735515486
172949,3.490392817967565
172951,3.818816970334169
172952,2.7133722774240723
172964,2.83250370773009
172975,3.774021545809358
172979,2.990868938113809
172980,2.7482097885023453
173004,3.640132332482466
173007,3.14676604885676
173021,5.188680624170066
173024,2.9065304571133908
173025,2.807770726244571
173037,2.543866114895619
173038,4.565267518094133
173054,3.474050247077733
173059,3.7669381766038703
173067,5.3026330090301075
173071,4.563958667977323
173080,2.997608920242686
173087,3.1004515954410348
173088,2.9583562929708145
173090,3.4463757680349087
173096,4.602231377792749
173098,3.022064247912819
173101,2.6306522365754437
173106,3.2640117499291668
173113,2.530655434524302
173118,3.4116219269854566
173137,2.94128502568472
173158,3.175276381396278
173159,3.327051549191752
173165,2.5978214044167682
173173,3.207858471511024
173176,3.5516456701643255
173179,3.0088634638987424
173181,3.102544239795919
173188,3.087731660000715
173201,4.596382729285805
173209,3.7352736652420226
173231,3.081498685046446
173232,3.0650468794858323
173233,2.8988476186803314
173242,2.6972442478501986
173248,3.898963885093791
173256,4.623200660787594
173257,3.057196796041146
173261,2.9840027804973768
173275,2.783307715702119
173292,2.97367885463999
173298,2.624162218167261
173302,4.655488229832841
173317,3.390784178474172
173323,2.9844503474006907
173324,4.086486441386733
173331,2.999318489572676
173335,3.761117973678739
173347,3.2195433809702836
173358,2.524609895972058
173362,3.3859492289005138
173370,3.5554672580162805
173378,4.005721322965362
173379,2.907969344873914
173386,4.59675748157992
173406,5.105286220861233
173412,5.628275736882139
173413,5.352037285601665
173415,3.6456535447955263
173423,2.803968955274618
173426,2.673406475798018
173429,2.765790511137043
173437,2.5133969956751154
173451,3.196317070715316
173455,3.437452456911108
173457,4.4700402913671
173463,3.144435103310148
173465,3.6547080622529617
173468,3.749810244764969
173472,3.4148761488925254
173489,3.0763194972144587
173492,3.654313452308992
173496,2.878867295826969
173500,2.7503905209198045
173505,2.9368410410488175
173512,2.8464317893873208
173514,3.890764108719155
173525,3.428228477640621
173527,2.6373359681791912
173540,3.022513233951398
173543,3.15701714851606
173547,4.269646634273953
173549,3.0197625430002772
173553,2.780776030992888
173554,2.882299564341141
173555,3.1188863233400252
173558,2.973485830535126
173562,3.3730072155798125
173572,3.224969282486513
173576,3.5941237476889274
173579,3.2942641263783936
173584,3.0940075056219642
173599,3.2014832632079884
173600,4.900517281361873
173610,3.0461748534208937
173620,3.116685890383637
173628,2.606093875579778
173631,4.594396028525705
173634,2.678657464097471
173635,4.4473748516109115
173641,3.092166869960156
173644,3.1605379543609704
173657,3.1926792946800737
173659,2.8424593764382586
173662,4.386345687962715
173673,2.836214233773044
173682,4.364281369310307
173684,3.4186752776553875
173686,3.370430611679846
173701,3.1864714649973416
173705,3.0653450668409055
173707,3.966182588846526
173711,3.218527383701911
173712,3.502972560274919
173722,2.564663327338184
173730,3.0428528792205007
173735,3.492854076545406
173739,2.6009242293642174
173740,3.268185941589444
173742,2.970237360764829
173751,5.492346185545097
173755,2.7892477061208485
173756,3.573164294731037
173759,2.60074070847549
173760,4.7699657843675665
173763,3.0794462827563733
173768,3.2214560204913125
173769,2.85370250008728
173775,4.228597385489695
173788,3.1922089802762263
173798,3.092276321296464
173801,3.671971482012637
173802,3.22972531008123
173806,3.4689065602264306
173814,3.0290986908702853
173815,2.4841489916033432
173816,3.1468549047061973
173820,3.1789695249737773
173825,3.0375926563729747
173827,2.8700998567700813
173839,2.7707575846237837
173840,2.8475380225868068
173854,2.4084009837264113
173855,2.932353616355496
173861,3.7727063437642965
173864,3.8967810973192276
173877,4.544353179053129
173879,2.8475380225868068
173884,3.5334096178562504
173888,3.1593851408454303
173890,4.622001305418964
173892,3.4108864832212875
173896,5.024668636761103
173900,2.722096859270927
173907,3.1871341731715885
173913,2.9332021911391797
173914,3.376517276722492
173919,3.5456260869904686
173920,2.8406597733528565
173924,2.6279606398974096
173928,2.7777969157849296
173929,3.670437370190724
173935,3.11065454678187
173951,2.949083879334796
173956,4.243516854180462
173957,3.4988680531309644
173961,2.7585543400534203
173965,2.864831874332898
173971,3.736997701437619
173985,2.462595084903226
173988,3.10968553182638
173998,3.5622339229637
174001,3.596432933192843
174024,3.9259425242370556
174026,3.2207823609673416
174027,3.7942502447945206
174028,2.623170421199284
174033,3.616518013034024
174043,2.9318511945870176
174049,3.353706589787115
174054,2.908378660394363
174066,2.8198774799782385
174073,2.8926980288854995
174080,2.704590664492498
174082,4.60470236689276
174084,2.9219929669613762
174087,2.5321809452030255
174090,5.417267543947011
174096,4.247553908051048
174109,4.474530635298178
174115,4.9074059421303815
174131,4.857177251574582
174151,3.363145798036055
174160,5.778056258914372
174169,3.1581166205641287
174172,3.018738941067996
174176,3.0562918697740526
174177,2.993852287672534
174186,2.8242248451943492
174195,3.7782774810678132
174200,4.461958104971469
174202,3.685621858678349
174206,3.0956235598358184
174208,3.0994551150139307
174221,2.924188683757272
174249,4.772588007263613
174254,3.1096141734898133
174267,3.4601823490394406
174269,3.4086826684660108
174275,3.1436605518288188
174279,2.8577095730800885
174280,3.588841134022635
174281,3.4389960117209966
174290,3.096305700246241
174294,3.1211968332874807
174296,4.517873660965997
174297,3.002692123200208
174305,3.2113847387254713
174309,2.678834295555206
174319,3.0023425961961134
174321,3.172945377840938
174324,3.2904818966799345
174333,3.059328282534738
174334,2.961122510828406
174340,3.6643072769365017
174341,3.1508651609660374
174342,4.622001305418964
174357,2.970237360764829
174364,3.6642594289275823
174367,3.622801339788333
174369,3.2686681851551294
174375,2.3290280621739345
174382,2.9591914320931676
174391,2.677896465805849
174399,3.626409018282769
174400,3.187776550160314
174404,4.020409495773737
174405,3.0217580226496144
174419,5.420792381549284
174422,4.315648199040806
174439,2.9371487803882865
174442,3.673181273589919
174447,3.5608855043536636
174448,3.3780698719773654
174452,3.6309431205589475
174453,3.341350248677523
174462,2.516520957965155
174465,3.2124881999640427
174516,3.092426883432512
174529,3.775889195436938
174534,2.6734018853574186
174535,3.409885369185271
174539,2.699583832057157
174544,4.613372034481321
174551,3.5847829133405384
174552,3.0569209825594164
174555,5.082642193758673
174558,2.422497213860998
174565,2.736546903877081
174573,3.1154590658469377
174581,2.970237360764829
174583,3.3867917316396468
174585,3.164723724578788
174601,4.64678796051152
174602,3.5974885992049908
174608,3.022644106477046
174611,3.151938826344319
174613,4.91105643226987
174614,3.625475417119276
174615,3.0941575921767566
174618,2.612913245276019
174623,4.4147854341765465
174625,2.685830136192349
174627,5.412908611794919
174635,3.545856758209009
174637,2.7782119543683463
174649,2.5873012482888194
174650,2.907969344873914
174653,3.5927009077635375
174657,5.431506537656077
174664,3.8244564928327316
174670,3.272136956939066
174674,3.3689399298176284
174675,2.9702718321371733
174680,2.61173643866805
174685,3.2390373944324082
174689,3.967613850892089
174692,2.6672104856717813
174715,2.7280654745102897
174716,5.0536671373448865
174717,4.537640896506466
174722,3.0193153788348153
174734,3.355678555204897
174741,3.801388723293654
174746,3.6335119131081255
174749,3.4223198567857427
174759,2.4773893819311206
174762,3.2087317543125558
174766,3.1889189979711
174768,3.357003059532679
174770,2.835731249834132
174772,2.9919310827416172
174781,3.5299759685892664
174805,2.5978214044167682
174812,3.6755226991830807
174822,2.9660705108864733
174827,3.3130699346928223
174833,4.617865910286961
174835,3.1973065344982308
174841,4.932202273592332
174847,4.29774412790675
174859,2.9174229766576363
174870,3.040887571526446
174874,2.3162532443105643
174891,3.044133261533684
174894,2.697693435240886
174895,3.361062574884901
174909,2.91907180285047
174922,2.6983174250065227
174930,2.9425308596516158
174934,3.144628469859993
174948,3.0686573126442984
174951,2.8974603035316164
174963,2.7456939346607294
174968,2.5665490803339823
174969,2.9145717772681294
174975,3.4143888116725685
174986,3.4696243495055548
174987,2.988923259131411
174995,2.8877866832888452
175003,2.9011217245873264
175004,3.006176095892244
175011,2.7791872040976546
175020,3.897150995504122
175024,3.591238800572159
175030,3.5020797567842115
175032,4.2087783586140395
175036,2.8649771178334995
175038,2.4738567363196533
175041,2.379772304880297
175071,4.681689507946025
175082,3.0006340896162085
175084,3.713824994095578
175085,3.1078528625451978
175090,3.140189265474439
175091,3.28351210853576
175100,3.213536011560777
175104,2.9616102210142774
175111,2.440005330026063
175112,3.08898807290219
175113,3.921172504895572
175118,4.80922431524213
175119,3.088527324351916
175122,3.815616389743881
175136,3.0356858011878094
175161,2.3639062346881525
175175,2.5451396221019453
175181,3.453926040146097
175190,3.663907063032761
175193,3.112693663356585
175198,2.861071345447412
175217,3.457476797542167
175229,3.5032878625683552
175241,4.435617150259193
175245,3.009740494990074
175246,3.589664870151858
175250,3.1677213417034213
175263,3.562595574348119
175269,3.492307402169032
175275,3.122543153874617
175287,2.7765864605574864
175288,2.993062191500483
175289,2.678834295555206
175305,2.905179600593427
175308,3.0929964164542705
175313,3.5709628309217996
175321,2.4961199047376477
175323,3.224387840734108
175329,4.654035909640973
175337,3.213506611429313
175347,4.556467983408952
175353,2.9532142346833457
175358,3.2911791040178806
175366,3.078558589120236
175375,3.907167450152533
175380,4.643651296736347
175381,2.9100345645071592
175384,2.5060441033723317
175399,3.004509406013257
175408,4.960900548729528
175415,2.621328639255999
175417,2.3125526885747085
175425,3.6569059828670194
175427,2.9893332191931266
175429,3.6535904746192718
175439,4.055772220137806
175446,3.665367176595275
175448,3.0758040322034264
175457,3.743906710201745
175459,3.054977796971774
175460,3.409379450290907
175466,4.089231599696621
175471,2.7888445302103655
175473,3.018139896126062
175477,3.002692123200208
175489,2.658009005960323
175497,3.578633253989074
175527,3.444410416392948
175530,5.9544882087772075
175538,4.502277970483446
175540,3.36872179947936
175548,3.1862167883190353
175553,3.247440668508201
175567,2.882299564341141
175568,2.8141994902382828
175578,3.118989739525747
175588,3.6436723793296264
175591,3.1137016863151823
175597,3.0461748534208937
175598,3.576025952252074
175599,3.523281378438008
175602,4.8093390259592725
175606,2.761725346332983
175613,2.91674174271487
175632,2.675757584211929
175633,3.680335026350137
175636,2.7036339413379817
175637,2.3024471152087633
175647,3.007643337292013
175662,2.6553269168322613
175667,3.337542740156631
175686,3.0402325899602713
175696,3.0864606739423213
175700,3.191759067415426
175715,3.589026123358858
175727,3.414488064418879
175731,3.0532517979754425
175736,3.051679867055799
175740,3.0928047061989687
175742,3.1044211305469838
175748,3.6276010332338116
175753,2.9923321035168042
175756,4.296115920448591
175757,2.9425166537707863
175759,5.793148636882129
175768,2.935756157115403
175782,5.187877486181555
175788,2.868840896479456
175790,3.6191966598606196
175800,5.092910968866735
175811,2.6216253364973743
175812,3.0461748534208937
175820,3.045103129265769
175828,2.894228689584625
175844,4.5835780150616445
175850,3.093877202533769
175852,4.6649071342834425
175862,3.098747377233244
175868,4.116275968205409
175873,3.095212722278586
175876,3.122543153874617
175879,3.6530486091486116
175880,3.4925219558401026
175885,3.033939401245025
175892,4.304345380882733
175904,3.1490492227714646
175905,3.720667419889229
175913,3.4996821358938224
175918,2.960944080528095
175922,3.0425922268360743
175924,3.0267185618699712
175926,3.6853525427619536
175935,3.137537768880594
175938,3.710237976469059
175940,3.543795580700241
175944,3.289844145241751
175947,3.089924811235264
175953,3.170337966905812
175955,2.990465769113471
175969,2.497631987581496
175977,2.729621728332509
175985,5.0112818764340785
175986,3.484826794716295
175996,2.666213580994828
175997,2.655714259889692
176004,3.095470771609261
176005,3.062530993345231
176009,4.127429708595585
176015,3.3301829060844153
176018,3.1508715664292257
176029,3.3350568302038006
176033,3.580760357933323
176035,3.4011590742774658
176036,3.9814946565166363
176048,3.7977162157484528
176049,2.9486376661680156
176056,4.871897026461033
176061,2.9844503474006907
176092,2.3786869438809544
176099,2.937769028225952
176111,4.824748615217335
176112,3.525077455914686
176117,3.1369059628987905
176122,5.502459130519526
176126,3.0692193123828537
176131,3.59460859858751
176138,3.532586196309234
176139,4.993367916864397
176141,2.557483154891716
176145,3.2195458125366976
176147,3.4866389105452984
176163,4.319131867432197
176164,2.7800092207942173
176168,3.0590619866860718
176185,5.880099738830662
176187,3.8883091850334908
176192,2.925778225697734
176195,2.8989015605456463
176196,4.5740925018260095
176200,3.7610522762708496
176218,3.3623250036523347
176219,3.230135706449146
176223,3.1299849738678938
176227,3.1709756894833987
176229,3.58415992226402
176231,2.3786869438809544
176236,2.4091327303595973
176237,3.474251442022126
176238,3.5724428922935405
176241,2.5319305763286715
176243,2.7545330878766614
176249,3.0327645038603217
176253,3.116685890383637
176272,3.5061666731914944
176274,5.083879265904034
176279,3.5607869757715536
176283,3.1436605518288188
176290,3.1126966239382203
176292,4.552804028378142
176302,2.85006865179984
176305,4.279203267925776
176306,4.524477206646376
176312,3.015929033397959
176315,4.317775548309589
176316,2.574304529640063
176320,4.381667363343429
176323,3.5543272008527307
176338,3.595700393775891
176345,3.408253387243667
176347,4.851979075964238
176348,3.2083943820107343
176355,3.0540764376078324
176358,3.3297193367583118
176360,4.655488229832841
176363,5.051347069122066
176367,2.748799716655458
176387,3.9357356804329786
176394,3.273603649082898
176404,5.048050597816303
176407,2.761765935678342
176413,3.2767308238530184
176417,4.588312309657785
176420,3.42137132787986
176427,2.8326258396440984
176428,3.0067642879152845
176430,2.761697837558644
176442,3.1386963723703385
176455,5.096961712314262
176461,2.664664614601292
176463,2.677742659916138
176471,2.3392655912870084
176473,4.6274687546045845
176476,4.768511255695159
176495,3.7121511480462557
176498,2.871779707930404
176502,3.632679279950792
176503,2.3897789494297696
176507,3.4435756789186738
176514,3.0176894993578043
176517,3.0461748534208937
176525,2.7605806990637287
176526,2.931718598195719
176529,3.0759988733449886
176531,4.335598090686036
176535,3.5380923874846895
176559,3.2110062917523026
176567,3.384167975613621
176573,3.0903249515417976
176578,3.002191130780132
176583,2.980582443424253
176584,3.2941800729996826
176588,3.9642413827105516
176590,2.89975846796004
176592,3.19615264828274
176595,3.0329678299657137
176609,3.147748205985793
176618,3.0186084264149464
176624,3.5315487322804615
176626,3.1208355979786915
176631,2.9136266086244005
176638,3.188014274782816
176646,3.0038353581212394
176649,4.387509947856013
176650,3.544125031626501
176656,2.9771023114349178
176674,3.7493372667779
176678,3.58806969708004
176692,2.8528336874910813
176694,2.977583188696563
176696,4.761940023423374
176697,3.767096913713916
176701,3.221783098049322
176702,3.1037867643528663
176708,2.6792895154823357
176719,3.7907921206604236
176724,3.224969282486513
176734,2.6804473508162148
176738,5.058380479968773
176741,3.9308874879794655
176748,3.308611841901903
176751,3.036107363191945
176769,3.164740787823787
176772,2.685830136192349
176781,3.589865658752104
176783,2.486569653779304
176784,2.993067326351818
176785,3.131720909259536
176790,3.421003239344204
176791,3.139408671148512
176792,3.7234250466955707
176799,2.96455476626277
176802,3.2459040158812416
176811,2.9946960581062445
176823,2.8055381277590845
176834,3.00823815923086
176839,2.9502092483927838
176840,2.935013804043417
176847,3.4237240640406053
176851,4.972731685451391
176863,2.458051284720314
176869,2.91674174271487
176879,2.9368410410488175
176891,3.0792133744694548
176898,2.946463091428215
176899,2.462844104283466
176934,3.088049002678805
176937,3.002081771808288
176938,2.9897617280216484
176948,3.339873056750453
176952,4.057767467050994
176962,3.911880007932623
176964,5.209254119610231
176966,2.7534274059046946
176971,2.838246994028897
176973,2.9150367664758376
176974,3.5446554987710064
176977,4.608792466988637
176983,2.859499465134619
176989,2.8334655872939956
176990,2.9638083141373133
176997,3.4439925712110044
176999,4.703065595988139
177012,3.5451125426969803
177016,3.502410996329764
177026,3.40412719085091
177040,3.8498204458624086
177044,3.826558994333433
177045,3.672941355410189
177051,3.0049767191938486
177052,3.0929964164542705
177061,4.979150677259641
177063,3.0030431018243857
177073,2.6621443241212552
177083,3.537260437273137
177086,2.9135560124564566
177087,3.5579771424736597
177092,3.465897187773641
177105,2.964652707148564
177109,3.6716147584627556
177113,4.635728445089133
177114,2.5159829449091644
177123,3.6688157472707306
177127,3.586635974021706
177141,4.646670545498647
177145,3.618709606550368
177150,3.761046326973479
177153,3.568980981374227
177160,3.310978215881629
177162,3.3941180662322488
177163,3.5483165671032326
177176,4.749489434718708
177186,3.3006732135327095
177189,2.8978033104907923
177194,3.120172067598031
177199,2.954391127212296
177210,3.5890268977110082
177214,2.9808727343139645
177217,2.825506896647136
177218,3.130774789333838
177239,4.97422449391115
177243,2.74338800222198
177247,2.8403722472105977
177255,2.638620805343474
177264,3.595700393775891
177268,2.354260382817986
177271,3.014174699675856
177296,2.6707559488706463
177299,2.4195205768499846
177320,2.967208249929406
177343,3.5224111633467285
177349,4.568360432212851
177360,4.90091145814035
177379,3.221286391296648
177383,2.575611651410698
177384,3.6256379121167033
177396,3.5482073058880808
177406,3.0159525890991095
177408,3.0230592513986525
177417,2.5407171361598495
177420,2.9942929319571165
177425,2.967972872229795
177428,3.2886180387007475
177429,2.6642564884988036
177431,3.2222702720158933
177437,4.35713441038373
177442,2.7113284617209983
177449,2.8723374538838975
177453,2.948980825688
177455,3.685009153808394
177456,2.9981047524166486
177460,3.0597480694109755
177465,2.812528729208135
177467,3.1063468051753436
177470,4.565404389323334
177475,2.968236401558199
177483,3.6273908872644705
177484,3.103594628215933
177497,3.2233855551534587
177500,3.5647172855166493
177505,2.9935159115753844
177512,3.5398817696512266
177519,3.6679764776939683
177528,3.223618473787355
177531,3.4454283794551865
177538,2.882299564341141
177543,3.1629000998694146
177551,2.9844503474006907
177571,2.762422933291796
177574,2.586878489171102
177586,3.8844397786892593
177589,2.380810933105049
177593,2.8433771068709643
177594,3.8771125970860822
177602,2.829958714648029
177603,2.850669626245572
177612,3.2133468376019514
177614,2.6911038756115198
177625,2.3913292255702396
177628,3.6083828879486437
177637,4.675052744267901
177640,5.096778431527624
177641,3.0277646386233847
177652,3.404150921364373
177657,2.9305089089012957
177671,3.7560491606316964
177681,3.8202812042744356
177682,3.5482581774821584
177695,3.036107363191945
177706,3.0680446543854734
177711,4.337402733310856
177723,2.8240241813920073
177733,3.323269236976165
177740,4.596382729285805
177746,3.000546234189452
177759,3.375580143784364
177760,2.689323802388971
177761,3.3064129100490858
177762,2.9451255993627536
177778,3.0892083595036053
177783,3.765130475638734
177785,3.592231153529065
177790,3.8014604349026855
177805,3.093332926434981
177814,2.69375824048857
177816,3.0407067398414758
177824,4.9958469181846645
177834,3.0407476551233157
177839,2.657981075404914
177843,4.6284472773445335
177844,3.588788588680401
177853,3.456452914432411
177857,3.1263144707068555
177858,2.858180967211731
177860,3.0789255081373463
177862,2.9263276070569355
177865,2.422834797123228
177866,2.600192306585733
177867,2.766350661796783
177868,2.858468129756173
177869,2.912050144646609
177872,3.0260010981599805
177877,5.646460516802385
177878,3.7590719167933972
177880,3.03503488608351
177890,3.6416801374543546
177910,3.17290867484976
177927,3.3099049652275223
177930,4.559493511623011
177935,2.612096647410458
177942,4.32798786011075
177971,3.023294905244692
177975,4.046297406796288
177981,2.368797444625375
177984,2.8910735970386496
177996,3.3885956173394236
178005,3.7162416369240723
178011,4.612238482995122
178022,2.3882798257185196
178023,5.0735012692941215
178028,2.9964242878424607
178031,3.643234297071286
178040,2.8658332266025175
178047,3.13670966545352
178049,2.6108608601130507
178053,3.057486962170026
178077,2.9952077841447213
178078,3.0908942923635534
178079,3.5105911696381606
178081,3.8326944423461766
178082,2.9855204981666708
178089,3.2250359912774065
178099,3.582387789186761
178105,3.7098567309249435
178109,4.641898991011147
178112,2.9889608190811083
178117,4.672352594337805
178118,3.1477711303093274
178129,3.3652447440763726
178130,4.618883018106264
178131,3.3625035293848113
178135,3.864078775591887
178142,3.120172067598031
178144,3.5484720902059945
178154,3.046380645120943
178159,3.0461748534208937
178170,2.937088916691118
178176,2.8492325638964546
178179,2.8004155112641245
178183,3.1050400943112213
178187,3.04329001011739
178188,3.858374123347085
178189,3.0600541192527526
178191,4.6472645406188775
178207,2.933637817696394
178211,3.491909489730772
178212,2.4883139712304767
178222,2.6565335422036123
178223,3.308725865693585
178225,3.1227678268826233
178234,3.0072803371473578
178235,3.9254749318093043
178239,3.058091963827889
178256,2.7620396265917457
178257,2.6836443363420486
178260,3.7302319076144284
178279,3.987490005653547
178282,3.4574277561611413
178285,3.00587006499159
178292,2.743172944262328
178298,3.094427650357706
178299,3.7942337794182324
178314,3.088102063389958
178319,3.7669381766038703
178341,3.014988033540857
178345,3.092426883432512
178346,3.019735306846744
178352,3.5388350063418996
178359,3.5005304210069372
178371,4.146144880439046
178397,3.2727497229596714
178401,4.447750765910203
178405,3.111297137311009
178419,3.015929033397959
178436,2.7289787692771377
178447,2.872382686541179
178461,2.8751756446607932
178482,3.8698293983549226
178483,4.425683901723789
178484,3.5819724712983323
178515,3.185949830841836
178526,3.0828895436913917
178534,3.6092731909137274
178542,3.7475859617304312
178543,2.9356211610726723
178546,3.6347756316216446
178561,4.783917579652809
178562,3.169506278824685
178565,3.099645008093145
178576,2.9775491031325556
178594,2.9447932456707555
178597,3.135716327875577
178602,2.734664277097519
178606,3.048495614771436
178608,4.585666514471718
178613,3.1037867643528663
178614,3.199760401063104
178616,3.999938264804451
178621,3.0308860630313443
178624,2.687622563573944
178629,2.9501078445674764
178634,3.6873747810139887
178635,3.3647346252398767
178640,3.346722179966287
178644,3.421603324967334
178648,2.804924127221188
178654,3.1914487287755486
178655,2.9861566086343414
178668,3.5756203440408636
178676,3.6748154422581036
178677,2.9957298324719344
178704,3.1542678317570143
178705,2.7793045862790353
178707,2.9618398369513574
178718,3.5502021220199125
178719,4.638948636046061
178729,3.0851766775603133
178748,2.3966285063864694
178749,2.8415544824268144
178766,3.0049642825917324
178770,3.015929033397959
178779,4.9823514846737
178780,2.5635148134605066
178791,3.0524457102888904
178794,3.1611614821642795
178798,3.139408671148512
178799,3.5158631261560087
178808,3.013996667524665
178810,2.3634340564324408
178834,4.604997377008635
178835,3.162154456842218
178840,3.570098549564233
178843,3.002971811218842
178849,3.5760702797017188
178870,2.505593700819544
178873,3.000546234189452
178879,3.0967316553730946
178902,3.892549948234204
178904,5.076699762431145
178914,3.164177034279612
178916,3.076922121329442
178919,3.052582046855891
178928,3.213960907381436
178937,5.012353593526786
178944,3.0284180097068996
178947,3.79612182118404
178952,3.7679358208849667
178959,4.905225811077445
178981,3.876614812262978
178995,3.0461748534208937
178997,4.602920298050982
179007,3.3218014689739936
179008,4.386221630190517
179010,3.0639923207738096
179014,2.8198774799782385
179016,3.0928047061989687
179019,3.040139152065996
179020,3.224969282486513
179022,3.855960328164417
179032,2.930908261602367
179039,2.9767333700795313
179040,2.4260713255725457
179049,4.604083136070988
179052,4.350889352162898
179057,4.1241817017884745
179059,2.6773839412145315
179063,3.2515411152964218
179068,3.8535520802051066
179069,4.0016938950127425
179079,4.157735679992582
179082,2.5270517081837074
179108,2.8025003158738695
179110,2.778344984472867
179118,3.0209970436855658
179120,3.223202019459082
179122,3.363421186390975
179133,4.009009535543453
179136,4.7242896277188695
179145,2.993762063546256
179155,2.771137300972842
179161,2.456911366004014
179171,3.2820206624494617
179175,4.250957287032023
179198,3.0051109129885245
179205,3.061752291209404
179212,2.704327057410632
179213,5.072355298159249
179214,3.054703431035035
179223,3.36131374518037
179228,2.834169913118654
179230,4.3298580437558325
179237,4.753304937044617
179239,2.802898764135592
179248,3.2347511277476775
179251,3.502460365276721
179253,3.680902279744844
179258,4.334073106712287
179259,3.568564274090119
179263,2.6769411698422587
179279,3.0941575921767566
179280,2.7533034804941954
179282,3.153328306866341
179283,2.7385195151704895
179285,2.6648347367355263
179288,4.419688447579143
179300,4.258209607436495
179309,3.025069551009169
179313,3.2191715649587644
179315,3.104754247355578
179317,3.0496787981676197
179320,3.2021293037258785
179322,3.216417325827782
179329,2.931874145918303
179334,3.8463115735300146
179343,3.0461748534208937
179362,3.9698725514363664
179368,3.902329646204011
179372,3.559728115427702
179393,3.070931389750934
179399,5.324381686840724
179409,3.220463934324094
179411,2.611651291641487
179416,3.088060575471958
179420,3.0456243308386877
179421,2.986720664540989
179425,3.0855427157606354
179426,3.0642901584603104
179432,3.0906790057227362
179436,2.925998386082305
179437,2.9339053412464917
179445,5.044871722223755
179450,2.6335504748044234
179455,3.0512440034533297
179459,2.7533286224171136
179480,3.3195727706530698
179482,2.78752810519035
179486,3.5244083113628273
179488,3.021092853481402
179496,3.6535904746192718
179505,2.4740831116346653
179509,3.5334541185171355
179523,2.61948112710745
179533,2.78759735113919
179541,2.5859808663270103
179546,3.2275526601801428
179550,2.8354199606047756
179552,2.6056419682287206
179553,3.427218785659983
179555,3.1199730156795082
179558,4.417925549732443
179565,3.9047813820893116
179566,3.50384664695817
179569,2.7626947620703857
179577,2.9818308398709283
179585,2.4386159710955977
179595,3.234462002295808
179605,3.2153054584716125
179606,2.916780752828165
179607,5.260606261825007
179616,3.139057640416189
179632,2.9572851256240886
179634,5.35887490629257
179638,3.8228998084865715
179640,2.9320330355128736
179641,3.434131914120887
179648,2.804946261577032
179658,3.2184820521960624
179669,3.626409018282769
179676,3.4429921662030343
179680,4.488617744847561
179691,4.070443431701394
179695,2.7965270860311016
179696,3.5281375802186874
179697,3.207178570044703
179699,3.384687342855565
179704,3.2541619499830836
179705,2.669645186465064
179710,3.61749725297755
179713,3.6940053288525405
179719,3.8955079238390664
179721,2.4791974201260576
179726,4.473434124156762
179751,3.544777570084884
179758,2.9568861870313192
179759,2.674278880253048
179774,2.891487562690463
179778,2.6490725707256324
179784,4.841275159298404
179787,6.237112259300168
179790,3.2921061857689344
179813,5.542863178787515
179817,3.0176894993578043
179823,2.987213687800037
179825,3.244171375580157
179827,3.390731336667321
179835,3.123581981684383
179839,3.540270856712243
179848,2.901657509641758
179858,3.006235126548855
179860,2.86179013350756
179870,3.131720909259536
179873,2.8415544824268144
179875,4.342965733834269
179883,3.586636539962549
179886,3.497080338526633
179906,3.7204322363232323
179908,3.0657861080709528
179909,3.0890424777280026
179912,3.004509406013257
179920,2.993778787963785
179922,3.075496917893308
179932,3.547941862278011
179940,3.5519376136795833
179944,3.666095404246018
179955,3.006958318833257
179958,3.0082686620600705
179963,3.5610353178100707
179982,3.1279097544876997
179983,3.0216212645335423
179986,4.561735721933866
179997,3.5679341360975005
180003,3.643738815597774
180006,3.1639740250365547
180008,3.397074302470786
180019,4.943777616130132
180022,3.7633042773163634
180027,2.4795201108290024
180042,3.0774386470633606
180052,2.876545278512193
180059,3.4030426785405745
180064,4.719611481754605
180074,2.817871286751147
180080,4.168559695553848
180088,2.9844503474006907
180130,2.7599749465997157
180138,4.308451530718797
180141,5.415299008747738
180143,2.7930184051670133
180146,2.775488192637383
180153,4.440081710083206
180167,3.139278514543287
180172,2.7026118136653965
180181,2.5045228070175036
180185,4.286480720441867
180186,4.602626391151813
180187,2.835731249834132
180188,3.5788877963986185
180189,3.0465273814711877
180201,3.571685430240013
180202,3.418174626417688
180207,2.688405662027119
180213,3.5488340409056915
180218,2.8315619967098207
180219,4.635308316098801
180222,3.0082686620600705
180230,2.740095319521808
180234,4.65085907398107
180237,4.630042505680641
180238,3.389401481470634
180246,2.8968898440893454
180250,3.670844090393689
180251,2.376423703403593
180255,3.595700393775891
180261,3.0503424253285893
180264,3.6774637161455477
180267,4.601984268282445
180268,2.9844503474006907
180271,3.0562918697740526
180281,3.072601680922036
180283,3.649945006201741
180287,2.9935159115753844
180295,3.261095306333527
180307,4.461810274440566
180310,3.24095762355707
180317,4.51748241464187
180323,3.879150487870681
180329,3.014038202151056
180347,2.9382622015381346
180349,3.606236611899818
180356,3.608149023852814
180359,5.018268335989325
180367,3.6699215042056266
180375,3.5623536096536608
180377,3.928527030529364
180380,3.099339828685682
180381,2.7458077758925494
180383,3.9070798613247835
180406,2.4944546252163846
180412,2.785070589729167
180423,2.628140463091098
180425,2.8091730600983924
180430,2.5584478968146924
180434,2.8123921795160416
180435,5.241095500044432
180438,3.0235525784459254
180440,3.6232432702564914
180442,4.582929331621071
180475,2.706255744141253
180490,3.416712088475107
180497,3.9808364036916113
180502,5.621824283703728
180512,2.730133195859968
180521,4.5410897644909
180522,3.390364634181071
180526,3.6535904746192718
180541,3.328531244379019
180551,3.326147728294749
180552,3.5719626590569145
180557,2.7412579345734134
180558,3.131720909259536
180581,2.7162342750626856
180591,3.220846876371994
180608,4.641201337184377
180625,3.508549318728914
180628,3.9134328671840963
180646,2.764815822885709
180647,2.729621728332509
180654,4.703430269301871
180655,3.108817908805476
180657,2.7799299241348905
180670,3.251948935839428
180679,2.508499824425375
180680,2.9881912007585947
180683,4.5602369120523445
180690,3.0176832426056834
180691,3.2742771892959284
180702,2.774778001437496
180715,4.601353180944889
180733,2.622203843127303
180740,2.998841604592418
180742,3.2089861706718086
180744,3.4847835818954995
180748,5.127545649660979
180751,3.6791771692613944
180761,2.7762441563526257
180773,2.834688199387043
180775,3.0937374751527082
180786,3.3045005890198866
180787,3.3397954295360246
180793,2.73771893591412
180794,3.2127046475745207
180808,3.6816028223011195
180832,3.2214560204913125
180836,2.6009569284035523
180839,2.8023810379205663
180842,2.9799136921562415
180843,2.3602740730478446
180847,3.1112818130151285
180856,2.9902986077075537
180860,2.756110512019886
180861,5.039760385034425
180864,3.0734526726554487
180874,3.5048068673715345
180878,3.0461748534208937
180886,3.5901256176804526
180889,5.524532686520425
180912,3.3403582282851
180925,3.136668928178304
180926,3.2914478711639377
180928,2.927477774306536
180929,3.396243578371256
180935,2.9855204981666708
180940,3.0007989872930647
180944,2.855484505714837
180945,3.602441871402623
180952,4.60791568008582
180953,2.71921934040779
180960,4.627141918055463
180963,4.452537510069021
180967,3.2282736254456696
180977,2.9844503474006907
180986,3.5482779505853204
180991,5.07565194007028
180992,3.1227132717314565
180997,3.132771203540558
181004,3.202674606327495
181006,3.639812715354042
181011,3.0874312643713506
181020,3.0313913212181856
181023,3.165898530748784
181027,3.163727967394711
181046,3.5592437657897893
181047,2.627075464999626
181067,3.0583499484856347
181079,3.4459895035374344
181080,3.713511697572765
181087,3.2605080294232
181093,3.421491148905732
181113,2.7777969157849296
181114,3.4331604621373
181123,2.9437723034638843
181128,3.1152503410079047
181137,3.474970601734568
181141,3.5824701367935403
181143,2.710256875367456
181148,3.131720909259536
181151,2.914467442706974
181161,3.1048847224443517
181164,2.5964866092271928
181171,3.2851973924759243
181178,2.9307395103984253
181181,3.1840435923992705
181186,2.7360723359531716
181196,3.437083754034096
181199,2.960414242740355
181206,2.745056551068825
181210,3.672300821262235
181218,3.9574456814382066
181225,4.639882313744826
181234,3.452123355876834
181235,2.834688199387043
181240,3.018462642723659
181248,3.1912290285528218
181252,3.115244099187095
181258,3.9066864042622793
181265,4.535116718826048
181275,3.211646143417619
181276,3.4165563071835336
181286,3.551918323767855
181300,4.6157607835071515
181302,3.6804508244798746
181308,2.4225391950483446
181314,2.9865251607062473
181326,3.3263001019820253
181329,3.0940075056219642
181331,2.84423102187308
181332,3.0554539578081497
181341,2.7174663870722275
181345,3.1989658800482754
181361,3.7559591171005766
181370,3.5868207188504195
181372,2.8445662240773526
181374,3.0529690104342166
181375,3.707519353986179
181376,2.772496391549469
181377,2.8233905713986647
181393,2.9097298416628377
181400,2.8709929507029286
181401,3.1867327878719873
181409,2.8343966306595507
181417,3.9754058517977295
181425,2.8845268301634963
181430,3.0671993059052394
181432,3.4998903932461407
181461,4.4336636348271306
181469,2.9844325350346153
181471,3.1196877032717154
181472,3.07200972902871
181473,2.9145717772681294
181475,3.0110349336821143
181476,4.424373463148741
181485,2.2493075220385554
181503,5.937494291379472
181504,3.476751103781866
181528,4.031469515331332
181536,4.457556809341842
181544,2.9137844269153064
181546,5.358965980643245
181552,2.9320921180568478
181556,4.297946806358661
181561,2.642744434900122
181570,2.6792606008885502
181580,2.3583638726300875
181583,3.4040109069609277
181587,3.7326213218794786
181589,3.0925189835956504
181595,3.2544591188309706
181597,4.388742080195476
181601,3.4529530162477546
181603,2.771865331648003
181609,3.475541471284989
181611,3.639747202353899
181613,2.7850329672336174
181617,3.1594731623587795
181622,3.8361094843197714
181631,3.4070998834725525
181634,2.374470489942526
181635,2.83755769980208
181638,4.823689850540006
181641,3.3682174566042287
181653,3.328111236987152
181656,2.9919310827416172
181657,3.9076683664831235
181665,2.84423102187308
181677,2.694074154072535
181688,4.033030265657186
181689,3.789512015400685
181705,2.869992156244083
181707,2.807878583096959
181709,2.6622273419103295
181710,3.1078528625451978
181724,4.6052704479483815
181727,3.048021783994198
181738,4.413928435143933
181744,3.6782114133642914
181757,3.084966937135535
181759,3.3109975182508364
181762,3.0069132520647286
181767,3.7165753306021325
181772,3.0668278777643936
181777,2.508260996613106
181780,3.4765513064594438
181795,3.1467951569296724
181801,3.162297479223247
181802,2.929725294656419
181805,3.668666225113906
181807,2.902557560806261
181808,5.220861549666715
181812,3.0972055725557004
181814,2.7545330878766614
181819,2.9594355579565703
181826,2.760463491777329
181827,3.8633329565245123
181828,2.98041016866193
181829,3.2645502848744026
181845,3.636490389729573
181853,5.225521336912607
181856,3.0727940777977025
181868,3.082830449470714
181877,2.95424290019201
181878,3.8357776604487546
181879,3.051679867055799
181881,3.0513353296443944
181892,3.7896673626735677
181894,3.33971084401525
181895,4.8628560207197875
181921,3.7527996842127638
181924,2.578328087337406
181946,3.255667776793082
181956,3.102544239795919
181977,4.812198082503155
181980,3.3527872717161755
181983,2.7187133972601463
181986,3.4617505927584897
181988,3.0843736899412044
181989,3.0425922268360743
181994,3.5026859957068623
181997,3.6852077775732477
182011,3.052758958425473
182017,3.001342231920972
182022,3.876061496062582
182026,3.1107022712115735
182035,4.474292381179636
182041,2.6714141407968603
182042,3.196413072697399
182050,3.7279529613211935
182052,3.639812715354042
182057,3.138198142120771
182060,3.1841921191847065
182063,2.7545330878766614
182064,2.8725256949814617
182074,3.1008122342846924
182081,4.390397969588192
182082,4.2568315273236115
182086,2.7766385658150607
182093,2.9844503474006907
182099,2.8867156484513905
182103,3.015929033397959
182108,2.4652964995951505
182110,2.713039672513912
182118,3.512766671187516
182120,3.116685890383637
182121,2.8135250955859927
182122,3.0420721089904124
182135,2.8795254022157146
182136,3.673359763304781
182137,4.505562941323565
182141,2.596746911945835
182151,2.9101434724612933
182181,3.4718803330212964
182183,3.1405510326104973
182188,3.545098214967012
182189,2.8025003158738695
182230,4.901901623213059
182243,3.3279232934043548
182254,2.6886203944445897
182255,3.8700532665472442
182265,3.1404663965925805
182266,3.9413337881289654
182274,3.7612658832755685
182277,2.6969418269072083
182281,5.428721149738253
182285,4.54497620975238
182300,5.3529137871208885
182302,4.28821926857316
182308,2.548891760940235
182309,2.320112083908101
182312,4.5173731125715815
182317,2.991099148318236
182335,3.0555384297003836
182339,3.2459040158812416
182344,3.45275025572483
182346,2.7217917358348336
182348,4.274373069067534
182352,3.1124420341343413
182373,3.014993207701564
182374,2.887903976231578
182394,3.5382087887437494
182404,4.070698727708017
182405,2.969335856691276
182410,3.684859469255919
182413,3.5972042046359185
182426,2.768599657508887
182432,3.3208614750191794
182436,3.0941575921767566
182442,3.224969282486513
182443,3.197562642946874
182448,4.678911225672641
182450,3.137537768880594
182453,2.990751536941954
182461,2.3811010206874696
182482,4.312755506341066
182489,2.7481596445878496
182543,2.653072368736584
182545,3.010200953289441
182553,5.4225878418076645
182555,3.3699728690339747
182558,2.725632148753139
182559,3.112986248493595
182564,4.185721009467299
182569,2.9855204981666708
182570,3.6555018437009745
182571,2.854766517603216
182572,2.542806598986652
182583,3.1528917783195576
182596,3.2510481844465753
182603,2.6300653647951435
182605,3.6923030088859443
182606,3.098806488823329
182620,3.519939890223691
182627,2.505205898197659
182630,3.054703431035035
182631,2.926957879664663
182644,3.122007818013624
182645,3.094427650357706
182651,3.174245728253129
182656,2.824832815385596
182667,3.5454340242191726
182675,3.4759062970506633
182679,4.511030122332516
182680,2.2773742967298913
182688,4.60943615389853
182692,2.6025241656490476
182698,2.345925671922649
182699,4.460285089709206
182703,5.42456245574971
182704,3.6977486103459634
182707,2.95835065846276
182708,3.1255454974070345
182711,3.1790926914790685
182712,2.841999306901924
182714,2.3063680249654706
182716,2.7482097885023453
182724,4.5205367286379925
182729,4.635998920897868
182730,3.919677022899687
182733,3.5785691067257788
182738,3.4310448048182733
182742,3.5748055117097195
182744,4.251418825453602
182746,3.030018185977658
182752,3.0295693614446764
182757,3.1044972274212177
182760,5.079248698425257
182765,3.4660147731623274
182777,3.159166082428703
182781,2.906366964468054
182784,2.6062493646161946
182788,3.530270118818909
182789,4.593561597507966
182796,4.609125946321232
182797,3.172073165479064
182798,3.0789255081373463
182801,2.6832281907852313
182803,3.0422315993741242
182806,2.937406036769035
182807,3.0015226792932697
182825,2.5206195319784106
182830,2.8164109165749576
182834,2.480339336454966
182840,3.3957209130185126
182845,3.208860779392191
182847,3.6740248461794898
182861,4.121008923062995
182865,3.3037073191941264
182868,2.7326145746242974
182869,2.940219714160375
182870,4.602437343825562
182884,3.0650468794858323
182887,3.261921653655872
182917,3.548691727174951
182920,4.527510107891037
182927,3.970985739872604
182928,2.797994125392317
182929,3.54859688297309
182939,2.7033284808641866
182955,3.238904528425965
182958,3.6578059661964346
182982,5.083548673449839
182991,3.3591376174139604
183015,4.837564955157951
183022,3.5544680716239885
183023,3.783705161986175
183028,2.6704095853237897
183036,2.625540265082363
183037,3.1137016863151823
183041,3.0862550151628483
183051,3.2000015874816707
183052,3.2830577273160984
183057,3.0188668846206737
183060,5.11235067761572
183062,3.346462783785519
183063,3.67581870176355
183064,2.789517178358711
183069,2.8402739757208484
183071,2.5513976783895878
183078,5.086878929796229
183091,2.6812095514150767
183097,3.1086046945267602
183099,2.847729545972799
183101,3.5276659353510813
183108,3.0164072831992885
183110,4.060289737974288
183113,3.0150896279359447
183122,2.665656963020999
183136,2.98084914740341
183137,3.4557065823429713
183141,3.812432559031917
183143,3.7398592044832406
183153,2.7625923023325707
183159,3.056323090916985
183165,3.509517585802108
183174,2.956927106394777
183175,3.1935747413089888
183177,3.396441740569103
183178,5.283369491755083
183197,2.89506953289925
183198,4.09066273728024
183210,2.5025506066143683
183217,3.3982910816101914
183227,3.4216096660679467
183231,3.315250329224465
183233,2.727694141623432
183239,3.0982906831441297
183248,2.914722744983631
183249,3.3107859923358625
183250,2.6389326929755765
183251,3.777791206254062
183253,3.8178475137565684
183254,4.296855623605046
183255,2.7797748271948004
183257,2.7795399221507195
183261,3.28230080913001
183262,3.7636762676234206
183269,4.009005293327776
183275,3.305401361683339
183280,3.109397473176915
183293,3.368047806865891
183295,2.669291102134401
183307,3.0224363023149494
183314,4.740841922641078
183315,2.8327991922188493
183320,3.088527324351916
183322,2.7251795270246526
183325,2.9840027804973768
183332,3.2321450668322167
183336,3.7281419435906638
183342,3.114948159768647
183345,3.108333701263527
183365,3.45619402738905
183366,2.9096504596126684
183369,5.290116808318783
183376,2.9723108122508317
183378,3.8139572788943195
183384,2.8815814670734587
183387,3.4799921251553334
183395,3.5951745962409714
183402,3.748929362612416
183403,3.0128339441702785
183410,3.2111001189497426
183419,3.027960018312169
183421,3.1063468051753436
183428,5.475034463661711
183433,2.871472068332969
183439,4.534122813564499
183440,3.0109559002484603
183459,2.941461049260888
183464,2.904396075453325
183466,4.276987047205317
183467,3.3499945377717704
183469,3.134535460287861
183488,4.4943145849286275
183490,5.177224739485563
183496,3.0671610375542815
183500,3.0843546296183373
183502,3.234791355140257
183507,4.99604600712823
183529,4.6876190003466025
183531,3.472686152879954
183533,2.5978412599317418
183535,3.800642349911545
183543,3.10968553182638
183544,3.5847743654196575
183556,3.19306325635693
183564,2.791685881088454
183595,3.0619342958912887
183608,3.3146310600147513
183621,3.272534185920216
183625,2.6873193276860334
183628,4.286369132041946
183634,3.0456243308386877
183642,3.5555718348221594
183647,2.7763618212525296
183654,2.9540220967854007
183660,3.1064770040085867
183666,2.7966035804664067
183673,2.897896856671773
183678,3.517968436441656
183679,3.0042467124697723
183680,3.06981681521593
183681,3.557115756930709
183684,4.747526637267624
183690,3.344683556484153
183701,2.825506896647136
183705,3.7654710190797243
183725,2.3021561398326793
183736,3.142721129926577
183737,3.022180443672143
183743,3.5927009077635375
183744,3.0128339441702785
183749,3.887498465970901
183757,3.508461933938845
183758,3.5732754716964266
183759,2.9818308398709283
183762,5.573342767468538
183774,3.5537319749391076
183775,3.233050840440276
183779,4.709534075282022
183787,2.680597650797118
183798,3.1299809465736415
183804,2.9775491031325556
183821,2.4397653816138427
183822,3.8456519127924644
183825,2.794697138691402
183829,4.713197137219148
183833,3.379661787365743
183838,3.1064251784462362
183842,2.674170776857393
183853,3.240439369931104
183866,3.10830228613609
183867,2.668184457959375
183881,3.4688864264199974
183888,2.678493665780203
183891,3.0735551132884327
183894,3.006171215451894
183896,5.667343839160535
183919,3.108538894447838
183921,3.131720909259536
183924,2.3866636624497417
183925,3.8095863120863687
183929,3.178385183471668
183934,3.096588315415791
183935,3.5622339229637
183945,3.958383245811217
183949,3.359663953888367
183965,4.6323805862514735
183967,2.4408850118678984
183976,3.532337493877284
183989,2.2581292305742955
183991,3.0086449804322886
183994,4.374685337721287
183995,3.320925863661128
184003,4.215892582342148
184005,4.6143916253743065
184006,2.983619859953608
184010,2.9102292902137235
184017,3.1247284754929923
184018,2.542305851638474
184020,3.299892674852805
184026,2.8248329145219158
184027,3.00785584593449
184040,3.6035911154221845
184048,2.879633635659898
184055,3.349266968466913
184064,3.423966466324006
184065,3.3555902583347157
184085,3.017990326533903
184086,2.843573667937591
184099,3.1801768493479363
184102,2.9126182634387643
184105,2.8136176674728723
184106,2.515608041851558
184115,3.125375435804645
184129,3.0996970392919496
184156,2.565318405473477
184161,3.42816554726061
184167,3.1742009622459646
184172,3.0975132417817557
184175,3.002692123200208
184179,5.61595475152491
184184,3.0277646386233847
184188,3.087731660000715
184190,3.193859725688752
184191,2.8375207829544813
184194,4.588825893626683
184199,3.5459270662795204
184200,3.1032682248845265
184202,3.297422553524939
184204,3.1853306612276016
184212,3.150836090332151
184214,2.9799136921562415
184215,3.910741188968899
184219,3.971720384874229
184226,2.8127889697430324
184236,3.680115643306209
184241,3.501266319112509
184244,2.7320481187617274
184245,3.6247275195860023
184251,3.175276381396278
184253,2.6009569284035523
184259,3.2414586441928424
184263,3.0461748534208937
184267,3.380881343378314
184270,3.0025142280664214
184277,3.630095903241944
184286,5.032053119663717
184287,4.505876139031249
184290,3.137537768880594
184291,3.0578909585350362
184300,2.8283585719560156
184306,3.7882141601950283
184316,2.610329999968428
184322,3.3276732647760046
184325,3.2674748679804777
184337,2.773926414652082
184343,3.084966937135535
184350,4.510808458327674
184360,2.681867530876988
184363,3.3462805401802114
184371,3.055110682101071
184380,2.678834295555206
184396,3.087882780050308
184397,3.122543153874617
184398,4.348147826043695
184399,2.8475380225868068
184408,3.633993763253332
184411,2.6836443363420486
184427,2.916780752828165
184434,3.0551818241254285
184438,5.10583237143995
184439,5.577354451383574
184440,3.1137016863151823
184442,3.4009619245300127
184450,3.000948623878976
184461,4.568360432212851
184465,3.2097344043326097
184470,3.0531069333601857
184481,4.442908189345669
184488,2.60074070847549
184505,4.0721369064256026
184512,4.600673453303503
184520,3.650899225889862
184521,3.358896139155555
184523,3.5448616639142356
184525,2.885590357585998
184529,3.005061497179228
184536,3.4873299692171056
184537,2.970237360764829
184550,2.6762241484076266
184563,2.873543595543273
184578,3.121015445748288
184584,4.658651085944053
184587,3.86944190910754
184594,2.6329549933315315
184599,2.7468309597071565
184604,2.8388745703082705
184612,2.8722190708914006
184652,2.6485442274565645
184666,4.560994070931994
184670,3.1612580529930066
184685,3.3427903739688993
184687,2.9786994300943777
184693,3.177606788208701
184697,3.1335076527392216
184700,3.058022440055757
184702,3.1063468051753436
184716,3.316518798898678
184717,2.993067326351818
184743,2.7765724991664866
184755,4.448251469843258
184761,3.475178298708214
184765,2.540125440340973
184770,2.3788430217698258
184771,3.2479484744487714
184776,4.407456746112908
184778,4.709221973127771
184789,3.8787319748271445
184793,2.8196364611575344
184804,4.5639612950641
184810,3.8992262812404164
184811,3.763038801432284
184816,2.5978214044167682
184822,4.267697095450216
184825,2.8027503510420693
184829,3.494620624311505
184838,3.043177187036866
184847,3.384687342855565
184849,3.6386961229171058
184851,3.5231749998384823
184858,4.909217241072234
184863,3.280872272339486
184868,3.08898807290219
184869,3.200741571899141
184873,3.5881301855227816
184877,3.035315547493383
184878,3.502437357823261
184881,3.187868077124026
184886,3.0390925357743086
184890,3.042005797830354
184894,2.9699195044808198
184904,3.214432961152583
184911,2.9679404603980877
184916,2.9806264923664543
184924,3.0952535618541646
184934,2.7983288324030395
184951,2.8577095730800885
184957,3.0614295962757367
184959,2.8863469736666363
184964,3.8734359046943396
184967,3.0555384297003836
184972,2.3967120784690596
184982,3.497563265928939
184987,3.5784357879592497
184990,3.547922556320777
184991,2.5611744032536286
185005,4.619514977337091
185006,3.2145147176881403
185007,3.1063468051753436
185015,4.344876623360838
185030,2.962438835725524
185037,2.926765465177615
185039,2.38065056942222
185043,3.0929356900673026
185047,2.7846511660341378
185058,2.4934322905548503
185059,2.572877411285601
185060,3.3547375024177977
185075,2.9507706862620786
185081,3.817358132388361
185086,3.8273205347412675
185102,3.3817504916256103
185107,2.474379926134839
185108,2.9942929319571165
185110,2.8114124820286763
185116,3.6093612351547453
185117,3.203576206483947
185122,2.9708832973242205
185123,4.211280358333803
185125,2.590508790173391
185127,3.34429857866091
185145,3.603216784850247
185151,3.06046817867909
185153,3.0531069333601857
185154,2.959258465345776
185156,3.0448497505352647
185167,2.957671274992304
185182,2.970938814629758
185183,2.279896799338657
185190,3.2923881380575306
185191,3.0284552877045026
185193,2.3948898826866634
185196,3.0045670179764867
185199,2.877195091303672
185222,2.91709032784262
185223,2.559373955477057
185240,3.092426883432512
185245,2.8367639616925704
185256,3.323249587894775
185262,5.043571590357834
185269,3.0686573126442984
185276,3.603733438980081
185288,3.058670268426458
185298,2.671072875534792
185307,3.1445971444943175
185310,5.068094962711679
185320,3.7594947928598437
185321,2.981397868705604
185328,2.7033696252973995
185345,2.488279098315447
185348,2.552471867884458
185349,3.5451019574887015
185358,4.3123639893732575
185365,3.7761321867273177
185367,3.5945297818389763
185370,2.640436494352378
185381,3.374245800291726
185389,2.8966770235384107
185390,3.200064256993698
185398,3.003457744070064
185400,4.93570704814526
185402,2.761610715986357
185414,4.601353180944889
185416,3.5784181576465484
185430,3.045103129265769
185432,3.0974987277667996
185438,2.536883123895433
185439,2.916780752828165
185455,3.4801233858591356
185456,2.601022337754554
185461,2.839073891231786
185474,3.3922106364483753
185499,3.474050247077733
185509,3.2109727434543602
185510,5.020608999805075
185514,2.317453006000921
185516,3.671687026937575
185519,3.524352696169009
185526,2.7501056781003035
185538,3.015402501059698
185550,2.9873521214474983
185560,2.9031724307098803
185563,3.4468157746535715
185564,2.6796101175846716
185571,4.616490855874401
185579,3.0188668846206737
185584,4.96359559710474
185587,3.018019631200997
185588,3.471109762780029
185598,2.8859694730505674
185607,2.953881203372355
185610,2.9772717292172497
185611,3.225161788584867
185615,3.3736235771808993
185622,4.070478994856566
185625,2.569837311097738
185638,3.6218405238276192
185648,5.248536584848865
185659,3.931766388213635
185684,2.564554850908281
185689,2.9899942513784676
185700,2.861752999641183
185712,3.585693435618326
185714,3.9486214441666623
185724,2.7098450799607794
185733,3.1274392875213457
185734,3.1618503577324857
185736,4.813948671532804
185739,2.4732801738313466
185747,2.4965884082651044
185756,2.5764245193916984
185757,3.7283446464615144
185765,2.925778225697734
185769,2.8624055408337115
185784,3.7305817525222245
185791,4.605120266706825
185797,2.996353784859038
185798,3.617440543372433
185809,3.25590652400607
185813,2.973613766791156
185821,3.5661983656327854
185828,2.920833478767857
185829,3.084966937135535
185839,3.055123424022314
185845,3.629656858348182
185846,3.155990460901502
185855,2.928863150881802
185858,2.7033284808641866
185869,4.151374446623192
185877,2.9802757163995395
185882,2.9549755073907256
185888,2.677896465805849
185899,3.0929356900673026
185911,3.1299849738678938
185912,3.2549281830424373
185921,2.659159808509177
185925,2.9150367664758376
185932,4.368050685136282
185938,2.847561131650757
185939,3.3165619862124514
185955,2.963429133051844
185956,3.1274392875213457
185971,2.501696889375254
185977,4.475256474974781
185981,3.181766282118889
185986,4.589288816432962
185993,2.8285010411867306
185998,3.5040717121270113
186010,3.547941862278011
186025,2.95424290019201
186040,3.0397620773138088
186041,2.9836570279357097
186057,3.2774606842356393
186069,3.6969136205038704
186073,3.411289651334318
186087,3.075496917893308
186089,2.5240958926487163
186104,3.795341054850228
186113,3.12279691741545
186124,4.30364001211915
186128,2.719989298316668
186131,2.794903343510605
186141,2.944398718180607
186143,3.8338529127735614
186159,5.347775691145417
186162,3.0562918697740526
186170,2.660387089059134
186174,4.363116193321853
186176,3.4601823490394406
186177,3.300968667364213
186180,4.5966474396852846
186194,3.023647825243398
186231,3.3328395379074403
186245,2.6329549933315315
186256,3.638893255741693
186261,2.97367885463999
186265,2.9168519919331817
186266,2.4803121880738987
186271,3.3001894760038324
186272,3.0425922268360743
186276,2.668184457959375
186277,4.63104242611492
186297,3.583052082784018
186305,3.1838679482945538
186308,3.090381685185263
186311,5.053105861038051
186312,2.678657464097471
186317,3.0590619866860718
186318,3.0082686620600705
186319,3.2250678092459513
186320,3.917142252838259
186322,2.9035796474405626
186329,3.7665407021722785
186341,4.270255115233258
186361,2.967208249929406
186365,3.624718120242109
186372,3.4895769264660386
186374,2.6371639994022478
186380,2.7914620380832345
186390,4.149483769416053
186398,2.568692015707841
186400,3.4688780805378325
186405,2.8330892978714224
186406,2.6329549933315315
186413,2.78747781712451
186417,2.940219714160375
186424,3.440501962910311
186425,2.5607314572266247
186434,3.1999675732259605
186440,4.931329045224608
186445,4.33719755061408
186447,4.518510288508095
186449,3.201236988061118
186467,3.3136117816196027
186471,2.7088375112016005
186477,2.840392920286997
186498,3.252305126253182
186505,3.851767144193615
186507,3.16422298316622
186508,3.0300574667691778
186516,2.908403842859533
186528,3.0650468794858323
186538,3.694426313389635
186559,3.625069653231002
186561,3.655375296437512
186562,3.2155766089679387
186565,4.524330139760006
186566,2.9463185579779654
186576,5.10583237143995
186589,5.316483134722616
186591,3.991435986993294
186596,2.901000477984018
186599,2.9940354825184823
186600,2.9115831972808985
186604,3.532469868728447
186614,5.246213899228216
186615,5.537230673624339
186619,3.0963001318664123
186620,3.5463913353537038
186621,3.187150188657305
186640,2.9818308398709283
186650,3.761167489453253
186656,2.7801013549433398
186662,4.24851646970437
186684,3.1709399213293565
186696,3.5427494878048753
186708,3.0668278777643936
186713,3.13801650877203
186718,5.087316527036064
186721,3.405619317158374
186724,2.7828763243627455
186729,4.150846602878517
186730,3.636913182041887
186752,3.275768920661018
186774,3.162030980291613
186782,4.449341649648519
186784,3.3753017285137656
186792,3.0804126628462782
186796,3.1063468051753436
186804,4.040665026049711
186807,2.8486416849502527
186849,3.6225060514169476
186857,2.834211769639356
186862,3.0307479921996645
186875,3.936206490207865
186876,4.615710640969187
186892,5.147368077065977
186895,5.040405336462835
186896,3.4075564112893684
186898,3.3128175733229055
186900,3.1233495208924884
186901,3.085067739760455
186910,3.302651651491615
186911,3.056706761874061
186916,3.6293550443657376
186920,2.672336721618975
186933,3.106557527945521
186937,2.5734662758754503
186939,3.6207282196322046
186945,4.634942864613089
186949,3.0531069333601857
186956,4.905192474587474
186960,3.2235497673075386
186963,3.1574714746418886
186982,2.4445678097824057
186992,2.998495315493687
186993,3.3236223336484643
186996,4.498432110644288
186997,3.335840482593653
187003,3.6750501812643046
187004,3.054703431035035
187007,3.1431006499465233
187010,3.1885580114670824
187016,3.320181678814743
187023,3.28695340743879
187032,3.0150896279359447
187043,2.9992176301565676
187047,4.0745160709603025
187053,4.353346884549591
187055,3.8899245216974174
187060,2.8144402984687344
187065,3.314207639097819
187066,2.5527899042305378
187069,3.105798540323218
187082,2.7809767669386436
187106,3.556684093410532
187126,3.65847212722891
187130,3.611760160093189
187132,3.2549392041322927
187135,3.25634221139101
187137,3.7143203101541413
187141,3.0395972066115706
187147,3.842608479716464
187157,3.328473314850662
187159,3.242652092218513
187164,3.764436107636759
187174,3.092256558517996
187183,2.8475380225868068
187197,2.8528336874910813
187199,2.6874156757689684
187201,3.9387750643049557
187208,3.098747377233244
187212,3.2425903103553417
187214,4.652799638790959
187215,3.0284180097068996
187216,3.035315547493383
187217,4.617063154347934
187220,3.104149145281959
187228,3.280090217738586
187229,2.283019824287825
187240,4.988605572463749
187249,3.0908942923635534
187268,3.5627403513227645
187271,4.564222544412313
187274,3.1761041238664847
187288,2.5544678871051554
187290,2.9576585922581327
187299,2.9844503474006907
187303,3.2003509248638458
187318,2.9878301625550954
187324,2.860716476520071
187328,2.922682066634361
187330,3.488217811140873
187333,4.295390591407062
187338,4.773361440507411
187339,4.790440823247314
187345,2.720485735793122
187350,3.0356858011878094
187353,4.622041162137981
187373,3.429490689594321
187376,3.990398148854063
187395,3.223202019459082
187411,3.5982603677083307
187414,3.1939630150150924
187417,3.2700884692702235
187425,4.050629393139077
187426,5.73714795745432
187439,3.0042580466304023
187444,3.399827246621449
187450,4.695205633012386
187454,3.802171878938225
187458,2.7593357331738395
187476,4.007668514550134
187486,5.163991836499156
187491,4.595070802490856
187492,4.558469594559275
187495,2.9271605539586236
187501,3.886278583122376
187502,3.003450398571108
187507,2.883402189658601
187508,3.144628469859993
187509,3.048021783994198
187510,3.1196877032717154
187514,3.453623035375381
187515,3.744917713715831
187519,4.643651296736347
187523,3.550835813737093
187533,3.0693375410202903
187537,3.1981775548785563
187538,3.0540764376078324
187540,2.7336289099593913
187550,3.1135251133315367
187552,3.0712686668613696
187573,3.615416219476393
187574,3.674416956910262
187577,3.026174600526466
187579,4.650442513314697
187581,3.2353923833340628
187582,2.6880640318201636
187600,3.646124449240606
187612,2.9646582372887664
187620,4.152841388573782
187628,2.724794256291985
187629,2.61009705720994
187635,2.6351256742168196
187638,3.0456243308386877
187650,5.448691031530579
187651,2.988807659592715
187654,3.5211983751449796
187655,3.5599602158208192
187656,3.087731660000715
187658,3.1227132717314565
187664,3.647149001743906
187669,3.3411045967332202
187672,3.8069943552661645
187676,3.5088827447569098
187681,3.002692123200208
187687,3.3565158393712844
187697,3.1072353466413913
187699,3.094427650357706
187700,3.163727967394711
187713,3.3894454676162953
187748,3.5447764655163616
187750,3.0457203531030284
187758,3.656866995236807
187766,3.2791790114901893
187768,3.2943671306058864
187772,2.658009005960323
187774,5.029962292530312
187781,3.376517276722492
187785,3.0474889387463784
187786,2.588102270781439
187790,3.620390299306
187793,2.782406174799334
187800,4.597854136756919
187802,3.5772834928237094
187805,2.68034540702591
187824,2.3109353645493753
187826,2.9935159115753844
187831,3.0030431018243857
187836,4.996590022168137
187838,3.3904037850637576
187844,4.232892975981236
187852,4.5224593713242385
187858,2.866494298650444
187860,4.045116274774382
187867,3.343700775461385
187874,2.7226181764206063
187881,3.01963700229721
187886,2.5369844946075237
187889,3.3736745973794973
187895,3.061523239240555
187897,3.66407613477583
187899,3.581199557795026
187901,3.022644106477046
187905,2.363084304411414
187913,4.062045453102834
187932,3.252339406985144
187933,2.699470804146493
187944,3.1344684014786393
187952,2.9809261826590667
187954,2.770693332166853
187956,2.555949754304763
187966,4.746169425619712
187971,2.7791457170057465
187972,2.6146942043044543
187973,2.4496315104903026
187977,3.9335218970228083
187989,2.791260445673121
187993,4.4721051712169055
187999,3.4372359921920346
188001,3.2947254402670216
188004,3.6223953506984206
188011,2.941333046821867
188014,2.9630827094867276
188015,2.734914962235977
188021,2.4466827431319738
188030,2.6734785444592912
188033,3.2645228315103796
188036,2.8126556406269336
188038,4.194129311672038
188045,2.9818308398709283
188057,3.2492985920722184
188060,3.4814168670903607
188064,2.5321809452030255
188074,3.052991036540348
188075,2.494553588294912
188077,3.1063468051753436
188082,2.8415544824268144
188083,3.454620680713199
188089,3.4603614156731224
188090,3.3975975378536063
188094,4.544287336817439
188098,2.892328666605896
188099,3.531255599426995
188100,3.6013955625237073
188106,3.9995837753751275
188109,3.6488663924238196
188113,3.104117088605804
188118,2.97367885463999
188128,3.374529922475759
188137,3.092426883432512
188139,4.365259735864656
188140,2.493104978130587
188147,3.945565846906825
188159,2.6645777499566785
188160,2.60934722056001
188163,2.877487660358257
188169,2.9817338809494593
188181,3.6037550738571706
188201,3.1480062725621236
188202,3.0457203531030284
188211,3.5516456701643255
188213,3.927757409069226
188221,3.6381525735320004
188223,2.561337827936598
188225,3.6385500707842895
188226,2.904396075453325
188237,3.0457203531030284
188245,2.9832182302420356
188246,3.011709017388215
188252,2.6241337444935824
188278,3.653197749391228
188284,2.832056292017027
188289,4.626395514780707
188290,3.626328430831769
188291,3.5616056214672605
188311,2.9461678927430657
188313,3.449702003430897
188314,4.482312030312606
188324,2.780074947767217
188325,3.0062691874236815
188326,3.0488301277416974
188331,2.887971276208294
188332,3.0941575921767566
188336,3.242870519863811
188353,2.86541328046209
188356,3.3699872303617444
188359,3.4490852850944522
188363,3.8297146971432814
188364,3.10884690470961
188371,5.00199571045254
188376,3.354346800113974
188394,2.3363839601882965
188401,3.208504433942512
188406,2.9842088892292384
188413,3.1351281886096114
188417,3.3055083332240214
188429,2.7430354946405004
188432,2.742474023885337
188437,4.8014806456692884
188444,3.1205332127748173
188447,3.6478696336445617
188449,3.65041720544993
188453,3.8983076834475314
188456,2.982817165216273
188468,2.913174543352968
188486,2.9871585124097173
188489,2.802898764135592
188490,3.098866652655352
188500,2.7358244839115238
188503,3.2207823609673416
188509,3.0775596769978253
188510,3.2418466028310657
188511,4.035895652652964
188530,3.435803938136723
188532,2.719251358053647
188536,2.482633278279216
188545,2.8962046979406697
188549,3.3623528464427332
188551,3.0555384297003836
188555,3.0595883766233705
188558,2.681203162151859
188565,3.3278373785554614
188567,3.038284610774077
188579,2.5123744555712615
188594,4.914084557459726
188605,3.0266724724012146
188606,3.2035137358510344
188610,3.3344976716947925
188619,2.736608958525469
188641,3.545603065668045
188648,3.568815960298902
188652,5.763845797350766
188674,2.999982205902326
188685,2.8157576111995235
188716,4.580839291315067
188722,2.335406438098093
188726,4.684248759718382
188739,3.101222771776016
188741,3.600118323860347
188743,5.380719295625092
188744,2.81636445407359
188746,2.9066686515809654
188748,2.714461239653629
188752,2.8433837052279696
188754,4.9019768176251235
188757,3.206227102710569
188770,3.176075259147038
188774,3.5331607298937646
188783,3.3696140047458707
188791,2.771331653187242
188795,5.233107491798078
188796,4.585666514471718
188799,3.391289643585473
188802,3.3631555170631593
188816,4.406050091796914
188825,3.5148467688175393
188826,2.9855204981666708
188830,3.0673624121771104
188834,3.3261253088657985
188839,3.220846876371994
188842,3.5048659766084027
188846,3.438256973919648
188847,2.5825817185531634
188849,3.1447222122233116
188852,3.0905101184600823
188854,3.025606612269364
188856,3.2828131650769503
188868,5.657261589795103
188876,2.685830136192349
188880,3.113216902650257
188884,2.961644346934937
188889,2.9775491031325556
188893,3.118335464735596
188895,2.8475380225868068
188897,4.049889859189678
188899,3.555643853142585
188900,2.9775491031325556
188903,3.4822967071235897
188904,2.6241337444935824
188905,4.422580111765107
188918,4.56933114247927
188920,3.7690686027815286
188925,2.6880640318201636
188939,3.094427650357706
188952,3.184202980897289
188958,2.986642131450077
188963,2.62656071499736
188967,3.6134175007398026
188975,3.0406328067140413
188979,3.107473342349014
188986,3.0636411501500938
188991,2.874915077991081
188997,3.5587442316767546
189005,3.295577618825873
189006,3.6420864304912364
189015,3.023094538737246
189016,3.157786694364967
189020,3.4159366844114185
189032,4.642978526458549
189039,2.555949754304763
189057,3.2156734509225466
189064,2.9806549130379527
189084,2.4089012402225007
189087,3.588441521900653
189095,2.9690623104960645
189097,2.568692015707841
189106,3.726092660780821
189111,3.125375435804645
189112,3.3225794490603446
189138,2.7545330878766614
189141,3.5113393814631895
189146,5.092910968866735
189151,3.0262034569300833
189154,2.811087400448624
189158,3.0590619866860718
189159,3.112061266233405
189169,3.5261240984157287
189174,3.0650468794858323
189184,2.9705805777222456
189185,2.6824372228597064
189186,3.9471963984380776
189192,3.2904818966799345
189194,4.526064145736871
189212,4.642978526458549
189214,2.8025003158738695
189220,2.8234272611184634
189225,3.2492403811898822
189229,4.59160724744002
189251,2.8886799174305446
189256,3.919038235761227
189259,3.6527344400320247
189261,3.405986911756786
189267,2.736259495383904
189272,2.6592712177283633
189281,3.014789697204955
189287,2.609207036079416
189289,2.9518452021207016
189295,3.0828895436913917
189298,4.3692973237680865
189300,4.620178017170413
189302,2.52174307304514
189303,5.021318182398936
189306,3.749889592170546
189341,3.934102498553667
189347,3.5182957793573717
189353,2.825506896647136
189356,3.2800023555114874
189370,3.788886334087789
189374,3.0816006220946504
189383,3.9278412769915008
189386,2.9174974099693194
189394,3.1244223505662494
189401,2.9563607499224576
189420,3.1315383062610405
189428,4.571520117195374
189431,3.7641929886557035
189433,3.1274392875213457
189450,4.616151312815894
189453,3.111778590062505
189456,3.0979507400884536
189460,3.567380035386886
189466,3.086283518052627
189472,3.015929033397959
189481,2.3857621024249314
189482,3.0166126116405216
189483,4.005279106957215
189486,2.677896465805849
189488,4.538133319346495
189496,2.2186183829781134
189504,3.9494594903300344
189512,3.523662243060752
189515,3.3442869730436433
189524,3.314327177400983
189532,2.7331864605510114
189545,4.57274014522201
189548,2.365580466817286
189550,3.5831128760879096
189559,2.9652816925799974
189565,3.8456013521303594
189566,2.834688199387043
189572,2.8007415616023983
189577,4.410186672497985
189582,3.054703431035035
189583,3.092321386281743
189607,3.132918322939584
189610,3.182437224317862
189617,2.8337725782110734
189619,3.002692123200208
189621,3.55165286242974
189645,3.249724796269228
189653,3.131720909259536
189654,2.8989015605456463
189655,2.9840027804973768
189656,3.053739408013597
189657,3.137422834506622
189673,3.225722935296472
189682,2.9792430613873777
189700,4.493201180428061
189701,3.5313507597373555
189706,3.382880666770934
189715,3.0428528792205007
189716,3.020879948587206
189727,2.6700819664163076
189733,3.1899259245195064
189736,3.121015445748288
189737,3.093747004945137
189739,3.65290648113154
189744,3.0937374751527082
189767,2.6171602620663945
189768,3.061860911988232
